10/19/2023	22:10:89	961264fc-91f0-42a7-bdc7-2d2cfc497a2a	GET	/	undefined
10/19/2023	22:10:91	481d67d0-d262-4c84-b94a-aa04ae5c2b65	GET	/css/style.css	undefined
10/19/2023	22:10:92	40289897-1008-4fa3-908f-c214cd8580a9	GET	/favicon.ico	undefined
10/19/2023	23:10:32	75b04176-7355-4042-a091-a207356225ab	OPTIONS	/	https://www.google.com
10/19/2023	23:10:52	ca1ba80f-3e5b-417e-94ab-80e213177830	GET	/	https://www.google.com
10/19/2023	23:10:66	fd941372-12bb-467c-95da-dc8565279eb8	OPTIONS	/	https://www.google.com
10/19/2023	23:10:67	3c9e8ee2-43e8-41ab-a5da-f938496849f0	GET	/	https://www.google.com
10/19/2023	23:10:96	0883d3eb-bbc8-40cb-a67b-a83ad6c9fde0	OPTIONS	/	https://www.google.com
10/19/2023	23:10:98	ce984e85-4ae7-4f6d-8303-7edcadc1d91b	GET	/	https://www.google.com
10/19/2023	23:10:04	013280c1-32e5-4eab-b0c8-caef7d7275cc	GET	/	https://www.google.com
10/19/2023	23:10:62	38331e1a-61ac-4e56-8fc7-82cda5d5c784	OPTIONS	/	https://www.google.com
10/19/2023	23:10:64	4c90f8d0-a3a0-44fc-a7aa-311b95ea8994	GET	/	https://www.google.com
10/19/2023	23:10:12	a82c4d21-e4ae-4830-8f7c-d7499e5fc667	OPTIONS	/	https://www.google.com
10/19/2023	23:10:14	66abc213-44e4-4b22-99b7-fe9360ca819f	GET	/	https://www.google.com
10/19/2023	23:10:72	187dc527-3e69-4f3d-9993-b81ad6cf45a1	OPTIONS	/	https://www.google.com
10/19/2023	23:10:74	30700df7-03e7-4ade-ad76-6239e776139d	GET	/	https://www.google.com
10/19/2023	23:10:16	276b48ca-b14e-4c60-8ed4-0f6a5ca5253c	OPTIONS	/	https://www.google.com
10/19/2023	23:10:17	81dc34b5-d651-448a-95a3-cc3141b3f652	GET	/	https://www.google.com
10/19/2023	23:10:73	9b7f7958-a152-4363-9049-4c75e319f8c5	GET	/	https://www.google.com
10/19/2023	23:10:76	48440320-9466-4d39-9ff9-7cd83651b66c	OPTIONS	/	https://www.google.com
10/19/2023	23:10:78	d8405724-d8bb-491d-a654-7e7b3694377f	GET	/	https://www.google.com
10/19/2023	23:10:35	3e0f6a1d-033e-43e5-af62-3d5a324b47f2	OPTIONS	/	https://www.google.com
10/19/2023	23:10:36	c4ae3268-20c6-4be9-9474-1881944e292e	GET	/	https://www.google.com
10/19/2023	23:10:30	16dcc0a1-6572-45f1-9f62-7741e96c586b	GET	/	https://www.google.com
10/22/2023	15:10:17	cb616a32-ec32-4480-8384-89408b333ba5	GET	/users	undefined
10/22/2023	15:10:35	9ebccb65-e4bd-4e1e-a620-d0899b485305	GET	/users	undefined
10/22/2023	15:10:03	1c947ed7-6621-4cf0-adb8-88096834de53	GET	/users	undefined
10/22/2023	15:10:72	99a76488-0617-4445-bf24-286cde66afb4	GET	/users	undefined
10/22/2023	15:10:93	8418ec06-9246-46a5-85f7-3be82094910b	GET	/users	undefined
10/22/2023	15:10:01	955b8127-f6d4-4735-ae45-8a118208dd7c	GET	/users	undefined
10/22/2023	15:10:87	74c783e8-d0c9-493a-929c-6bea3e21e290	POST	/users	undefined
10/22/2023	15:10:87	a9f58c4a-bd87-4438-96bc-2e67f0892106	POST	/users	undefined
10/24/2023	01:10:90	ba51f8b8-8328-4e79-814e-edd770bfaa58	GET	/users	undefined
10/24/2023	01:10:48	e797bbfd-e9a9-48d3-b4cf-ef215e23b413	GET	/user	undefined
10/24/2023	01:10:27	677274a2-9870-4224-b54b-360728819dcc	GET	/users	undefined
10/24/2023	01:10:58	f0f36b6f-3c2c-4ca0-abc5-f40b9a8f803b	GET	/users	undefined
10/24/2023	01:10:11	e842d46b-fbea-415a-8e66-b996c1c9d2b2	GET	/users	undefined
10/24/2023	01:10:39	164ced72-16b7-4b56-8950-bed5d862122e	GET	/users	undefined
10/24/2023	01:10:94	cfba2dc2-f151-4432-97de-c0decf6d00c2	POST	/users	undefined
10/24/2023	01:10:81	aef55ba8-961d-4260-b744-2c46134eda18	GET	/users	undefined
10/24/2023	01:10:92	3a0666dc-62b8-4b80-84ee-147925acb8ae	GET	/users	undefined
10/24/2023	01:10:79	826c9aec-6109-4e89-87d2-70c5866b5320	GET	/users	undefined
10/24/2023	01:10:97	3106cfad-ec3b-48ea-84fa-107ce764920a	GET	/users	undefined
10/24/2023	01:10:26	597126c2-14dd-4178-b931-f257d3b8fb30	GET	/users	undefined
10/24/2023	01:10:17	71dc0547-a3c8-457e-b438-760be4ec1799	POST	/users	undefined
10/24/2023	01:10:17	9906ac2b-7b83-4811-ad64-adb0a6056da0	POST	/users	undefined
10/24/2023	01:10:24	674da060-efb0-4e60-b9c3-6f783dc01c8a	POST	/users	undefined
10/24/2023	01:10:13	0c350996-57d9-4bff-9bfe-5709d8676d29	POST	/users	undefined
10/24/2023	01:10:76	f8ef156a-424c-4e53-8631-47fe0addd1d7	POST	/users	undefined
10/24/2023	01:10:38	19384e65-9b7c-4952-928a-b35bddb1d2fc	PATCH	/users	undefined
10/24/2023	01:10:97	b5bdf662-2aba-49ce-82b2-b33dff8cca8f	GET	/users	undefined
10/24/2023	01:10:31	ea2ae99b-5821-4573-ab06-3b49cbd10dd7	PATCH	/users	undefined
10/24/2023	01:10:03	43051d92-60f6-4dd0-8367-1a8f6c085e4f	PATCH	/users	undefined
10/24/2023	01:10:71	d468b980-326f-45c9-a7f3-712e37e902c3	PATCH	/users	undefined
10/24/2023	01:10:08	60802065-1ab7-4a94-88da-bf66bc520a0c	GET	/users	undefined
10/24/2023	01:10:66	46d4931f-107d-4755-8e06-21af2467c57d	PATCH	/users	undefined
10/24/2023	01:10:03	29d56168-470c-461c-88dc-a1cb267b9078	DELETE	/users	undefined
10/24/2023	01:10:14	63d6e138-a2ba-4642-ac57-455befb52363	DELETE	/users	undefined
10/24/2023	01:10:13	091f34b9-e51d-44ca-a558-5b4c45a8b27a	GET	/users	undefined
10/24/2023	01:10:84	bc19ad23-ab47-49de-af95-5656cc69a7a3	GET	/users/6536f2b1c7834afd237ce549	undefined
10/24/2023	01:10:15	c1aa57d1-45c3-42d6-a3cb-e12344d38f0d	GET	/users	undefined
10/24/2023	01:10:66	dea8eb61-cb1a-40f1-af70-e53a736b02a2	GET	/users/6536f4341f4d357d63924521	undefined
10/24/2023	01:10:15	4346f83f-26b1-4b04-9dbd-0decbc8025ff	GET	/users/6536f4341f4d357d63924521	undefined
10/24/2023	15:10:52	dd202181-9250-4470-a68f-2f3f6a74abb0	GET	/notes	undefined
10/24/2023	15:10:97	f60ad0f6-f927-482e-bb10-ce7191131ad2	GET	/notes	undefined
10/24/2023	15:10:87	8c928dc9-5ed1-4769-b5d5-40872c3641e6	GET	/users	undefined
10/24/2023	15:10:89	c5161fe1-c403-4972-98b8-3b871ecdb5b3	POST	/users	undefined
10/24/2023	15:10:71	8e7d5a68-366b-41d9-90a6-016757817ebc	POST	/users	undefined
10/24/2023	15:10:96	3952d305-0849-4fa3-8f7d-9885693a68cb	GET	/notes	undefined
10/24/2023	15:10:85	0e389143-c4cf-401d-9758-ef8808859cf2	GET	/users	undefined
10/24/2023	15:10:37	f5387c37-d059-44c7-b6b0-f8c0f09987be	POST	/notes	undefined
10/24/2023	15:10:78	7ac99aeb-a831-470f-a7f7-fd35328218a3	POST	/notes	undefined
10/24/2023	15:10:62	0610e6c9-5aef-46ce-95b7-af455e47d7ff	POST	/notes	undefined
10/24/2023	15:10:77	27cdccc0-55bb-4db8-b2a8-95bbc7309ad6	POST	/notes	undefined
10/24/2023	15:10:57	0039fd67-53ba-4437-a4a2-049c272c8b5d	POST	/notes	undefined
10/24/2023	15:10:33	f2d7b666-cbf6-445e-a277-9bef73820bb6	POST	/notes	undefined
10/24/2023	15:10:80	95b3f299-a870-4599-bd70-441d6ebc9b19	POST	/users	undefined
10/24/2023	15:10:94	d89748be-8228-47b8-90e0-ecb1d94d357c	POST	/notes	undefined
10/24/2023	15:10:47	c0b29813-01c0-44b3-af8c-021cbc59a837	POST	/notes	undefined
10/24/2023	15:10:51	7974caa3-9009-4abd-8914-54a10bdc4762	POST	/notes	undefined
10/24/2023	15:10:66	e2db28ef-561a-432a-b169-55585322421f	POST	/notes	undefined
10/24/2023	15:10:00	5411ce3c-404b-48ba-88fb-ea3220f10a93	POST	/notes	undefined
10/24/2023	15:10:58	181199b5-1779-4dfc-abd8-ffe43b4beafd	POST	/notes	undefined
10/24/2023	15:10:61	c3688ba3-9017-4682-9a14-a11ff00a2b1b	POST	/notes	undefined
10/24/2023	15:10:34	73085159-22f9-4c9f-88f7-c0fe8049bb71	POST	/notes	undefined
10/24/2023	15:10:91	077122ce-0b2e-42b2-8e53-c5fb048a8372	POST	/notes	undefined
10/24/2023	15:10:82	5b1b2161-ae7c-432a-882d-b070a9a75670	POST	/notes	undefined
10/24/2023	15:10:15	408dec08-f8d0-40f4-8df8-d5976ea9983d	POST	/notes	undefined
10/24/2023	15:10:69	9cbf5ec2-a3e4-498d-bdc8-b7151f56b74d	POST	/notes	undefined
10/24/2023	15:10:19	8fdff8da-0d31-495e-8a38-b23390176c4f	POST	/notes	undefined
10/24/2023	15:10:78	9159ec83-cc2a-4f1a-a9da-842d11a6ab07	POST	/notes	undefined
10/24/2023	15:10:43	15cb629f-2250-4b2c-9a7a-f6995b152512	POST	/notes	undefined
10/24/2023	15:10:23	659bb17a-66d2-4163-bcb7-cc8143015c09	POST	/notes	undefined
10/24/2023	16:10:83	18dded7e-029a-48c4-a527-1a167a252f83	POST	/notes	undefined
10/24/2023	16:10:80	58d77f08-31f3-42fa-ae7a-32d3cfd8f325	POST	/notes	undefined
10/24/2023	16:10:16	ace4cb0b-d28f-43f5-9995-769ee6d035d4	POST	/notes	undefined
10/24/2023	16:10:09	7cb5fe9a-2cf9-41c0-a4a8-dd7c6c815996	POST	/notes	undefined
10/24/2023	16:10:33	19b50d21-2740-4b7f-8a7b-849f32be6d4a	POST	/notes	undefined
10/24/2023	16:10:46	d78ab584-cf7b-4215-98bc-a2f2ef6a6868	POST	/notes	undefined
10/24/2023	16:10:57	8bd4f1ef-9730-4a0f-9354-b9763b0e8e21	POST	/notes	undefined
10/24/2023	16:10:15	fce05caa-75da-4a06-b93c-1f9478172be9	GET	/users	undefined
10/24/2023	16:10:47	f8b4a1a8-d60a-44d2-9afa-50b0148a95b2	POST	/notes	undefined
10/24/2023	16:10:58	cd1fc3bb-55cb-485f-8355-00aa2ea898af	POST	/notes	undefined
10/24/2023	16:10:69	7d41a5d7-366b-4bca-84a3-68b88a731366	POST	/notes	undefined
10/24/2023	16:10:91	ab783243-32cc-40af-8fc5-38f046830e4b	POST	/notes	undefined
10/24/2023	16:10:02	5dd7299c-9e31-47db-9cd8-62d3d79f89f1	POST	/notes	undefined
10/24/2023	16:10:90	0d637746-25f8-4905-a29e-213f3e033bc7	GET	/notes	undefined
10/24/2023	16:10:58	d6657128-e0f2-469e-b910-ac8c1de41041	GET	/notes/6537b485062f28f39110bafa	undefined
10/25/2023	19:10:29	e1f8add4-14bb-41dd-b38c-0a566d29664e	GET	/notes	undefined
10/25/2023	19:10:34	92c31788-5466-4b9e-a516-4e8354e7f7c8	GET	/notes/6537b485062f28f39110bafa	undefined
10/25/2023	19:10:11	64ca9bf7-ae62-422c-b45a-5e8215d0cb5d	GET	/notes/6537b485062f28f39110bafa	undefined
10/25/2023	19:10:02	396ed6eb-243a-4208-96f5-37a1e54a1d20	GET	/notes/6537b485062f28f39110bafa	undefined
10/25/2023	19:10:62	0ab25d45-6016-46de-b550-4545d1f001d7	GET	/notes/6537b485062f28f39110bafa	undefined
10/25/2023	19:10:83	1c3b6724-8a4f-46de-a9c7-2a5eb32b26bc	GET	/notes/6537b485062f28f39110bafa	undefined
10/25/2023	19:10:23	d0ae5671-9993-46ec-9a66-38192d39069a	GET	/notes/6537b485062f28f39110bafa	undefined
10/25/2023	19:10:77	0cadd481-03f2-4069-8a15-50278356a2ee	GET	/notes/6537b485062f28f39110bafa	undefined
10/25/2023	19:10:48	168ce455-f89c-4bce-b6a1-59f258274cc3	GET	/notes/6537b485062f28f39110bafa	undefined
10/25/2023	19:10:75	1ed7cb94-eeca-4c20-97a3-ccff3b8eb3f0	GET	/notes/6537b485062f28f39110bafa	undefined
10/25/2023	19:10:69	d328d862-87e3-41e7-9494-3b87ba445e67	GET	/notes/6537b485062f28f39110bafa	undefined
10/25/2023	19:10:16	64bf7f26-070c-44ec-b55b-96973900dfb9	GET	/notes/6537b485062f28f39110bafa	undefined
10/25/2023	19:10:82	dffe1cb4-c575-40ef-a084-a060f04f2c91	GET	/notes/6537b485062f28f39110bafa	undefined
10/25/2023	19:10:19	7f6e6d4b-3aaf-4e83-8697-3567fd8a69cc	GET	/notes/6537b485062f28f39110bafa	undefined
10/25/2023	19:10:55	440b1a71-3a34-4c95-8d21-8eb4a2cc77ba	GET	/notes/6537b485062f28f39110bafa	undefined
10/25/2023	19:10:74	496eaa38-5d6b-466a-a4d5-c80e8a6251ee	GET	/notes/6537b485062f28f39110bafa	undefined
10/25/2023	19:10:06	462c179a-0b37-41f3-87ae-dc5daeae6251	GET	/notes/6537b485062f28f39110bafa	undefined
10/25/2023	19:10:39	bdf1c65f-cf1a-4a20-bf9a-dddcdebb7527	GET	/notes/6537b485062f28f39110bafa	undefined
10/25/2023	19:10:22	d63ccef5-3ae8-4d36-b9ff-a7ebe48c15d0	GET	/notes/6537b485062f28f39110bafa	undefined
10/25/2023	19:10:90	6a34c16d-0fd2-408a-af04-fa0ece81063e	GET	/notes/6537b485062f28f39110bafa	undefined
10/25/2023	20:10:05	632736c8-f13c-494b-b966-13e055f22d0d	GET	/notes/6537b485062f28f39110bafa	undefined
10/25/2023	22:10:37	7f544daf-3c76-433a-a31f-5608bcb4952c	PATCH	/notes	undefined
10/25/2023	22:10:69	6ecb540b-7d2e-4922-a769-c29bd72ab7c2	PATCH	/notes	undefined
10/25/2023	22:10:63	f14eecba-9134-46f9-8ca7-6ab1ae361fc7	GET	/notes	undefined
10/25/2023	22:10:96	8da6f8da-5ff8-41b3-b661-6f793e9524bb	GET	/notes	undefined
10/25/2023	22:10:88	4fcc1f55-9a24-4072-999e-e5668bb52a01	PATCH	/notes	undefined
10/25/2023	22:10:57	dba9fc2f-f6b0-4411-a441-b8d27f69f098	PATCH	/notes	undefined
10/25/2023	22:10:39	b66cfcb4-b807-4640-b046-8c1012216136	GET	/notes	undefined
10/25/2023	22:10:57	463c9a45-64f8-4e0e-acfd-c04e77be88cd	PATCH	/notes	undefined
10/25/2023	22:10:18	9b99e31c-6faf-4111-9164-1cfc5bc55d15	PATCH	/notes	undefined
10/25/2023	22:10:87	a04dcf83-0780-4cad-bf47-614595fef5da	PATCH	/notes	undefined
10/25/2023	22:10:76	9de595ec-f90e-400d-8704-a2a972e18ee1	PATCH	/notes	undefined
10/25/2023	22:10:84	83c62186-cbe8-42dd-8cc0-499a31d68e78	PATCH	/notes	undefined
10/25/2023	22:10:17	8848806d-c394-4bb5-814d-c7a814faf0a5	DELETE	/notes	undefined
10/25/2023	22:10:36	bed5cae1-afdf-4161-b3e6-6faaca49da92	GET	/notes	undefined
12/05/2023	21:12:98	725861da-0c22-42d1-90fa-68be4024305c	GET	/users	undefined
12/05/2023	22:12:43	a86cb9f3-0e6d-43ed-8b49-1ac6f2049f26	GET	/users	undefined
12/05/2023	22:12:08	c1d420f9-75f6-455b-9935-251ea7c1b26c	GET	/users	undefined
12/05/2023	22:12:44	969906e1-4580-43ac-bd2d-072253137c3d	GET	/users/1	undefined
12/05/2023	22:12:86	a932e397-15da-4b30-95e3-3729a028b99c	GET	/users	undefined
12/05/2023	22:12:13	3a32207a-d341-476d-a31e-eaf68f072f77	GET	/users/3	undefined
12/05/2023	22:12:66	f8a6b441-d5e4-45b7-a463-883bc202a11c	GET	/users/3	undefined
12/05/2023	22:12:40	5a9d4671-78af-47a9-a346-7cfd766b3a53	GET	/users/2	undefined
12/06/2023	00:12:84	285de4e3-850b-4f99-8e7e-b0b0ca8922f1	GET	/users/2	undefined
12/06/2023	00:12:79	72bf0a54-a209-4ced-9680-a8deb0c29217	GET	/users/2	undefined
12/06/2023	00:12:08	c0bc93e3-15f6-4d48-8ebd-60919b42db6c	GET	/users/2	undefined
12/06/2023	00:12:54	a275dfc4-9df0-4adc-a29f-483c80bd5389	GET	/users/2	undefined
12/06/2023	01:12:65	d87cd8ed-d1b5-48dc-9db8-6beb5646fcf8	GET	/users/2	undefined
12/06/2023	01:12:35	41419933-ef53-411c-a3d9-9c803b3acb6d	GET	/users/2	undefined
12/06/2023	01:12:52	69d34c3e-8475-40dc-96b5-91e0b652d525	GET	/users/2	undefined
12/06/2023	01:12:84	4afe4865-7536-4238-9704-6d36d73d5a38	GET	/users/2	undefined
12/06/2023	01:12:84	1a1035d5-c5e5-47d0-98db-ee743159f872	GET	/users/2	undefined
12/06/2023	01:12:44	c086afc0-ee98-4842-8e0b-172c8853cbef	GET	/users/2	undefined
12/06/2023	01:12:57	c305fbaf-f9d6-43ea-8ca9-7da955e4a4ab	GET	/users/2	undefined
12/06/2023	01:12:04	beafa1c2-2c2e-42a7-af2e-c839fb0da685	GET	/users/2	undefined
12/06/2023	01:12:85	9e18ef8a-65f5-45f5-91ab-397050d30096	GET	/users/1	undefined
12/06/2023	01:12:48	eea4f979-7c5d-4d03-b26f-a32a7e1a3659	GET	/users/3	undefined
12/06/2023	01:12:82	cef7d5ce-45e7-4921-b3d6-ac44914e99fb	GET	/users/3	undefined
12/07/2023	22:12:06	3f1aa8d3-c98d-4443-bee9-2ec91434c355	GET	/users	undefined
12/07/2023	22:12:10	5f44607c-532c-410c-af72-6f8aba46643c	GET	/users/1	undefined
12/07/2023	22:12:44	2adc4749-3096-469a-a2f1-3ba78e69d1ea	GET	/users/5	undefined
12/07/2023	22:12:14	fdaac66e-8283-4b6c-9b53-f8457bba59bc	POST	/users	undefined
12/07/2023	22:12:45	bef6f607-3891-4d86-b9d4-e07042446590	GET	/users	undefined
12/07/2023	22:12:60	0ad60a3e-f78b-4d86-b37b-c68fdc2fb50c	GET	/users	undefined
12/07/2023	22:12:16	bb6dcba3-a3d9-4242-863f-15f4cfacfc72	POST	/users	undefined
12/07/2023	22:12:14	19ab366e-3836-4426-8270-fbb12eaf940a	POST	/users	undefined
12/07/2023	22:12:84	943bac7f-c83a-4e9c-9958-203ff7257d1a	POST	/users	undefined
12/07/2023	22:12:32	c65745ce-1348-4a32-98f8-34186e478603	POST	/users	undefined
12/07/2023	22:12:59	3a1b1720-7056-467a-bbe6-e852de9c5173	POST	/users	undefined
12/07/2023	22:12:44	bf855609-44dc-41c0-a094-26cf1a43bbdf	POST	/users	undefined
12/07/2023	22:12:15	ff0d6136-f4ac-4251-9f9f-4d01f06bef31	POST	/users	undefined
12/07/2023	22:12:27	367c17bf-764c-4e37-b49f-9c46a8602e0e	POST	/users	undefined
12/07/2023	22:12:26	4c0bc33a-debd-41e7-8567-26d4de15b853	GET	/users	undefined
12/07/2023	22:12:05	d4a3de74-bdb6-43ab-9d65-000083492040	POST	/users	undefined
12/07/2023	22:12:49	47649abe-9a21-40dc-a063-528272da395a	POST	/users	undefined
12/07/2023	22:12:69	67b96928-97e1-498a-b707-ccef64461ebb	POST	/users	undefined
12/07/2023	23:12:88	89bee229-f4f4-422c-bd67-a0c6cad79e91	GET	/users	undefined
12/07/2023	23:12:31	5b71ddad-53e7-4b7b-a457-8706b17467ab	PATCH	/users	undefined
12/07/2023	23:12:92	7ac1e1ac-f277-4970-8b12-c1a7056fd1c7	PATCH	/users	undefined
12/07/2023	23:12:21	c862568e-4d1d-42a8-b9bc-85952f201898	PATCH	/users	undefined
12/07/2023	23:12:58	257d01dc-f05e-4191-a8a2-4939ccee0193	GET	/users	undefined
12/07/2023	23:12:09	6ec9d34d-fc28-4aa3-8a56-5279877c8951	GET	/users	undefined
12/07/2023	23:12:20	30b0704f-25fb-450c-ac80-998a60df1e1b	PATCH	/users	undefined
12/07/2023	23:12:39	28c2354e-69a2-425a-b03a-3cf2d19ca323	PATCH	/users	undefined
12/07/2023	23:12:17	4209c290-e859-45ba-9adf-fcb274608a11	GET	/users	undefined
12/07/2023	23:12:80	15374abf-c785-4af6-9c86-33bd9873adf1	PATCH	/users	undefined
12/07/2023	23:12:43	1664091f-a537-4903-a098-6089a86819cd	PATCH	/users	undefined
12/07/2023	23:12:96	fe516204-4c02-44dd-8f50-c619fdc660be	PATCH	/users	undefined
12/07/2023	23:12:73	59ddb740-f47f-4147-8308-6596c41cb3eb	PATCH	/users	undefined
12/07/2023	23:12:26	7b66d73a-175f-48f4-8753-30b0c158c4aa	PATCH	/users	undefined
12/07/2023	23:12:61	1f9fc5ff-3c27-4592-ad5e-aa7537804e60	PATCH	/users	undefined
12/07/2023	23:12:27	a8b31597-a281-41f3-b44b-edcd1939465f	PATCH	/users	undefined
12/07/2023	23:12:03	931ae6b3-0b19-49d8-b0df-37bacb9dbd4e	PATCH	/users	undefined
12/07/2023	23:12:50	8921fc2e-232e-48a0-a406-bf4f1ac88758	PATCH	/users	undefined
12/07/2023	23:12:63	0a95cfe2-0eaf-481a-bf7f-6a04c4092041	PATCH	/users	undefined
12/07/2023	23:12:18	52a0df28-435a-4702-bd69-e2623fb49d32	GET	/users	undefined
12/07/2023	23:12:08	a0ccff8d-29f3-4ca1-9cbd-d98f337dfec1	GET	/users	undefined
12/07/2023	23:12:26	84a14e32-a71b-4060-9d92-0dd04dcab023	PATCH	/users	undefined
12/07/2023	23:12:16	27248c7d-24bc-4229-aeeb-a5cea1746721	PATCH	/users	undefined
12/07/2023	23:12:70	1c3cbe90-04af-413d-b97d-f3a8890fc9f9	PATCH	/users	undefined
12/07/2023	23:12:50	a32844f8-87ba-4cb8-b629-11adfca6b0d8	PATCH	/users	undefined
12/07/2023	23:12:58	075e6bf8-17a8-4c67-a0d7-7721944f054c	PATCH	/users	undefined
12/07/2023	23:12:34	9506e6bd-104b-40a0-8f13-b05758f56569	PATCH	/users	undefined
12/07/2023	23:12:40	22e1b350-2075-4983-90b1-62906fb48ac5	PATCH	/users	undefined
12/07/2023	23:12:17	f3ffda24-d3b4-4e90-bfea-96e9cfcd7321	PATCH	/users	undefined
12/07/2023	23:12:44	d0a82207-8be4-4616-94c2-f1ef05a140cf	PATCH	/users	undefined
12/07/2023	23:12:78	27419520-ecc3-4feb-9463-f044c5ac8fa9	PATCH	/users	undefined
12/07/2023	23:12:79	b9061dab-fbc5-4471-8244-3e13d603042a	PATCH	/users	undefined
12/07/2023	23:12:23	054138f8-f35f-4e74-803f-e17dd208a723	PATCH	/users	undefined
12/07/2023	23:12:81	10359e0e-7b2b-449c-b21a-9e544111cca7	GET	/users	undefined
12/07/2023	23:12:51	b3771ef5-6b5c-4760-a3f7-5f6b657779c8	GET	/users	undefined
12/07/2023	23:12:51	444013af-f4c3-4d32-a071-3c3cc2686e2e	GET	/users	undefined
12/07/2023	23:12:29	7a6c1cfb-42b8-4324-a468-e67a75b6457e	GET	/users	undefined
12/07/2023	23:12:88	b82f396c-a38c-46cf-ace1-2f9c0ce348ed	GET	/users	undefined
12/07/2023	23:12:45	6dd21759-9294-4719-b189-e84633c9acb2	GET	/users	undefined
12/07/2023	23:12:78	4f84bd08-b169-47bf-91b2-2d0df11b9503	PATCH	/users	undefined
12/07/2023	23:12:66	e242a517-ba6a-41e3-9db3-966a0a508d10	PATCH	/users	undefined
12/08/2023	00:12:48	0752ad96-9763-467b-9a56-9fb2d34118c8	PATCH	/users	undefined
12/08/2023	00:12:47	bcc0ba0b-fba2-4d10-970b-e2efdd6b0b9a	PATCH	/users	undefined
12/08/2023	22:12:41	35bd118c-ee6c-44b8-94ed-0b8453313b91	DELETE	/users/1	undefined
12/08/2023	22:12:23	034dd886-ec84-4b28-ac84-b8697999f29e	DELETE	/users/1	undefined
12/08/2023	23:12:89	98d71828-9610-4c79-b976-5127ea19bcb4	DELETE	/users	undefined
12/08/2023	23:12:55	bd9701ca-b04d-4cb4-8935-bb588a29c3ea	DELETE	/users	undefined
12/08/2023	23:12:45	b490e0f8-7838-482f-9214-b6593f34e73b	DELETE	/users	undefined
12/08/2023	23:12:63	724bc495-fa06-4c8f-b3af-e06ac95b2812	DELETE	/users	undefined
12/08/2023	23:12:10	9a872506-fdb2-461c-af25-3eef669d806c	DELETE	/users	undefined
12/08/2023	23:12:70	0c10142d-8e81-49da-89ef-699982ab3e39	DELETE	/users	undefined
12/08/2023	23:12:66	ef10bb18-95f1-4902-8da8-3e6bf27f5034	DELETE	/users	undefined
12/08/2023	23:12:39	b07b81ae-cdbe-4353-90d5-4d0e1d326f0b	POST	/users	undefined
12/08/2023	23:12:90	fd778796-1d3a-4fc3-93b2-5eee2b9040bd	DELETE	/users	undefined
12/08/2023	23:12:94	338448d2-6a47-4a83-853b-52ad3ad3fd9f	DELETE	/users	undefined
12/08/2023	23:12:22	5493942a-ef5f-42d8-b779-5aecdd5c9d8f	POST	/users	undefined
12/08/2023	23:12:81	e79eece6-477c-4982-88e7-eee81040b3e8	DELETE	/users	undefined
12/08/2023	23:12:12	910c3e81-9728-4b09-afcb-e354c3d9c3ba	DELETE	/users	undefined
12/08/2023	23:12:07	6dd18e91-8ea5-4623-9771-f3fd054dbffa	POST	/users	undefined
12/08/2023	23:12:65	dae376a0-f1a9-44b6-a1a8-80195d5c86d5	DELETE	/users	undefined
12/08/2023	23:12:80	bb7214fa-7d4f-4a41-b06d-bf914a6ed726	DELETE	/users	undefined
12/08/2023	23:12:34	a68c5c20-1746-48ff-a9c7-770e0ac66706	GET	/users	undefined
12/08/2023	23:12:74	116b2d00-db8a-4af9-b987-c640b142d763	GET	/users	undefined
12/08/2023	23:12:61	20b6aa5f-8697-4ff1-a2b1-1e9608beeb66	GET	/users	undefined
12/08/2023	23:12:19	2ff19a5b-5e7a-49d2-b390-7045c71fdb2e	GET	/users	undefined
12/08/2023	23:12:16	1875f1a5-42e3-4d78-91f3-4226ba601778	POST	/users	undefined
12/08/2023	23:12:15	25dca7bd-727c-40cb-b1c7-245adc325d67	POST	/users	undefined
12/08/2023	23:12:10	f0957b5b-7b91-4870-a959-28946047722a	GET	/notes	undefined
03/29/2024	11:03:98	e03bf83d-7349-41e3-aeee-111f8fc35bc8	POST	/users	undefined
03/29/2024	11:03:52	7c4d7958-fcb1-4ea1-b354-14b9688d9698	POST	/users	undefined
03/29/2024	11:03:55	fc22e658-e4ac-40ac-9360-dac46a35af7f	POST	/users	undefined
03/29/2024	11:03:12	92bb1a19-8b4d-4dec-b4cd-216a999b68af	POST	/users	undefined
03/29/2024	11:03:08	ef0f997c-4456-4dc5-97ad-0897cfe4717e	POST	/users	undefined
03/29/2024	11:03:69	9c8e029e-7b80-4a65-b3b0-c929f3db4505	GET	/users	undefined
03/29/2024	11:03:54	075e7ac9-df49-4b65-b0fb-8cdd22816a25	GET	/users	undefined
03/29/2024	11:03:77	27842ccb-bbfa-4754-a3e5-3717fd21f309	GET	/users	undefined
03/29/2024	11:03:27	33bd44cc-80df-43f1-a5ca-de775bc85f42	GET	/users/1	undefined
03/29/2024	11:03:27	8ff10f09-77a6-4197-b069-5ddb49d98c1d	GET	/users/2	undefined
03/29/2024	11:03:11	68d86f7a-f472-4bfc-9331-c044ae8ac34f	GET	/users	undefined
03/29/2024	11:03:53	ab0060ff-9c38-4e5b-b510-5aeb0d325a8e	PATCH	/	undefined
03/29/2024	11:03:61	b6e9ba13-dd11-434d-bbaa-6516c404e767	PATCH	/users	undefined
03/29/2024	11:03:80	aff7b07b-8053-4ca5-ad23-d9d600934ba8	PATCH	/users	undefined
03/29/2024	11:03:86	bcde3042-2972-4dda-8dac-d0c7d8c1ac98	PATCH	/users	undefined
03/29/2024	11:03:92	8a7e5cbc-c8f0-4f30-9223-f7d3fad05178	PATCH	/users	undefined
03/29/2024	11:03:60	3d39435a-ef84-4b8f-847e-aeccb1b72879	PATCH	/users	undefined
03/29/2024	11:03:14	ec7344dd-6d54-4445-a3ed-262475bd28b7	PATCH	/users	undefined
03/29/2024	11:03:39	4ddc649c-63ba-492d-8683-34ec589c4e47	PATCH	/users	undefined
03/29/2024	11:03:89	cd7e5837-8050-4ea1-8e9c-8d2e6b19bf9b	PATCH	/users	undefined
03/29/2024	11:03:17	9ece2290-9b6a-4a7c-b220-f249169b61f3	PATCH	/users	undefined
03/29/2024	11:03:53	c23ff603-7a7f-420f-852a-45370bc6f730	PATCH	/users	undefined
03/29/2024	11:03:12	a4b93187-92fd-46e6-bd60-10393838f77e	PATCH	/users	undefined
03/29/2024	11:03:57	45e9eeb4-49da-4c20-8271-927929507b66	PATCH	/users	undefined
03/29/2024	11:03:79	35a8c56e-a6d0-4bbc-be8a-2c026a64f783	PATCH	/users	undefined
03/29/2024	11:03:07	266c6037-47ee-4fd0-990a-72c52aea4848	PATCH	/users	undefined
03/29/2024	11:03:72	e47a12d5-f5d2-49f4-be26-487057573e61	PATCH	/users	undefined
03/29/2024	11:03:79	c7c99cd5-ef06-4eee-9a93-02190d7d9599	POST	/users	undefined
03/29/2024	11:03:07	26ae5ffa-64c4-4963-ae33-4482cfdeb75e	DELETE	/	undefined
03/29/2024	11:03:73	f7d3032b-93ac-4ea2-b677-e0afe7fb0c02	DELETE	/users	undefined
03/29/2024	11:03:64	5eb6d5fe-41df-4cee-a1d1-ba2f301e7fff	DELETE	/users	undefined
03/29/2024	11:03:17	8ca6c76b-2714-48c3-b006-a9b2d71e9c5b	POST	/users	undefined
03/29/2024	11:03:37	4ba13631-5828-4790-8ad6-05ab5dfc0e25	POST	/users	undefined
03/29/2024	11:03:27	25af2af7-3861-4ff5-81fd-c9a73c46f6dc	POST	/users	undefined
03/29/2024	11:03:29	b5e1a317-09b6-49b0-a4d3-5d4d64b72af7	PATCH	/users	undefined
03/29/2024	11:03:63	0086293a-d83a-4c64-b11e-c1e431aa3d10	PATCH	/users	undefined
03/29/2024	11:03:93	e8490b1c-18b5-4f8c-87ce-d0ae88b2919f	PATCH	/users	undefined
03/29/2024	11:03:83	918aec3c-761b-4404-a5cf-60dfff93c9e7	PATCH	/users	undefined
03/29/2024	11:03:42	b3ef6452-9279-4994-954f-18925f4bf9aa	PATCH	/users	undefined
03/29/2024	11:03:08	0d03a487-dc44-4119-85db-075c8c389587	PATCH	/users	undefined
03/29/2024	11:03:32	70b10e6f-c962-4dfa-ba11-ebec56674697	PATCH	/users	undefined
03/29/2024	11:03:75	9cb6ff3e-3418-4e6e-bcc3-f93f585453d4	PATCH	/users	undefined
03/29/2024	11:03:03	0cc2cb48-0c5e-4ae2-b677-8677b99b5f50	PATCH	/users	undefined
03/29/2024	11:03:26	710d49e0-a8cd-4a36-9e02-abddd8442df9	PATCH	/users	undefined
03/29/2024	11:03:18	734a771a-1d9c-4acb-90d3-3cd1d0bee18f	PATCH	/users	undefined
03/29/2024	11:03:08	f1f06bc0-fb61-4853-8fd6-39f9453dc9fe	DELETE	/users	undefined
03/29/2024	11:03:56	17678f78-c27e-4eb7-8a44-a87789a6700c	DELETE	/users	undefined
03/29/2024	11:03:83	9aff1b3d-904a-4687-807e-57ed6cd5d896	POST	/users	undefined
03/29/2024	11:03:45	3eed6f53-4894-4607-99e2-597a049c9239	POST	/users	undefined
03/29/2024	11:03:13	123d63b5-d11f-438a-83a5-4758636edd41	PATCH	/users	undefined
03/29/2024	11:03:55	a183a57f-d355-4184-8e88-e451bc226b6b	PATCH	/users	undefined
03/29/2024	11:03:25	412d602b-eb3f-4bbd-94be-7e984f21366a	PATCH	/users	undefined
03/29/2024	11:03:65	e40d586b-352f-4bd5-9b46-5fa2c2ac52a0	POST	/users	undefined
03/29/2024	11:03:24	bf5d5743-0e64-4a17-b7a0-39f36c83a716	POST	/users	undefined
03/29/2024	11:03:65	7f1faf3e-f777-4893-b2d7-a127e601c032	PATCH	/users	undefined
03/29/2024	11:03:98	e3624fb6-53ee-4767-9677-51863119776a	PATCH	/users	undefined
03/29/2024	11:03:27	5a4eac74-a73b-4788-b916-b8110d57b67d	PATCH	/users	undefined
03/29/2024	11:03:54	2e7e0882-9bc3-4faa-bf37-b47625daca4e	PATCH	/users	undefined
03/29/2024	11:03:53	a9b81b05-04da-47a1-9f07-89f6ddb0b335	PATCH	/users	undefined
03/29/2024	11:03:39	5fd95147-4fa0-4f44-843e-283a9ecb82ed	PATCH	/users	undefined
03/29/2024	11:03:65	c198f07f-5a76-42fc-b9bc-6f0e5e49e698	PATCH	/users	undefined
03/29/2024	11:03:21	693fecea-39a4-4230-aa82-5a852fd30d3c	PATCH	/users	undefined
03/29/2024	11:03:52	7d353b9b-a33a-4d8e-89e6-8f57339cf917	PATCH	/users	undefined
03/29/2024	11:03:33	a9b2b554-cac2-4fb2-8a0a-1aa7db7b0250	PATCH	/users	undefined
03/29/2024	11:03:14	da7f6a16-78a5-4140-8563-77d8767eef6e	PATCH	/users	undefined
03/29/2024	11:03:02	1ac9ba4d-d44a-4100-8aca-606bc8b87732	PATCH	/users	undefined
03/29/2024	11:03:45	429c9fea-d19f-4e23-a1de-33001306b3f5	PATCH	/users	undefined
03/29/2024	11:03:80	8e6cc963-a589-4aab-912e-e172f5adaa7c	PATCH	/users	undefined
03/29/2024	12:03:91	14b45c00-741b-454b-9070-887e3768157e	POST	/users	undefined
03/29/2024	12:03:30	9c97af67-c031-4684-b1e6-fe6400f564b9	PATCH	/users	undefined
03/29/2024	12:03:64	5129d00c-f0ed-4634-9eec-0bb3f223ab05	PATCH	/users	undefined
03/29/2024	12:03:99	c701ee47-c365-496a-a307-a6e050e73465	PATCH	/users	undefined
03/29/2024	12:03:06	1e257dee-2848-4b46-93d2-32badcef6e69	PATCH	/users	undefined
03/29/2024	12:03:37	f0829871-1235-4d1a-a533-285d90fae8a6	PATCH	/users	undefined
03/29/2024	12:03:49	bbe360e8-4067-4978-8d0b-cd2af08f0411	PATCH	/users	undefined
03/29/2024	12:03:53	50a59525-1b21-41fd-b4b2-bb6aa3a9761e	PATCH	/users	undefined
03/29/2024	12:03:51	1fae2073-8727-4b08-a452-a4f2c0856bb2	PATCH	/users	undefined
03/29/2024	12:03:09	41435d3c-d2e9-4995-be6c-5865d06cbb02	POST	/users	undefined
03/29/2024	12:03:46	fb8e862e-705a-4fb5-a289-48e1c7bfc7dc	POST	/users	undefined
03/29/2024	12:03:77	8880cc87-328c-483d-a47c-e029422e3306	PATCH	/users	undefined
03/29/2024	12:03:07	b1272c0a-0465-4444-9a2f-dae0dd1a1d5c	PATCH	/users	undefined
03/30/2024	00:03:00	bcd95f1d-045a-4484-bd4d-d6b4b563f1af	GET	/	undefined
03/30/2024	00:03:75	1e1758ae-3fe7-4954-b8ea-7470a8459e46	GET	/users	undefined
03/30/2024	17:03:05	a4869a25-aeef-44d4-b731-78a5a9df862a	POST	/users	undefined
03/30/2024	17:03:53	ce5822bb-2a16-4200-ad60-8681874f08b7	POST	/users	undefined
03/30/2024	17:03:53	791aeeb2-8ecc-4121-a88e-b145a0db2f23	POST	/users	undefined
03/30/2024	17:03:52	aea75321-95e3-4c4c-ad2d-64bacb781c28	DELETE	/users	undefined
03/30/2024	17:03:20	a741e98c-6f68-4bf7-8cc2-944de7102519	POST	/users	undefined
03/30/2024	17:03:58	707514e9-f890-4ffa-924d-ac9d01f4d983	GET	/users/1	undefined
03/30/2024	17:03:49	f423fefa-a129-46de-a53e-9e26989c55c2	GET	/users/1	undefined
03/30/2024	17:03:25	f164f165-4842-45db-9920-0c22c1ef14f1	GET	/users/hamza	undefined
03/30/2024	17:03:05	15afd79f-57f1-438e-bd1d-94e4380b6d7d	GET	/users/1	undefined
03/30/2024	17:03:94	afef3c42-f03a-40f0-8f4f-ab381029334b	GET	/users/1	undefined
03/30/2024	17:03:92	13b52901-8f7a-4a29-88b3-73c44b51f569	GET	/users/1	undefined
03/30/2024	17:03:01	5b5520ba-ae38-4926-b60b-a1ebaf58f5ef	GET	/users/2	undefined
03/30/2024	17:03:18	27230cb7-cf58-499f-ab8b-367c635b1d2e	GET	/users/name	undefined
03/30/2024	17:03:34	f5026411-33ac-490c-b550-8dd46bd45de0	GET	/users/name	undefined
03/30/2024	17:03:84	b227fded-8046-4017-9822-e0635cf6a439	GET	/users/2	undefined
03/30/2024	17:03:69	f0c8374c-9771-49fd-835d-aad652f06671	GET	/users/name	undefined
03/30/2024	17:03:30	24f866b9-3e89-4665-b812-c734b30fff4a	GET	/users/name	undefined
03/30/2024	17:03:49	e50fcc47-0caf-4731-9cda-8ab6188de92e	GET	/users/name	undefined
03/30/2024	17:03:38	7ced3dd6-ed9d-46d5-b4de-643ea764ecc2	GET	/users/name	undefined
03/30/2024	17:03:54	48683d4d-18d5-41ab-bb78-d7adf159560b	GET	/users/name	undefined
03/30/2024	17:03:76	169d810d-2a1a-4844-a008-a7dfb85f9ce1	GET	/users/name	undefined
03/30/2024	17:03:49	1ff53728-f774-4faa-a24a-73e1123a3b1d	GET	/users/name	undefined
03/30/2024	17:03:35	f93451ac-aec0-4d76-a8c9-bb187955574a	GET	/users/name	undefined
03/30/2024	17:03:42	430c7070-2bb0-42df-8934-7b17fd09f7fa	GET	/users/2	undefined
03/30/2024	17:03:59	0c3fb31a-3b70-40da-877a-a5a0783a978b	GET	/users/name	undefined
03/30/2024	17:03:80	9929132e-9cf4-41b3-93ff-e88274103c98	GET	/users/role	undefined
03/30/2024	17:03:05	0e13b0b0-9595-4a0e-81a3-8ce06b59bec1	GET	/users/role	undefined
03/30/2024	17:03:35	78e4a104-5733-4d92-98f4-2532adf7c39f	GET	/users/company	undefined
03/30/2024	17:03:25	e550b9f4-6f0b-4151-9cba-b588715d837c	GET	/users/company	undefined
03/30/2024	17:03:82	2eb7118b-dc12-4584-9d68-1d1f143993da	GET	/users	undefined
03/30/2024	17:03:78	f38e983f-75fe-49fb-97a6-27e551a22a02	POST	/users	undefined
03/30/2024	17:03:83	186fb8d7-0d30-4d0a-b0ec-73a6878929f6	GET	/users	undefined
03/30/2024	17:03:22	c8c51aab-a71b-4179-b548-50990835c08f	GET	/users	undefined
03/30/2024	18:03:18	330d9639-7025-4799-9b7b-aff214122d86	PATCH	/users	undefined
03/30/2024	18:03:43	29bca26f-7d12-49bb-9424-801088941998	PATCH	/users	undefined
03/30/2024	18:03:30	2b7cbbb5-a2d5-4ec4-9a8e-37dc79fe22b4	PATCH	/users	undefined
03/30/2024	18:03:34	058129d6-148c-4cfd-881c-7de3a2beb961	PATCH	/users	undefined
03/30/2024	18:03:42	b3ed6bec-b2ad-4872-81bf-80305bde3c0b	PATCH	/users	undefined
03/30/2024	18:03:16	bd016637-8655-4237-9277-6cf41f7ccd9b	PATCH	/users	undefined
03/30/2024	18:03:48	e3794480-2763-4cab-bdc4-c8ed32506048	PATCH	/users	undefined
03/30/2024	18:03:64	e8949e6f-1665-4a91-9c63-8b38cbbbc8d0	PATCH	/users	undefined
03/30/2024	18:03:67	9fd4085c-5243-43fd-916a-7d5bfa3d5dca	PATCH	/users	undefined
03/30/2024	18:03:84	fc5e68c4-656c-41d3-b193-2b1a2b32c714	PATCH	/users	undefined
03/30/2024	18:03:01	b9a2fba7-8589-4646-a6d0-84c84a324fca	PATCH	/users	undefined
03/30/2024	18:03:23	0cc8a0b8-108f-4829-aa26-c9f7d78c7445	PATCH	/users	undefined
03/30/2024	18:03:20	3d595c81-9168-4d78-98c5-ad44fde56812	PATCH	/users	undefined
03/30/2024	18:03:72	4363c0a9-4ea6-4641-b32e-91b149222886	PATCH	/users	undefined
03/30/2024	18:03:43	dfbbdb02-68fa-4988-9d7b-48600635be92	PATCH	/users	undefined
03/30/2024	18:03:67	1f2d7119-b009-4aa8-ac57-1016634414da	PATCH	/users	undefined
03/30/2024	18:03:12	e36748ae-2d9b-462a-838c-82b5153e9546	PATCH	/users	undefined
03/30/2024	18:03:25	3ad71924-5d7b-4fb8-ad0f-4cccf8a5a676	PATCH	/users	undefined
03/30/2024	18:03:99	2d393eba-7879-4769-9332-d3c3ef8cadbb	PATCH	/users	undefined
04/15/2024	23:04:57	46397ac5-0cae-4e34-9056-38a708bf76dc	GET	/	undefined
04/15/2024	23:04:59	351c1abc-3e19-41a1-a17f-1ddbb4f9373a	GET	/css/style.css	undefined
04/15/2024	23:04:04	a2356544-08c4-4cdc-b5f0-70bc0aa464ad	GET	/users	undefined
04/15/2024	23:04:04	91bdf84e-538d-4094-9f54-af2ff8126ec3	GET	/info	undefined
04/15/2024	23:04:08	5d582b87-3b2b-41cc-a42b-daa55a1822a1	POST	/info	undefined
04/15/2024	23:04:67	76cd46bb-eb49-4af3-8bc7-0ce6df8de26e	POST	/info	undefined
04/15/2024	23:04:74	aff53619-e6a4-4ae8-8da8-8fca5f9f18d5	POST	/info	undefined
04/15/2024	23:04:83	508c81b6-adfb-4fc5-a4c2-103490b8c976	POST	/info	undefined
04/15/2024	23:04:74	18143378-dcb5-4e09-b0ce-b9663bb4ab5f	POST	/info	undefined
04/15/2024	23:04:72	870ae94c-c9d0-435f-a22b-f21bad2cf0db	GET	/info/name	undefined
04/15/2024	23:04:41	9c88e6e0-518f-4b47-bcd1-f09da6647a3e	GET	/info/name	undefined
04/15/2024	23:04:35	70e371b0-e4f3-4534-88ea-2c85b157ae76	GET	/info/1	undefined
04/16/2024	09:04:21	796a91f1-fc95-4c4b-9aa5-5236c815e39a	GET	/trailer_info	undefined
04/16/2024	09:04:51	2f599d28-70dc-4264-bc0d-ba38630d2ed2	GET	/trailer_info	undefined
04/16/2024	09:04:49	2ac2450f-0f9c-429c-988d-7d9d26170fe5	POST	/trailer_info	undefined
04/16/2024	09:04:56	26b3c6bb-0716-4b31-825a-5da0c302adb2	GET	/trailer_info	undefined
04/16/2024	09:04:93	d59c6c62-d9b7-47d1-b012-a4fada915435	GET	/trailer_info/name	undefined
04/16/2024	09:04:68	a2cae148-776d-40c1-bdd0-4ba6dc9d4eae	GET	/trailer_info/name	undefined
04/16/2024	10:04:81	bba0d194-227a-4847-b6bd-587220ab11db	GET	/trailer_info/1	undefined
04/16/2024	10:04:56	c7ee112b-5d91-4ddc-b93f-19e0e6e67091	GET	/trailer_info/2	undefined
04/16/2024	10:04:24	a4f0f2f2-c9e3-4e9d-a41b-bab151846067	GET	/trailer_info/2	undefined
04/16/2024	10:04:33	e1175eb7-b475-429a-845f-c7dfd717bb18	GET	/auth	undefined
04/16/2024	10:04:55	082ba63d-7097-47f0-802c-18f0789c163a	POST	/auth	undefined
04/16/2024	10:04:00	39e96a4f-7ff5-4c3e-bce7-4e32dc9890ce	POST	/auth	undefined
04/16/2024	10:04:06	6dafaeed-5791-4fbb-8568-e8f666e1840b	POST	/auth	undefined
04/16/2024	10:04:42	695234eb-a1fb-41e2-8e6d-080c87408d2f	POST	/users	undefined
04/16/2024	10:04:90	26cd6b39-deb8-4502-8c03-ecc46c59a0d2	POST	/users	undefined
04/16/2024	10:04:35	8a959bcb-b53c-43bf-81e0-934e3d8804b0	POST	/users	undefined
04/16/2024	10:04:18	710a59b4-4a26-40b9-8972-c1a082292860	POST	/auth	undefined
04/16/2024	10:04:67	158adabd-8722-4b2b-8df9-3709e570df6e	POST	/auth	undefined
04/16/2024	10:04:95	4e2a70ba-996c-4450-bbc6-5a7d2f07563f	POST	/auth	undefined
04/16/2024	10:04:19	5e88d8bd-c96d-488b-bc3c-8aa20e7e8e6d	POST	/auth	undefined
04/16/2024	10:04:37	0c043411-9b26-40e3-a215-88d8e0a7c610	POST	/auth	undefined
04/16/2024	10:04:33	669274d7-139e-46ff-9b83-e869adbee6a0	POST	/auth	undefined
04/16/2024	10:04:43	5d158d7f-f1e2-43dc-901f-20f7f21dc72b	POST	/auth	undefined
04/16/2024	10:04:73	8e330104-4ff8-4ba7-bc0e-b31cf5b87a48	POST	/auth	undefined
04/16/2024	11:04:08	7f08ee06-6b30-460a-a7fa-58339cf23fc5	POST	/auth/refresh	undefined
04/16/2024	11:04:99	92ddac9e-09ec-4c37-8c27-28f5500ffe5e	POST	/auth/refresh	undefined
04/16/2024	11:04:78	09ead4f6-9556-488a-8c99-22626b17dc1d	GET	/auth/refresh	undefined
04/16/2024	11:04:68	16ae8d59-a1c7-4681-8e7a-ccbb1e519ad6	POST	/auth/logout	undefined
04/16/2024	11:04:31	01c34550-c1a4-4daf-a84e-2f78aa388e2a	GET	/auth/refresh	undefined
04/16/2024	11:04:50	a3b13444-a51d-4456-a471-18e05ef49598	POST	/auth	undefined
04/16/2024	11:04:39	9d1226a9-ab53-49ce-b9ae-07d85fb6e543	GET	/auth/refresh	undefined
04/16/2024	11:04:79	cf72baa0-7328-41cd-87b0-f9dc4708638e	POST	/auth/logout	undefined
04/16/2024	11:04:69	db990e4c-53e1-4402-b57f-f03cdd017e10	POST	/auth/logout	undefined
04/16/2024	11:04:65	00d0b1fd-f07a-43b0-81ab-498bd77c4c93	GET	/auth/refresh	undefined
04/16/2024	11:04:43	64409e19-0cc5-498a-b06d-117f690b4f49	POST	/auth	undefined
04/16/2024	11:04:00	97945c1c-e575-4c20-9a48-00cd652d9e10	GET	/available_load	undefined
04/16/2024	11:04:49	0290dbf5-22f4-4e28-820d-f9f4758c7e2c	GET	/available_load	undefined
04/16/2024	11:04:75	ec92e45f-fb96-4d69-ab18-e491f18597e3	POST	/available_load	undefined
04/16/2024	11:04:54	71451f52-ca5a-41f0-bbf0-35f6024bf9b1	GET	/available_load	undefined
04/16/2024	11:04:09	ea158b95-95f7-4c3e-9cee-f83af29c0def	GET	/available_load/name	undefined
04/16/2024	11:04:84	def18c75-0d17-4bd6-818d-19a84d43627e	GET	/available_load/name	undefined
04/16/2024	11:04:23	a84f0b05-627f-4dc8-8b5b-16d8b233c05e	GET	/available_load/2	undefined
04/16/2024	11:04:02	44f8bc9b-8cf7-42e4-9cce-ff7b5d10a1fa	GET	/available_load/1	undefined
04/16/2024	11:04:81	66f34e46-dd9c-404a-8fc1-82a6cd7d6db9	GET	/charcer	undefined
04/16/2024	11:04:78	7f32daa1-23d6-4c61-bdb5-49f4a32fc837	POST	/charcer	undefined
04/16/2024	11:04:56	137f6724-d223-4aac-a731-f666b93b93e3	POST	/charcer	undefined
04/16/2024	11:04:40	2c51d2e1-c2ea-4cb3-8100-2dd79bc09fee	GET	/charcer	undefined
04/16/2024	11:04:21	4e4a2b33-af23-40f1-9f1f-43f3158c549d	GET	/charcer/name	undefined
04/16/2024	11:04:43	fd17a4ec-336c-401c-b975-d417ad9fc83d	GET	/charcer/2	undefined
04/16/2024	11:04:81	29a49ac4-df09-4676-a326-ae5bce9b684a	GET	/charcer/2	undefined
04/16/2024	11:04:41	d5726dbc-da01-41a2-9823-cf26f00ec03c	GET	/charcer/1	undefined
04/16/2024	12:04:41	883716e5-aaf0-4fd5-8cc9-1e302cf6863e	GET	/company	undefined
04/16/2024	12:04:12	c813da08-a692-4bfa-82ac-489aa7bbf005	POST	/company	undefined
04/16/2024	12:04:47	4dfc14c3-e213-42bf-aedb-90ec590e1671	POST	/company	undefined
04/16/2024	12:04:10	481005bc-7e1e-4b40-bbea-c2ee512429d8	GET	/company	undefined
04/16/2024	12:04:79	19245332-9176-4eb8-adc5-2e2526521184	PATCH	/users	undefined
04/16/2024	12:04:24	554732e2-c0c6-4971-a0e9-044ad29edbb2	PATCH	/company	undefined
04/16/2024	12:04:21	77190eab-309a-462c-be11-9eb9d6217e5c	PATCH	/company	undefined
04/16/2024	12:04:41	a38ceac5-072c-4cb7-8a07-77b3181c30ed	PATCH	/company	undefined
04/16/2024	12:04:44	c4f99d4c-5882-4e03-be9b-75991491084c	PATCH	/company	undefined
04/16/2024	12:04:11	ed308717-6d4b-4f42-8cdc-f7852d09a6f5	PATCH	/company	undefined
04/16/2024	12:04:07	0aaae92e-a90b-4cbc-ad39-dc99c19e42de	PATCH	/company	undefined
04/16/2024	12:04:00	d68108c2-db0e-4816-beb1-1ec4feec3703	PATCH	/company	undefined
04/16/2024	12:04:15	abc87c81-0d10-4d92-aa25-aa1b84c787b6	PATCH	/company	undefined
04/16/2024	15:04:30	b2405fe9-3349-44d2-8235-065149ad57c8	PATCH	/company	undefined
04/16/2024	15:04:03	e39913f7-4379-466c-99a2-2b61e7d8b1d5	PATCH	/company	undefined
04/16/2024	15:04:49	b1793512-7fdb-42cd-b0b4-355c1a8e67b1	PATCH	/company	undefined
04/16/2024	15:04:29	b1894576-d25e-49ef-9699-3462dff0de12	PATCH	/company	undefined
04/16/2024	15:04:12	2005824d-148e-48d6-9ec2-dd6b28fcc9b4	PATCH	/company	undefined
04/16/2024	15:04:51	c13b949a-eb39-42f2-a270-5ac6240ac21a	PATCH	/company	undefined
04/16/2024	15:04:56	b467626a-3c36-4746-891f-a9f983b46379	PATCH	/company	undefined
04/16/2024	15:04:74	5e9b9c26-7bce-416c-a6e1-94093e7ff2ed	PATCH	/company	undefined
04/16/2024	15:04:05	7f89dbec-b39f-4010-92fb-202edec34bb1	PATCH	/company	undefined
04/16/2024	15:04:46	afb1624d-7097-4e7f-b28e-e06a1eb7dc33	PATCH	/company	undefined
04/16/2024	15:04:79	b98754dd-88f5-4fab-93fa-0befa79ef70e	POST	/company	undefined
04/16/2024	15:04:25	257eb3f9-3d91-4e69-b9c5-5fb0a224cc95	POST	/company	undefined
04/16/2024	15:04:83	227df449-7e51-42e6-a8b4-f50f35d6dd0f	POST	/company	undefined
04/16/2024	15:04:13	a979d060-cbb9-4518-a365-b4754a91bfe3	PATCH	/company	undefined
04/16/2024	15:04:18	23b1f10a-2693-41cb-8252-98084d5ad9b0	PATCH	/company	undefined
04/16/2024	15:04:08	b38a8867-7210-4823-8226-242906a9fd03	PATCH	/company	undefined
04/16/2024	15:04:53	291427b6-7db8-4076-83fd-b266ad3b57ed	PATCH	/company	undefined
04/16/2024	15:04:07	c13a077c-f2ee-461d-a56d-6a8e596eec0e	DELETE	/company	undefined
04/16/2024	15:04:29	6d13ed02-e608-4e0d-833b-02cbb09c1148	DELETE	/company	undefined
04/16/2024	15:04:67	a01408d8-a3fd-4ae0-ba49-075039669c25	DELETE	/company	undefined
04/16/2024	15:04:88	68fa8dae-6b40-44a9-8a0e-53130de5e8f4	DELETE	/company	undefined
04/16/2024	15:04:32	4ce225bb-3f4a-4a03-a103-70c47a6015fe	GET	/company/1	undefined
04/16/2024	15:04:45	fa256d7b-e03c-4013-a380-46d77c00ee12	GET	/company/2	undefined
04/16/2024	15:04:06	ab6cb0cc-65af-4dd4-8ba8-42eeb09ca12e	GET	/company/3	undefined
04/16/2024	15:04:09	20aef510-6242-4a65-a924-dc6a707e8d32	GET	/company/3	undefined
04/16/2024	15:04:54	780e5ea7-af00-4773-8d37-40345c2edc51	GET	/users/name	undefined
04/16/2024	15:04:62	8934513f-33af-4b98-8fe8-fe5631740f06	GET	/users/name	undefined
04/16/2024	15:04:96	b8970a19-766d-461f-8fc6-7a2066875936	GET	/users/name	undefined
04/16/2024	15:04:61	1881ea51-2c6f-40f7-a757-fa3ed8c4a73f	GET	/users/name	undefined
04/16/2024	15:04:42	ad38327e-ef1a-41d2-8ebf-7fdabb4c0d5e	GET	/company/name	undefined
04/16/2024	15:04:71	b41acda3-2d69-4512-84a6-9ffd0582538e	GET	/company/name	undefined
04/16/2024	15:04:07	98bc5201-c7f1-4dd3-b187-33a7b2dba162	GET	/company/role	undefined
04/16/2024	15:04:60	9125442e-8b85-4eb6-977c-1035d16acb12	GET	/company/role	undefined
04/16/2024	15:04:31	8e144bb1-b5ca-4c03-9f4e-e41657d30e94	GET	/company_info	undefined
04/16/2024	15:04:43	09130782-de44-4365-9e40-8e9fcb7210fc	GET	/company_info	undefined
04/16/2024	15:04:93	3dabb509-b4ff-4152-813a-88571388caea	POST	/company_info	undefined
04/16/2024	16:04:65	c21386b8-d462-46e8-b04c-ea9fcaf2d090	POST	/company_info	undefined
04/16/2024	16:04:55	e76f00f1-fbab-489c-8f5f-6f1b1ee04b5f	POST	/company_info	undefined
04/16/2024	16:04:23	30767aac-de07-4b51-9bcf-b512fbd1f97a	POST	/company_info	undefined
04/16/2024	16:04:27	a70d3185-09a8-425d-a0a2-594d4cfdf219	POST	/company_info	undefined
04/16/2024	16:04:25	0fc97418-270e-4150-a5c5-710fcff7d6f1	POST	/company_info	undefined
04/16/2024	16:04:20	a1a273d8-6911-41ba-b9a5-f82b4e441a09	POST	/company_info	undefined
04/16/2024	16:04:33	fa27b628-18bc-4100-a5e4-9face71f5d61	POST	/company_info	undefined
04/16/2024	16:04:47	b98172a8-87fd-4546-a77a-99ddb89aa6b3	POST	/company_info	undefined
04/16/2024	16:04:37	61462bb9-f7c6-4ee1-a1ad-3c75c4a0cbdc	GET	/company_info	undefined
04/16/2024	16:04:41	1f484039-6c51-4a08-888a-3b7ec04d7269	PATCH	/company_info	undefined
04/16/2024	16:04:68	166fd223-cb52-4463-aa71-4895bfa89877	PATCH	/company_info	undefined
04/16/2024	16:04:42	8496ae13-0cfb-4fc2-bde5-f260bbff1577	DELETE	/company_info	undefined
04/16/2024	16:04:12	bef4fe9a-eecd-4a79-9083-101c3c4737fb	DELETE	/company_info	undefined
04/16/2024	16:04:79	f23a7a70-9557-491d-9399-88a3a11a0e8a	DELETE	/company_info	undefined
04/16/2024	16:04:76	b6aadddb-8d38-4259-8ae2-0154fccfab36	DELETE	/company_info	undefined
04/16/2024	16:04:70	4aea8f7a-f4c0-451f-913d-224a6503228b	GET	/company_info/3	undefined
04/16/2024	16:04:66	58aa7404-bf4c-4458-b31b-fdbd2e3417b9	GET	/company_info/3	undefined
04/16/2024	16:04:02	fd394e9f-93d4-4c31-9d1d-7a36d809ddff	GET	/company_info/2	undefined
04/16/2024	16:04:75	be0aa8a6-0ffd-4a92-8df2-a62670e09f2c	GET	/company_info/1	undefined
04/16/2024	16:04:93	d9691bee-38ab-4f95-9b58-e05b553683e1	GET	/contact_details	undefined
04/16/2024	16:04:58	8881c051-098b-45a0-98d4-53c96d2178bf	GET	/contact_details	undefined
04/16/2024	16:04:60	06d4b9b3-dac9-456b-9fd4-036d1a3a0119	POST	/contact_details	undefined
04/16/2024	16:04:20	0a565730-d119-4134-a5fb-35a7ed90ba83	POST	/contact_details	undefined
04/16/2024	16:04:73	e270c7e8-ec30-4ad1-9153-c62f508e27e4	POST	/contact_details	undefined
04/16/2024	16:04:91	581c4525-15a9-4337-9d77-e5d4835e3d17	POST	/contact_details	undefined
04/16/2024	16:04:83	80d1c57c-dd9e-4fcb-b9b2-e4605ffc4c26	POST	/contact_details	undefined
04/16/2024	16:04:08	ca441c4f-c4a8-477a-a3dc-c9d285963b72	POST	/contact_details	undefined
04/16/2024	17:04:80	3ed7ce7a-8914-46eb-8d7f-e407c99035be	POST	/contact_details	undefined
04/16/2024	17:04:16	5a347ca6-36ae-40e2-8466-da57597004a2	POST	/contact_details	undefined
04/16/2024	17:04:75	250b06d8-6b51-4548-8bc9-1ac0cc109fbd	POST	/contact_details	undefined
04/16/2024	17:04:10	92f981aa-54b7-4b59-a18d-aca0994b9a33	POST	/contact_details	undefined
04/16/2024	17:04:11	a32976a9-0cba-4ef7-8296-d5197feca0f8	POST	/contact_details	undefined
04/16/2024	17:04:33	1a994400-8d16-4a5c-9d59-5173c8409b93	POST	/contact_details	undefined
04/16/2024	17:04:23	d5ed9b72-f952-4911-9b06-a90872a25c33	POST	/contact_details	undefined
04/16/2024	17:04:87	f588f668-8f7a-41cb-9dc3-6423060915d7	POST	/contact_details	undefined
04/16/2024	17:04:14	95522af7-250c-4301-ab25-506410a4d8c7	GET	/contact_details	undefined
04/16/2024	17:04:25	c19ea140-90ec-426f-a5a7-5df0b6699b13	PATCH	/contact_details	undefined
04/16/2024	17:04:81	9cb3e4ad-70c0-479a-bffb-bee0dfc88f6f	PATCH	/contact_details	undefined
04/16/2024	17:04:10	a69b3e3c-2408-48e1-87fc-a6a414c84dea	PATCH	/contact_details	undefined
04/16/2024	17:04:84	6b82693b-4f41-4d94-8da4-f342044467f8	PATCH	/contact_details	undefined
04/16/2024	17:04:00	b9ba46cc-58e0-4fed-8399-6f0cf35c41c0	PATCH	/contact_details	undefined
04/16/2024	17:04:74	8c8e368e-1075-40bb-8fbd-911b8c7e4cef	PATCH	/contact_details	undefined
04/16/2024	17:04:65	d0cb6c6f-4b19-4c37-8d79-ab57491ba1dc	DELETE	/contact_details	undefined
04/16/2024	17:04:74	32f31933-e99a-414b-bdc6-b395f06dc4c1	DELETE	/contact_details	undefined
04/16/2024	17:04:42	35657954-b348-4431-928e-70b07d34a7f2	DELETE	/contact_details	undefined
04/16/2024	17:04:55	a08e5e62-9258-4fa7-ac82-707d8d504169	GET	/contact_details/1	undefined
04/16/2024	17:04:61	2f986e48-b44b-4be3-b1b6-a1e19a38d481	GET	/contact_details/2	undefined
04/16/2024	17:04:38	2a974c9d-a3e1-4d5a-bbed-b953e10afb48	GET	/contact_details/2	undefined
04/16/2024	17:04:16	4a7e7d79-e390-4b14-8882-701762fec2f7	GET	/contact_details/3	undefined
04/16/2024	17:04:05	c6fbb572-1041-4453-8e28-94fba38de8d2	GET	/contact_details/user	undefined
04/16/2024	17:04:20	737b71ca-1605-40c7-8f53-ede4bcfdafad	GET	/contact_details/user	undefined
04/16/2024	17:04:10	99b2df07-0d8a-48ef-89e7-a5ee732b4720	GET	/contact_details/user	undefined
04/16/2024	17:04:51	d2663403-3d0f-4b01-af7a-07ee1ef8b1f8	GET	/contact_details/user	undefined
04/16/2024	17:04:77	e7f6ef37-66a0-41bf-bc0d-a872c3cbb44a	GET	/contact_details/user	undefined
04/16/2024	17:04:62	48ce85a4-b94d-404b-88a0-515c8e49c019	GET	/contact_details/user	undefined
04/16/2024	17:04:31	639df85e-fed4-43f9-9158-cd28eddc2c18	GET	/contact_details/company	undefined
04/16/2024	17:04:74	7a25cc90-b197-45f6-a3a5-e8e347f13c01	GET	/contact_details/company	undefined
04/16/2024	17:04:93	09c09822-7ce8-4f9f-bcb7-2e61f93356ea	GET	/contact_details/company	undefined
04/16/2024	17:04:32	0321ae00-7bb5-4cd2-9f50-ddebc1a07edb	GET	/documents	undefined
04/16/2024	19:04:12	15646d61-e7c7-400f-a361-4e642060c47d	GET	/documents	undefined
04/16/2024	19:04:03	4c6bf6f5-3018-4835-a99e-97898068a454	POST	/documents	undefined
04/16/2024	19:04:99	8a65a0f6-f7fb-46f3-b87b-e882c0f27fd3	POST	/documents	undefined
04/16/2024	19:04:70	4f5ca50f-dcf8-45a6-aa05-796d51494f11	GET	/documents	undefined
04/16/2024	19:04:50	33e4c350-110d-46e6-89a4-4098d07c1846	PATCH	/company	undefined
04/16/2024	19:04:12	e14cb4df-6d90-4670-b5a0-9615d9c200df	PATCH	/company	undefined
04/16/2024	19:04:49	82b120e9-d608-4b64-afb8-8a6bc0aff97c	PATCH	/documents	undefined
04/16/2024	19:04:95	a71184a5-e7b9-497b-8379-e0e0e658cabc	DELETE	/documents	undefined
04/16/2024	19:04:85	bb5cc0e7-d7a8-49ec-a62c-4f06b8656090	DELETE	/documents	undefined
04/16/2024	19:04:17	686b6212-bc87-4f2d-b3b0-ead1783a9d0d	DELETE	/documents	undefined
04/16/2024	19:04:06	6b110be7-4226-4ffe-a0a2-bcb3f288dbd9	GET	/documents/3	undefined
04/16/2024	19:04:62	400fc333-d6c9-4c5c-a483-91cf68479fda	GET	/documents/3	undefined
04/16/2024	19:04:69	7d9780b4-1130-4267-96ec-fa5b7319a7cd	GET	/documents/2	undefined
04/16/2024	19:04:97	1f13f02b-0957-4804-8706-4807969a719e	GET	/documents/1	undefined
04/16/2024	19:04:52	ca93ef38-b4b2-46e1-814a-d3923b0404cf	GET	/documents/company	undefined
04/16/2024	19:04:30	e4848fd0-ed2e-459b-a75b-375386f8593c	GET	/documents/company	undefined
04/16/2024	20:04:89	3eaa6c52-78eb-4e7e-9b26-4a0866aaeb75	GET	/company_info	undefined
04/16/2024	20:04:19	ad11a153-2ef1-4c2c-9e84-7927ae26a585	GET	/freight	undefined
04/16/2024	20:04:87	b16b0faa-0f9c-44c8-a239-1812a4a57559	GET	/freight	undefined
04/16/2024	20:04:94	2532d3b8-a168-49a1-9e96-758e042c3ba5	POST	/freight	undefined
04/16/2024	20:04:47	88e01250-27f8-4471-82df-a0ea7d5cb63f	POST	/freight	undefined
04/16/2024	20:04:86	488cd179-31d7-4e24-80fc-42e21d2a9fd5	POST	/freight	undefined
04/16/2024	20:04:30	d3705463-29a8-4c95-9aa4-a0de32e8fc70	GET	/freight	undefined
04/16/2024	20:04:10	2ddedb9d-6a6a-4a62-a86a-720ed0a8c1c1	PATCH	/company_info	undefined
04/16/2024	20:04:07	b7a75cc9-1e57-415e-94b8-87d9c3e7b1d1	PATCH	/freight	undefined
04/16/2024	20:04:22	d0b1b743-a4cc-4b77-9453-b85bea00e11f	PATCH	/freight	undefined
04/16/2024	20:04:59	5a2530fa-0ce3-4876-a2e4-bf21224fd284	PATCH	/freight	undefined
04/16/2024	20:04:13	00b4a70c-58e2-4d15-ae3c-b74b38521d1f	DELETE	/freight	undefined
04/16/2024	20:04:40	179e03d1-73c3-43cf-bff6-5eb61540ef36	DELETE	/freight	undefined
04/16/2024	20:04:72	d98dfdd3-d731-4b60-8026-b90b8243f2ec	DELETE	/freight	undefined
04/16/2024	20:04:64	b9a0de8e-8e6a-421d-b93c-88054b37f70b	GET	/freight/1	undefined
04/16/2024	20:04:09	a45d72a3-6dc3-4438-9720-dc3216b48333	GET	/freight/2	undefined
04/16/2024	20:04:01	575d612f-7441-43a3-bd86-f140a82cb122	GET	/load_securing	undefined
04/16/2024	20:04:99	4faa236d-326d-4954-b102-7718054e3279	GET	/load_securing	undefined
04/16/2024	20:04:93	3abe6350-d030-4aa8-be25-cbf359efa82d	POST	/load_securing	undefined
04/16/2024	20:04:71	c728fde0-5052-4d0c-a49e-b7d6a3584dce	POST	/load_securing	undefined
04/16/2024	21:04:65	bc26570b-07ef-4cc0-829f-077cebfdc3f3	GET	/load_securing	undefined
04/16/2024	21:04:70	be5d0b66-e283-45d1-a2c7-cef08195116d	GET	/load_securing/name	undefined
04/16/2024	21:04:77	33041e5e-4e3c-4479-abf6-dda2afc02980	GET	/load_securing/name	undefined
04/16/2024	21:04:11	028b8c5c-a42a-4bcd-87b6-1c7f2ec74124	GET	/load_securing/1	undefined
04/16/2024	21:04:49	05d996a3-7027-455e-a2c5-aef47f46ff76	GET	/load_securing/6	undefined
04/16/2024	21:04:77	4efe5738-f607-496e-8083-60fddc5368fc	GET	/nature_cargo	undefined
04/16/2024	21:04:69	81493382-5e17-4820-ba71-891c9495dbd5	GET	/nature_cargo	undefined
04/16/2024	21:04:01	fb57229d-4a0a-44ec-a839-8ea336a67dd5	POST	/nature_cargo	undefined
04/16/2024	21:04:34	3dfa0d83-47e8-4731-8df1-855ffd0f1dad	GET	/nature_cargo	undefined
04/16/2024	21:04:16	3fa3402f-3cf0-4375-b944-5ebb2f62d70e	POST	/nature_cargo	undefined
04/16/2024	21:04:76	ec21f584-39fc-4ac7-ba74-3bd9bebb30f7	GET	/nature_cargo/name	undefined
04/16/2024	21:04:56	13ad8b32-1595-4bba-88df-9f16f2561cdc	GET	/nature_cargo/name	undefined
04/16/2024	21:04:00	f02675ac-7e17-42dd-be20-df3261d3581d	GET	/nature_cargo/1	undefined
04/16/2024	21:04:77	618f8a03-2e6e-4451-a3a0-bc90d2b40178	GET	/nature_cargo/10	undefined
04/16/2024	21:04:96	062e937a-ed26-491c-8f06-ef6f30e2fbb5	GET	/nature_cargo/10	undefined
04/16/2024	21:04:25	fd29236c-b0d2-4f68-b95f-0e079156d2a2	GET	/roles	undefined
04/16/2024	21:04:21	64870475-8bd6-4f0f-a069-f77af0b17f63	POST	/roles	undefined
04/16/2024	21:04:34	99958da0-f321-41df-9c7b-5d88b95bf433	GET	/roles/name	undefined
04/16/2024	21:04:70	90ad2bd6-9099-45a4-b62d-192f9d28f057	GET	/roles/name	undefined
04/16/2024	21:04:35	a1c22bd7-317a-4d3f-80d5-c5f31a9c8eb4	GET	/roles/name	undefined
04/16/2024	21:04:91	7d8a2164-b36c-4905-b1f5-eed22992b2fe	GET	/roles/10	undefined
04/16/2024	21:04:08	3275e085-8740-484a-8e32-65ee2400bc3b	GET	/roles/1	undefined
04/16/2024	21:04:96	1336d0aa-ac76-4be1-a631-cdf4d1ce00c5	GET	/settings	undefined
04/16/2024	21:04:78	c600a9b0-e4d4-4337-b2de-5e2c984990b2	POST	/settings	undefined
04/16/2024	21:04:46	3cddb333-61f8-4786-bb52-1d6dca168a00	POST	/settings	undefined
04/16/2024	21:04:85	689ac9d0-5cbb-4299-b087-50fe26926380	GET	/settings	undefined
04/16/2024	21:04:30	7b36b6af-d82c-4183-98c3-29b4a7eeb79e	PATCH	/settings	undefined
04/16/2024	21:04:82	a94c95fa-dba9-4def-b506-da59dabde4b8	PATCH	/settings	undefined
04/16/2024	21:04:66	ca5e27fb-ab75-4e25-b33c-b45b81100522	GET	/settings/user	undefined
04/16/2024	21:04:04	d281a6f9-bfcf-47b0-9caf-38f5daf35e96	GET	/settings/1	undefined
04/16/2024	21:04:51	a6433949-a5f2-4c1c-9b7e-f2e59316c8d2	GET	/settings/user	undefined
04/16/2024	21:04:01	3c678e81-1614-40a4-91a3-83e070224371	GET	/settings/user	undefined
04/16/2024	21:04:35	eb2e2b55-5961-4fe3-a1f3-bcb661718b7d	DELETE	/settings	undefined
04/16/2024	21:04:66	10ae78d8-68f1-40cf-9d39-62cc7b5c674e	DELETE	/settings	undefined
04/16/2024	21:04:40	913c8df1-c582-43a6-9177-045c68e4001a	DELETE	/settings	undefined
04/16/2024	21:04:09	f6aae7f3-ea91-4e27-9776-609323605449	GET	/settings/1	undefined
04/16/2024	21:04:24	d626da50-dd4f-4e2b-bb11-ebd7b510c339	GET	/settings/2	undefined
04/17/2024	00:04:07	70de5019-64ee-4a21-b828-183a9fa1a547	GET	/storage_equipment	undefined
04/17/2024	00:04:65	5d1a31bd-ea10-4e3e-9161-0978b2563dab	POST	/storage_equipment	undefined
04/17/2024	00:04:96	eb3c997a-fc2c-4959-87c8-2ace4611acc6	GET	/storage_equipment	undefined
04/17/2024	00:04:61	032bfb70-83a1-46ab-aac0-619bc355bff4	GET	/storage_equipment/name	undefined
04/17/2024	00:04:24	b26a365a-433c-4a03-9eda-59ad6f341bec	GET	/storage_equipment/name	undefined
04/17/2024	00:04:48	8113e323-99cc-408d-a895-acb9f84aa483	GET	/storage_equipment/name	undefined
04/17/2024	00:04:23	b7997ea2-c5cf-4da7-a9a3-0c5fa28cec5a	GET	/storage_equipment/name	undefined
04/17/2024	00:04:71	642465b1-1aab-4beb-a5bc-7a711822e2e0	GET	/storage_equipment/1	undefined
04/17/2024	00:04:25	754fd464-c58d-4ea5-a5aa-15a6f688a5f6	GET	/storage_equipment/10	undefined
04/17/2024	00:04:21	971e3b4d-08be-47ed-afbe-abe66adeeebd	GET	/storage_facilitiess	undefined
04/17/2024	00:04:97	8c62f772-74c7-4fe1-82f1-a57d14abcc72	GET	/storage_facilities	undefined
04/17/2024	00:04:79	df9060a3-d680-4565-a64c-3371e7800b4a	GET	/storage_facilities	undefined
04/17/2024	00:04:08	82633cff-75d0-4cf5-b746-1795fa2b1f22	POST	/storage_facilities	undefined
04/17/2024	00:04:64	8b1bcd58-a138-4fb9-a351-5c04313eb152	GET	/storage_facilities	undefined
04/17/2024	00:04:42	d69fa595-fc8c-4c41-9247-cfd1ff46c0f3	GET	/storage_facilities/name	undefined
04/17/2024	00:04:66	f160b994-8b71-41a2-b4ef-5af075a37f02	GET	/storage_facilities/name	undefined
04/17/2024	00:04:23	c1c17c47-a216-4de8-98d7-e7ea882d278d	GET	/storage_facilities/1	undefined
04/17/2024	00:04:05	c5dc576d-f8d3-4b09-8568-4978b6422177	GET	/storage_facilities/10	undefined
04/17/2024	00:04:65	96718103-c6ef-4557-b751-56dd4c630b5c	GET	/storage_facilities/10	undefined
04/17/2024	00:04:39	e080122a-c1cf-4ea4-97b9-a33db648ba48	GET	/swap_body	undefined
04/17/2024	00:04:91	9d2bccf4-708f-4f3b-b045-536ff28d9973	POST	/swap_body	undefined
04/17/2024	00:04:98	e41b2227-d563-4990-83f5-4a3cc4ebb508	GET	/swap_body	undefined
04/17/2024	00:04:73	93f691bf-eebb-432e-bfc6-e553a063f47d	GET	/swap_body/name	undefined
04/17/2024	00:04:26	1f74b31f-682c-4d78-9d67-451314c1f7a8	GET	/swap_body/name	undefined
04/17/2024	00:04:35	ada3eeee-27e6-4a2c-8879-c690f39f537d	GET	/swap_body/1	undefined
04/17/2024	00:04:16	4c10475f-31a0-4e60-9770-39808784128c	GET	/swap_body/10	undefined
04/17/2024	00:04:63	6382281d-8cc7-4d30-aef0-f873a1268398	GET	/swap_body/10	undefined
04/17/2024	00:04:83	9d7751cc-231f-4a90-be46-75443cf65af2	GET	/tender	undefined
04/17/2024	00:04:99	fb8d0d8b-e6fc-463f-ba45-5e56e9ee374b	GET	/tender	undefined
04/17/2024	00:04:54	d3b2961b-4432-4602-9abb-8ec42106dc32	POST	/tender	undefined
04/17/2024	00:04:68	48d562ba-15b1-4447-9803-f7463c85f06b	POST	/tender	undefined
04/17/2024	00:04:74	ce805b3a-5a2d-4ca3-bfa3-d3fa91fa1bc0	GET	/tender	undefined
04/17/2024	00:04:50	05f2188a-5c2d-42e2-9291-8c425d4da6dc	PATCH	/tender	undefined
04/17/2024	00:04:12	d22190c9-12b8-418c-a108-a2626d5d6296	PATCH	/tender	undefined
04/17/2024	00:04:75	8ab7a96c-7b31-4b23-8f61-8ef43974c017	PATCH	/tender	undefined
04/17/2024	00:04:45	1435f9b2-38c1-4db2-b29c-1ec8c76fe164	DELETE	/tender	undefined
04/17/2024	00:04:55	157a5ec1-eb3c-4719-9871-0d33236cf273	DELETE	/tender	undefined
04/17/2024	00:04:95	11587df2-9dd5-4f9b-9754-fa5cfa77d2b5	DELETE	/tender	undefined
04/17/2024	00:04:31	f5c531fc-1ea4-4645-aaa8-801051bd3cd4	GET	/tender/2	undefined
04/17/2024	00:04:70	38900d24-e400-4fcc-86ae-ddc9a8ec7a4d	GET	/tender/1	undefined
04/17/2024	18:04:99	7a5944ee-9dd8-491a-932e-c30537c85513	GET	/tender/1	undefined
04/17/2024	18:04:80	bee62c8a-b7fd-4a3f-bd86-b4488be78e9e	GET	/tender/2	undefined
04/17/2024	18:04:52	fa734033-23b1-4d34-9c16-8c5e1b3f03cb	GET	/tender_routes	undefined
04/17/2024	18:04:86	acd866ce-8629-4ccc-b05e-6a6e1a8c77c8	GET	/tender_routes	undefined
04/17/2024	18:04:47	4a38e35f-893d-41c2-8058-ead46c84536f	POST	/tender_routes	undefined
04/17/2024	18:04:91	a2f9b9cd-daa2-4735-9e51-d66ef5ffe08f	GET	/tender_routes	undefined
04/17/2024	18:04:17	a023fe07-2123-49c3-9382-4eae95ed5295	PATCH	/tender_routes	undefined
04/17/2024	18:04:02	7c8ae715-0f8e-4b1a-91ee-1307cf678049	PATCH	/tender_routes	undefined
04/17/2024	18:04:24	d7af4e6b-b99c-46a3-8c3f-71c12373dbc5	PATCH	/tender_routes	undefined
04/17/2024	18:04:67	f5ca0976-558c-4099-b85c-d1d0af200081	DELETE	/tender_routes	undefined
04/17/2024	18:04:06	8928d036-787c-4145-b757-603bf5f26bc2	DELETE	/tender_routes	undefined
04/17/2024	18:04:66	f10bc457-568b-4bbe-8478-02041af290b9	GET	/tender_routes/1	undefined
04/17/2024	18:04:17	a2dfc3c1-0caf-4e68-85fb-0381348f6e54	GET	/tender_routes/2	undefined
04/17/2024	18:04:38	c8acc220-b0b8-4cb9-9ce4-7121e095ca08	GET	/type_invoice	undefined
04/17/2024	18:04:96	a0f9f353-054a-4d4c-b6ab-009cb0d17558	POST	/swap_body	undefined
04/17/2024	18:04:65	2daef784-3bf4-4733-8b75-0993c78ec552	POST	/type_invoice	undefined
04/17/2024	18:04:18	90022558-c216-4217-9e51-fc691d67ca7e	POST	/type_invoice	undefined
04/17/2024	18:04:28	923e5acd-47ca-4931-b231-63112fba80c3	GET	/type_invoice	undefined
04/17/2024	18:04:09	9b1cfbac-8d2a-4bb8-9c15-5b4c995bc91d	GET	/type_invoice	undefined
04/17/2024	18:04:43	ece7fc35-2fcb-4444-8427-39c92a217bb5	GET	/type_invoice/10	undefined
04/17/2024	18:04:51	8a5dd137-b27a-42c4-bfea-6d7551bb83cb	GET	/type_invoice/1	undefined
04/17/2024	19:04:66	dfbf163e-cea5-48e7-92b7-290223a06459	GET	/type_of_cargo	undefined
04/17/2024	19:04:49	27998627-7c94-4f65-9f16-d726a843ae42	POST	/type_of_cargo	undefined
04/17/2024	19:04:21	4ebd74d4-463b-4458-98ee-f7c038d57039	GET	/type_of_cargo/name	undefined
04/17/2024	19:04:91	9e6c9786-1b12-4698-bd28-f48b7702460e	GET	/type_of_cargo/1	undefined
04/17/2024	19:04:36	a2e3a2dc-be8d-42b6-9a30-c58daea610db	GET	/type_of_settiement.name	undefined
04/17/2024	19:04:67	96945b51-77c6-4093-a607-002fab65c865	GET	/type_of_settiement	undefined
04/17/2024	19:04:50	31bc5ab1-effb-4d3b-8be4-cc4cd6423ad2	POST	/type_of_settiement	undefined
04/17/2024	19:04:18	a39bf751-8040-4767-b6fb-4a6f1f8cfd6f	GET	/type_of_settiement/name	undefined
04/17/2024	19:04:24	59873a47-2427-454c-aa56-92ba222b487a	GET	/type_of_settiement/1	undefined
04/17/2024	19:04:77	465c49ab-15c6-4756-a8c4-010e797b3bea	GET	/type_of_storage	undefined
04/17/2024	19:04:44	644e2b1b-c4ba-4ee0-82b0-1a2ebfcbc97e	POST	/type_of_storage	undefined
04/17/2024	19:04:63	49b01041-7aa2-432c-b8a0-09657b07ea4f	GET	/type_of_storage/name	undefined
04/17/2024	19:04:22	5a982d57-36db-43df-acdf-d8879b124738	GET	/type_invoice/1	undefined
04/17/2024	19:04:76	f68004de-9a12-4d5a-8be4-f89ad5f2a31b	GET	/type_of_storage/1	undefined
04/17/2024	19:04:86	136e753d-2781-46c6-ac3c-77e856999b0c	GET	/type_of_tender	undefined
04/17/2024	19:04:63	3ed4be5e-7306-4bbc-92ff-7d2ced3bb827	POST	/type_of_tender	undefined
04/17/2024	19:04:33	2c4223ec-6bc5-4e25-b8ad-ad29b7c5e645	GET	/type_of_tender/name	undefined
04/17/2024	19:04:92	22d83c7e-073b-4be8-8dd7-b0b696c698fe	GET	/type_of_tender/1	undefined
04/17/2024	19:04:52	4bc89c57-b7b4-4323-a248-7179b21e01db	GET	/type_of_transport	undefined
04/17/2024	19:04:27	dfdc02fc-9e4f-477e-a73a-e00e48d43c25	POST	/type_of_transport	undefined
04/17/2024	19:04:65	10f377c0-3efa-4294-b3a2-deff2b7ee3cc	GET	/type_of_transport/name	undefined
04/17/2024	19:04:74	5b155468-4632-4dca-ab53-7894132b18a0	GET	/type_of_transport/1	undefined
04/17/2024	19:04:89	a946c79c-8eab-401b-861f-308069587f33	GET	/type_of_vehicle	undefined
04/17/2024	19:04:64	614c02be-6af0-4e0f-82e6-83422797033d	POST	/type_of_vehicle	undefined
04/17/2024	19:04:18	0b967672-bc9d-44a4-a74b-e14e4d364e39	GET	/type_of_vehicle/name	undefined
04/17/2024	19:04:39	124364b1-a579-4019-8b30-675c25242e97	GET	/type_of_vehicle/1	undefined
04/17/2024	19:04:14	dd9f884e-8743-4ee9-9ff2-2b5edfdecdb8	GET	/vehicle_body	undefined
04/17/2024	19:04:47	95e0b23c-a924-4419-bfe3-0343270f942d	POST	/vehicle_body	undefined
04/17/2024	19:04:60	3103d5f9-132f-4be1-8eb6-0202fb97a8e9	GET	/vehicle_body/name	undefined
04/17/2024	19:04:71	f9b84048-d291-4a13-9cf6-0f9dee0bd7e2	GET	/vehicle_body/1	undefined
04/17/2024	19:04:48	f142840f-694f-4f55-a44a-8112e1e29779	GET	/vehicle_equipment	undefined
04/17/2024	19:04:88	58f58394-3246-4f61-ba24-23f011126d48	POST	/vehicle_equipment	undefined
04/17/2024	19:04:44	225c5ab0-cf4b-490e-a402-17f08cfa6389	GET	/vehicle_equipment/name	undefined
04/17/2024	19:04:63	ca8fe038-99fb-4264-9061-9b8ffb13edf1	GET	/vehicle_equipment/1	undefined
04/17/2024	19:04:93	9fbb97aa-27f4-4d7b-bbed-116deeccad98	GET	/vehicle_trailer_info	undefined
04/17/2024	19:04:36	319c67fb-26a7-4e79-a61a-e76a426b9ae1	POST	/vehicle_trailer_info	undefined
04/17/2024	19:04:53	94ab2b10-faa0-4324-b15d-0473f0176503	GET	/vehicle_trailer_info/name	undefined
04/17/2024	19:04:53	938bde5a-0fd0-41b7-9505-c2b62c037da9	GET	/vehicle_trailer_info/1	undefined
04/17/2024	19:04:08	77164bfa-d649-4bad-b97b-e7c51ef03eb7	GET	/vehicle_type	undefined
04/17/2024	19:04:60	5c1e3ac9-58ec-40f7-b5d5-7263d6cac417	POST	/vehicle_type	undefined
04/17/2024	19:04:64	088ff6a7-bd0f-44ab-b4f0-bd42e1d3b5ce	GET	/vehicle_type/name	undefined
04/17/2024	19:04:87	8e579144-767a-47a1-b34f-768b23157c75	GET	/vehicle_type/1	undefined
04/17/2024	19:04:86	b0ea0709-e7ee-46ef-8e22-f5b1d0aa35f8	GET	/user_company_location	undefined
04/17/2024	19:04:91	a788d562-ce7d-4ceb-8f2c-77d2be97cc2a	POST	/user_company_location	undefined
04/17/2024	19:04:83	830d7236-145f-426e-8777-6af7c8fa6a88	GET	/user_company_location	undefined
04/17/2024	19:04:17	f179d726-0cc3-4807-ad09-083caf5ecc30	PATCH	/user_company_location	undefined
04/17/2024	19:04:37	cbfd3807-beba-45b2-9b48-f162b227fd6e	PATCH	/user_company_location	undefined
04/17/2024	19:04:68	e1e8352e-e724-481a-b39d-41328d0a707d	DELETE	/user_company_location	undefined
04/17/2024	19:04:94	f88daaaa-fdb3-4eee-8691-5c5d555a97e1	GET	/user_company_location/2	undefined
04/17/2024	19:04:52	ca9e5e92-8e87-4344-bc81-923951d47bcf	GET	/user_company_location/user	undefined
04/17/2024	19:04:70	dc367774-ce3b-424e-a331-e8956f672622	GET	/user_company_location/company	undefined
04/17/2024	20:04:37	b95a0374-a42b-4c2c-8eb0-12c14ee2150e	GET	/	undefined
04/17/2024	20:04:56	5cfa335f-6f89-4661-b335-5f579e62ec14	GET	/users	undefined
04/17/2024	20:04:75	8221c193-4b44-4bd5-9040-7a8a8dd7e6c1	GET	/users	undefined
04/17/2024	20:04:59	ac9ed153-8fd7-4e4f-9225-8ae7ab0ac846	POST	/users	undefined
04/17/2024	20:04:73	30d6a240-2329-42bb-a2f9-3db79a8725ba	POST	/users	undefined
04/17/2024	20:04:02	f617586a-f77d-4eb4-91a4-f77d3f40d440	PATCH	/users	undefined
04/17/2024	20:04:53	c586e223-8a88-4277-ad36-d2052c2af089	PATCH	/users	undefined
04/17/2024	20:04:86	e33e2b94-8848-4c2e-b966-f0d6bec44a4b	PATCH	/users	undefined
04/17/2024	20:04:55	b906e08b-1389-490a-9ea4-b6a610d9e185	PATCH	/users	undefined
04/17/2024	20:04:83	7c576d56-bd34-4015-bb10-a4d6cb089d37	PATCH	/users	undefined
04/17/2024	20:04:67	23b72ccd-283f-483d-a468-3e2541656209	PATCH	/users	undefined
04/17/2024	20:04:84	3ef53269-1ca5-499e-a5ef-59db876b5ac2	GET	/users/role	undefined
04/17/2024	20:04:34	e6259d54-90e5-487e-8f73-9d314003b3ee	GET	/users/role	undefined
04/17/2024	20:04:33	2a0ea02b-7338-4593-b8b7-ee6a295dbae7	DELETE	/users	undefined
04/17/2024	20:04:87	029f4358-ca70-4a01-9255-b7d3cf4d4ca8	DELETE	/users	undefined
04/17/2024	20:04:20	748ffa9b-a7d1-4f63-b1de-e42b0300b8bd	GET	/users/company	undefined
04/17/2024	20:04:21	d6a795a1-b77d-43e8-a23a-bf0bf68bcfba	GET	/users/name	undefined
04/17/2024	20:04:86	9f49b224-db24-43d0-a10e-81b689e083b7	GET	/users/name	undefined
04/17/2024	20:04:29	268e99d6-8b07-4e9d-9e3d-a0ecf6c7f911	GET	/users/username	undefined
04/17/2024	20:04:46	7f8ecd87-ab22-4dda-86bc-c5d7836ebfa1	GET	/users/username	undefined
04/17/2024	20:04:09	bb6bd9a5-2f01-4e70-944b-0928e12510fc	GET	/users/1	undefined
04/17/2024	20:04:63	f8def450-23e6-43b9-bca6-0bd471340aad	GET	/user_info	undefined
04/17/2024	20:04:39	ce0f545c-2b4c-4d98-b29b-74f6b856ced0	GET	/users_info	undefined
04/17/2024	20:04:24	0b37339e-e83e-400e-ad62-02261b767820	POST	/users_info	undefined
04/17/2024	20:04:19	89378ead-62ad-432a-ad29-c84aaccda8b1	POST	/users_info	undefined
04/17/2024	20:04:06	2430495e-14b9-4ded-a2c1-9ce95d2c6752	POST	/users_info	undefined
04/17/2024	20:04:05	b6973232-3eb3-436c-9eac-9173a5de8c9e	POST	/users_info	undefined
04/17/2024	20:04:51	115b6f57-75c1-4d29-aba0-a76877f8f62d	POST	/users_info	undefined
04/17/2024	20:04:65	70cfe5c8-ecf0-4993-94da-66c4c9ef4811	POST	/users_info	undefined
04/17/2024	20:04:16	556a3fd1-eda1-4ede-9b6b-ee033f8ae181	GET	/users_info	undefined
04/17/2024	20:04:38	ca9e022a-e8c5-4745-9c92-e319fe6508ca	PATCH	/users_info	undefined
04/17/2024	20:04:98	ad2567a7-b242-4194-bd79-6093373f9ec9	PATCH	/users_info	undefined
04/17/2024	20:04:35	16d59019-0e27-4240-b5d3-a81e619e27f7	PATCH	/users_info	undefined
04/17/2024	20:04:57	764d3c64-926a-47bc-9d6c-b5831c852abf	PATCH	/users_info	undefined
04/17/2024	20:04:78	007f8c26-f9f8-4196-bc0f-fc9a1c25d590	PATCH	/users_info	undefined
04/17/2024	20:04:70	8c61db29-b876-47fe-944f-63f937faff2b	PATCH	/users_info	undefined
04/17/2024	20:04:87	07c63e05-8621-42b7-844b-cee0d51308a4	DELETE	/users_info	undefined
04/17/2024	20:04:45	89db03b4-d566-4a23-a733-13693f9fa1e0	GET	/users_info/2	undefined
04/17/2024	20:04:01	fb8f9cf1-14bb-47e8-aadb-3307e0d937ba	GET	/users_info/user	undefined
04/17/2024	20:04:05	f0d15763-f51b-4adb-be37-0719e75f1e94	GET	/users_info/user	undefined
04/17/2024	20:04:38	0b6fe5f9-73e6-460e-9a80-6c172ff9ef13	GET	/user_tools	undefined
04/17/2024	21:04:91	1b330194-e4f6-4012-96a8-946c8d9ef10a	POST	/user_tools	undefined
04/17/2024	21:04:79	67f63ee6-18ca-4cd1-8eeb-561406da4304	GET	/user_tools	undefined
04/17/2024	21:04:53	503d42c1-7ea6-49d0-824f-91da0788972d	DELETE	/user_tools	undefined
04/17/2024	21:04:50	f7b21ab9-0fbf-4d4c-a0c3-2c175a499bfc	GET	/user_tools/1	undefined
04/17/2024	21:04:94	14d4b96f-04f3-4c80-9572-c0156b2d41a2	GET	/user_tools/company	undefined
04/17/2024	21:04:76	30006ecd-5470-4cb8-b8bd-3e8ce7883e1f	GET	/user_tools/company	undefined
04/17/2024	21:04:70	f1feb41f-ec0c-44dd-baa6-bb9c692096a6	GET	/user_tools/company	undefined
04/17/2024	21:04:42	0cad689b-6cb4-486d-965a-8b06ffd44670	GET	/vehicle	undefined
04/17/2024	21:04:06	964de994-49a9-4b27-b6ba-5a9974b81cbb	GET	/vehicle	undefined
04/17/2024	21:04:82	2e65d41f-1b89-4ec2-b4e8-e02038db4e49	POST	/vehicle	undefined
04/17/2024	21:04:37	d184da4a-f15d-45e1-8f92-15be12d738c4	POST	/vehicle	undefined
04/17/2024	21:04:49	ec774ac2-d18c-4fdd-99bc-351e5f99a420	POST	/vehicle	undefined
04/17/2024	21:04:92	9361f608-4a09-4794-abdc-870085a7288b	GET	/vehicle	undefined
04/17/2024	21:04:13	6f3fd6f1-24ba-4f5a-945e-bce62df3e3ba	PATCH	/vehicle	undefined
04/17/2024	21:04:02	8461c57a-cb53-4ced-8ead-721cbcd58183	PATCH	/vehicle	undefined
04/17/2024	21:04:19	37ac2149-4c99-4d35-8e9b-55fdbc506e4a	GET	/vehicle/1	undefined
04/17/2024	21:04:59	387484c2-f4ff-45b3-961a-ad448416ef4b	GET	/warehousing	undefined
04/17/2024	21:04:65	4fca9fec-cbcf-43d9-a5b6-4e92e502a7f2	POST	/warehousing	undefined
04/17/2024	21:04:74	30a0c516-fcda-46e0-948e-b5197971a0f8	POST	/warehousing	undefined
04/17/2024	21:04:91	09a5ccb0-22f7-45e7-892b-067425376648	POST	/warehousing	undefined
04/17/2024	21:04:32	0fb7ac44-2624-477c-9daf-3daaf4b22a6e	GET	/warehousing	undefined
04/17/2024	21:04:40	e156ee52-c801-4de0-aeae-c572db1eddb1	PATCH	/warehousing	undefined
04/17/2024	21:04:81	10e73bec-81a9-4c7d-bfcd-9769ad63040a	PATCH	/warehousing	undefined
04/17/2024	21:04:42	89e11042-1753-4504-be74-237c2090c585	PATCH	/warehousing	undefined
04/17/2024	21:04:55	fd3ec79e-113d-4b79-91d7-c67b40bfaaee	PATCH	/warehousing	undefined
04/17/2024	21:04:61	d45f16e3-9a75-48fd-860b-fd4027167c3f	PATCH	/warehousing	undefined
04/17/2024	21:04:94	ffe7f7de-df97-4c0c-9bc4-dcd8d92cd210	PATCH	/warehousing	undefined
04/17/2024	21:04:25	50663f8a-2b9b-4a94-ae9e-2dd3a094b808	DELETE	/warehousing	undefined
04/17/2024	21:04:68	946e46de-d972-46e0-b1db-30eff6486c6b	GET	/warehousing/1	undefined
04/17/2024	21:04:74	8979747f-718b-4372-af36-5ad589c8fd62	GET	/warehousing/1	undefined
04/17/2024	21:04:48	b6859cfc-e29c-4481-979a-d0f990124033	GET	/warehousing/2	undefined
04/17/2024	21:04:37	89dfa786-66fe-411c-965f-71450ada1c54	GET	/fav_black	undefined
04/17/2024	21:04:73	77cbb74a-1589-4a37-a9c3-eaf9096fffd2	POST	/fav_black	undefined
04/17/2024	21:04:72	c05d3171-d554-4f6e-af6f-7e09412610fd	GET	/fav_black	undefined
04/17/2024	21:04:67	db4aa62a-639b-4322-b27d-8c198d078ff0	PATCH	/fav_black	undefined
04/17/2024	21:04:51	b889c699-d1c5-4409-a48e-875a6397dee0	PATCH	/fav_black	undefined
04/17/2024	21:04:00	392ddf26-2f94-49f3-8093-4e15ab95e3c6	DELETE	/fav_black	undefined
04/17/2024	21:04:97	a550d1fb-6354-4b29-adb8-f1a873256b0a	GET	/fav_black/user	undefined
04/17/2024	21:04:51	ff9644c7-9965-48f8-bbee-5d4249309c03	GET	/fav_black/user	undefined
04/17/2024	21:04:32	d8f161a8-3020-43c7-becc-b2b267e70239	GET	/fav_black/user	undefined
04/18/2024	19:04:99	a4b6ed96-fccd-4315-8a46-30143d661895	POST	/documents	undefined
04/18/2024	19:04:87	641c9f36-c58f-4b62-a047-8de6b2049732	POST	/documents	undefined
04/18/2024	19:04:27	ad41ae12-9ee8-4159-9d4e-f172cee78858	POST	/documents	undefined
04/18/2024	19:04:13	92188ba9-b8b8-4faf-aa3a-415004677c38	POST	/documents	undefined
04/18/2024	19:04:28	3e2cb8ce-ce95-445f-8615-fc97ce08511e	POST	/documents	undefined
04/18/2024	19:04:86	d4d6d36c-172a-49ab-90e2-6565c6a1caca	POST	/documents	undefined
04/18/2024	19:04:53	e5c10ada-c482-4960-bd14-932b6eea379b	POST	/documents	undefined
04/18/2024	19:04:04	00c4991e-b433-40ad-8fad-0bafab1a0299	POST	/documents	undefined
04/18/2024	19:04:20	5e820e8d-b362-4db4-9523-d09434246fb8	POST	/documents	undefined
04/18/2024	21:04:84	fe37f9a8-1730-4f35-a63c-14721e6a697a	GET	/	undefined
04/18/2024	21:04:55	46ec8623-61f3-4f12-8d86-ea68d50751a3	GET	/favicon.ico	undefined
04/18/2024	21:04:23	e94e484f-b04e-453c-8b04-c94abb62958a	POST	/documents	http://localhost:3000
04/18/2024	21:04:88	ddeb38d2-b239-4b20-b83f-9ad434e57aad	GET	/	undefined
04/18/2024	21:04:32	acad081c-5fc2-4849-adbd-695943fb7bd9	POST	/documents	http://localhost:3000
04/18/2024	21:04:03	a6ab90d0-5b00-4de2-a37e-6ff5fb646312	GET	/	undefined
04/18/2024	21:04:12	3a5343c4-e6f3-4bd4-aec7-cf53e6fec6b5	POST	/documents	http://localhost:3000
04/18/2024	21:04:06	23d6f876-83ea-499f-a55d-81d09e4b471d	GET	/	undefined
04/18/2024	21:04:29	50e67f31-0d43-4446-99bf-5c0bb69595c9	POST	/documents	http://localhost:3000
04/18/2024	21:04:26	cefdab90-ce08-4ecb-845d-979c64b8a797	GET	/	undefined
04/18/2024	21:04:17	c45f568c-fc8e-4483-85f2-034a658da178	POST	/documents	http://localhost:3000
04/18/2024	21:04:54	07812e28-0bf7-4a19-9d93-f45920461bbd	GET	/	undefined
04/18/2024	21:04:49	d7eea2a5-5b78-4ed2-84d7-af6c88c056e4	POST	/documents	http://localhost:3000
04/18/2024	21:04:03	e7bbfa15-47d4-4a7e-bf75-c2ff3ce3b3ba	GET	/	undefined
04/18/2024	21:04:71	65e5db88-3850-4111-97b2-ae3363cdfd9e	POST	/documents	http://localhost:3000
04/18/2024	21:04:46	20266059-69c3-4d6a-9624-a92330ed3cb1	POST	/documents	http://localhost:3000
04/18/2024	22:04:23	d1d61ad9-dcbb-4be9-beb2-8ab2dd0a43e2	GET	/users	undefined
04/18/2024	22:04:81	cfd47806-23c8-47ad-962c-3ecdcfbe5cf9	POST	/auth	undefined
04/18/2024	22:04:06	81bc128b-8aea-49f1-a378-64b98d19af8b	GET	/users	undefined
04/18/2024	22:04:80	a3816670-553f-4ddb-b15c-50840c7656fa	GET	/users	undefined
04/18/2024	22:04:67	33f47df0-2dd6-40db-98c6-25c0376c31be	GET	/users	undefined
04/18/2024	22:04:98	1aac4911-4cac-4e17-9006-2acd8a6b9821	POST	/auth	undefined
04/18/2024	22:04:32	02ec472a-59e1-4c16-98b5-78e7fa67b969	GET	/users	undefined
04/18/2024	22:04:46	5f4afc4d-c8d4-4919-9a74-731adcecf8b2	GET	/users	undefined
04/18/2024	22:04:34	94a6d2fd-3cd1-4de8-8f64-af2e6a68a7f3	GET	/users	undefined
04/18/2024	22:04:03	7789eb52-cc57-404f-8e64-23d736fb5b77	GET	/users	undefined
04/18/2024	22:04:61	820e339c-08e6-4166-bd40-67e5bba57eb4	GET	/users	undefined
04/18/2024	22:04:90	b4ae075f-6cee-43bf-a1bd-6a7e7069007c	GET	/users	undefined
04/18/2024	22:04:88	b556ab85-416e-43fc-a587-d5a9d8107104	GET	/users	undefined
04/18/2024	22:04:58	426214f8-b749-468c-859d-41f5907dfeca	GET	/users	undefined
04/18/2024	22:04:18	c2cbbb6c-c90a-411b-a22e-3d8a6a9d5765	GET	/users	undefined
04/18/2024	22:04:10	6cbfd3f3-f035-4cbc-9cd4-3f378063eb88	GET	/users	undefined
04/18/2024	22:04:36	25acba85-f27b-4522-a08c-9c4599004b07	GET	/users	undefined
04/18/2024	22:04:65	c70cf47c-74ed-4cd6-9075-61faf1391696	GET	/users	undefined
04/18/2024	22:04:45	ee57e761-b327-460f-a4fc-5fc74b6a97ea	GET	/users	undefined
04/19/2024	02:04:58	a7d43bb8-09b9-4129-b91e-4f0a7f64f6b6	POST	/auth	undefined
04/19/2024	02:04:55	6f684151-e528-4d74-a8f4-7ce79660898f	POST	/auth	undefined
04/19/2024	02:04:82	c86e830a-b328-4981-9e58-e33bc2c34ab8	GET	/users	undefined
04/19/2024	02:04:17	14db0806-23cd-4451-b184-60ce2e2965bf	GET	/users	undefined
04/19/2024	02:04:25	87bd5781-8117-4eb0-8d4b-ebfc1d41fabc	GET	/users	undefined
04/19/2024	02:04:67	39583630-5b01-48a4-91bb-146a46e217ea	GET	/users	undefined
04/19/2024	02:04:60	3b10c1ab-03d4-4e0b-aae7-6c4002c91d0f	GET	/users	undefined
04/19/2024	02:04:65	cfd9f187-7d81-40d1-ba69-e23938039702	GET	/users	undefined
04/19/2024	02:04:78	b8c37afd-f711-4467-b9cf-c541e82bc0f9	GET	/users	undefined
04/19/2024	02:04:96	7ccc35e4-5725-4703-ac74-50d9b9568ee6	GET	/users	undefined
04/19/2024	02:04:12	652521e0-0f67-456c-ae68-01aad650513d	GET	/users	undefined
04/19/2024	02:04:65	cd886d51-a6f1-4d87-b98f-8df9d4625cab	GET	/users	undefined
04/19/2024	02:04:89	07e81eb5-1460-4f15-9cbf-359240381314	GET	/users	undefined
04/19/2024	02:04:87	f3bdded0-24d7-4624-bb4f-1c43a38ddbdb	GET	/users	undefined
04/19/2024	02:04:58	47e1ef0b-c1b5-4614-adee-6a3bb3f2a664	GET	/users	undefined
04/19/2024	02:04:79	bf65768f-ffd0-4d6c-9cbb-7463e3d93b0e	GET	/users	undefined
04/19/2024	10:04:59	ce6ff8e0-8eb0-4cfd-b598-dc5b50669796	POST	/auth	undefined
04/19/2024	10:04:71	2ac21b9e-5fdc-45d5-a0ee-224f13ad6def	GET	/users	undefined
04/19/2024	10:04:12	4117cb6d-9d44-41cf-ac3d-eba76449dfea	GET	/users	undefined
04/19/2024	10:04:47	2f9df892-369b-4c47-9218-447cdd6a0479	GET	/users	undefined
04/19/2024	10:04:81	4115ba0a-c5e7-4395-b2c7-38523fd8de87	POST	/auth	undefined
04/19/2024	10:04:76	1d77ebae-de62-464a-8a7d-8ad6eadc4966	GET	/users	undefined
04/19/2024	10:04:17	8faa68cb-83b2-4741-9718-4b75d883cc4a	GET	/users	undefined
04/19/2024	10:04:74	fa9b6a57-f72c-493b-bfab-ad15c7e64e92	GET	/users	undefined
04/19/2024	10:04:17	fa5326f3-92fe-4ab5-b506-07c3bca46d75	GET	/users	undefined
04/19/2024	10:04:07	f55e3c04-e189-4f62-bb63-b4e9e962fb13	POST	/auth	undefined
04/19/2024	10:04:97	40300caa-468d-4571-b377-758dacf34033	GET	/users	undefined
04/19/2024	10:04:29	c5cf51cc-2177-41cf-af5e-597231252ad1	GET	/users	undefined
04/19/2024	10:04:26	ab9a9dab-96fd-4aef-9b00-fbbf8f0d3fc6	GET	/users	undefined
04/19/2024	10:04:42	d48748b4-8136-4211-b9f4-cf49643ec82c	GET	/users	undefined
04/19/2024	10:04:56	9edad593-0cd7-43ba-9ac7-a37a88b417e9	GET	/users	undefined
04/19/2024	10:04:66	24058c4d-0954-4065-a922-21bb65689ca7	GET	/users	undefined
04/19/2024	10:04:57	d27a7d15-3eb2-4cd3-8242-14761ca13f96	GET	/users	undefined
04/19/2024	10:04:33	485e9362-8619-468c-978b-79889b9c75dd	GET	/users	undefined
04/19/2024	10:04:29	87d4901b-7600-4c4c-be15-8066d54704b7	GET	/users	undefined
04/19/2024	10:04:13	a94c6590-8385-48bb-a4bb-3ca569526653	GET	/users	undefined
04/19/2024	10:04:12	03ef7b32-67f3-44bf-89fc-edb1b7b887a3	GET	/auth/refresh	undefined
04/19/2024	10:04:63	178fcd5e-ba00-4ba1-b0cc-800808b9be7d	POST	/auth	undefined
04/19/2024	10:04:81	12cb8ac6-bfca-4497-b3e4-bc433cfef2f2	GET	/users	undefined
04/19/2024	10:04:57	40758f13-ffa3-434b-85b8-358f8acd996b	GET	/auth/refresh	undefined
04/19/2024	10:04:31	e51a84ed-863f-4c2e-911b-e18495d77102	GET	/auth/refresh	undefined
04/19/2024	10:04:33	3d989108-cdc1-4126-8459-cb2673368c75	GET	/auth/refresh	undefined
04/19/2024	10:04:63	dedb95e4-6133-4c1e-82a1-9ffec9fd891a	GET	/auth/refresh	undefined
04/19/2024	10:04:84	af966e44-6e68-4b85-9eaa-f7f64b444b2a	POST	/auth	undefined
04/19/2024	10:04:12	c2532a83-5735-4ae7-9e35-210bf9ed4f06	POST	/users	undefined
04/19/2024	10:04:95	ed548f16-a462-4aa8-806a-955249c619a2	POST	/users	undefined
04/19/2024	10:04:58	6172dcb2-cc3b-480e-817e-9d3830c6add9	POST	/users	undefined
04/19/2024	10:04:11	ef122dcc-0360-4269-827a-3bba7c1c9481	POST	/users	undefined
04/19/2024	10:04:91	fe79e0f9-8311-4aba-b8cd-cdd572971a41	POST	/auth/refresh	undefined
04/19/2024	10:04:57	d65cd7b2-846b-4e83-8a6f-f8f02d310dea	GET	/auth	undefined
04/19/2024	10:04:59	b533def2-65ac-40bb-9385-6cc45f9bf8c9	POST	/users	undefined
04/19/2024	10:04:54	0ce69ae2-8356-4e1b-a07a-7042e55f8437	POST	/users	undefined
04/19/2024	10:04:02	70c6105c-8d26-4574-b317-1d59dce5ec5d	POST	/users	undefined
04/19/2024	10:04:84	092f6059-a38d-408d-a8d2-eab1edcfe147	POST	/users	undefined
04/19/2024	10:04:50	3e60f390-c400-4691-ab11-cd6085f03e4e	POST	/users	undefined
04/19/2024	10:04:22	bda28f1c-2d97-479b-94ca-3843151307f8	POST	/users	undefined
04/19/2024	10:04:58	f7124b0b-7cc2-4189-b88d-ff912235d0eb	GET	/users	undefined
04/19/2024	10:04:57	4b3f8e5d-82d7-49b4-8a04-cd73eba82646	GET	/users	undefined
04/19/2024	10:04:15	789c465e-c95e-4ff5-804e-91f54f874e02	GET	/auth	undefined
04/19/2024	10:04:18	c64456e1-fdff-4b18-b846-1e466dc266bc	POST	/auth	undefined
04/19/2024	10:04:21	3836fd73-b842-4df2-b479-92d9cada6858	POST	/auth	undefined
04/19/2024	10:04:07	e9d49f91-1be1-465f-be6d-238d4ddb7c5f	GET	/users	undefined
04/19/2024	10:04:87	4e1f0047-1e9a-44c0-b9de-198e5e5cdfb7	GET	/auth	undefined
04/19/2024	10:04:23	b8379acd-17f4-400b-a7d0-ffebb266ab0c	POST	/auth	undefined
04/19/2024	10:04:16	7206df5e-682c-4c06-9b84-98aec431d02e	GET	/users	undefined
04/19/2024	10:04:99	683c2875-854a-4f4a-90d6-7349d9e0dce2	GET	/users	undefined
04/19/2024	10:04:73	f2b39651-072d-4875-a4f9-f4248670f9cd	GET	/users	undefined
04/19/2024	10:04:35	245e4133-b546-45d8-9e9b-b2d9f6aa57b4	GET	/users	undefined
04/19/2024	10:04:66	8f8036e3-8b40-4040-824f-7ed967862280	GET	/users	undefined
04/19/2024	10:04:13	eccdcb14-835b-46d1-bf9f-8884ded322af	GET	/users	undefined
04/19/2024	10:04:95	7a4c534e-f4af-4388-b523-a3fb1e32122f	GET	/users	undefined
04/19/2024	10:04:66	7f1c1559-7445-4b26-a179-4887468e654d	GET	/users	undefined
04/19/2024	10:04:18	78220d2d-aedf-4ccf-b7c0-2a4b4afc813a	GET	/users	undefined
04/19/2024	10:04:06	d850a77a-cf4d-494e-bc50-aff72622c37f	GET	/users	undefined
04/19/2024	10:04:14	3d9bdeed-9882-493d-a675-64dd6e4e2597	GET	/users	undefined
04/19/2024	10:04:95	b923eb77-ba22-48c1-bbfd-6ee22df2e485	GET	/users	undefined
04/19/2024	10:04:78	979e311b-2c9a-43eb-b69a-4037e35d9a74	GET	/users	undefined
04/19/2024	10:04:46	ac694cbd-6319-4260-b05b-71903179dbbd	GET	/users	undefined
04/19/2024	10:04:87	be249226-1d06-4ec4-9b3c-98076de654b9	GET	/users	undefined
04/19/2024	10:04:99	3967e751-9afe-494a-8f89-d3c36e6d91a8	POST	/auth	undefined
04/19/2024	10:04:96	7e7316a8-cb0a-4283-ab66-8ae117fb804a	POST	/users	undefined
04/19/2024	10:04:75	cf8a8150-46eb-496e-bc36-3d6aa846100f	POST	/users	undefined
04/19/2024	10:04:00	e6581d5e-d46d-48d1-8555-729e80233bd1	POST	/users	undefined
04/19/2024	10:04:58	8821b500-681c-4365-802d-c2226dab773f	POST	/users	undefined
04/19/2024	10:04:41	a116e16f-a5a7-4f9f-9a27-b2d0e1cae3ac	POST	/users	undefined
04/19/2024	10:04:95	faa4556d-3241-48a9-97f7-607095fd64e5	GET	/users	undefined
04/19/2024	10:04:32	c1c65012-17c1-4e21-be70-2fe7125a88d3	GET	/users	undefined
04/19/2024	10:04:10	a9010efb-ec6d-49cb-b994-fff635aa7a9a	GET	/users	undefined
04/19/2024	10:04:43	c1a8d8a2-44da-482a-b482-95abbf30eb15	POST	/auth	undefined
04/19/2024	10:04:46	3c1b0aa8-ffcf-4d3d-85c1-3d071c0b0db9	GET	/users	undefined
04/19/2024	10:04:28	6bde212e-937c-4072-817e-cfa58f58609c	GET	/users	undefined
04/19/2024	10:04:44	5738963a-9c7b-4050-8830-0aeffc35127e	POST	/auth	undefined
04/19/2024	10:04:95	7599169d-dd0c-4844-ba79-6c6f1936d8d7	GET	/users	undefined
04/19/2024	10:04:16	01ba71a5-a4ce-451c-9965-f091d82667b6	GET	/auth	undefined
04/19/2024	10:04:35	11fba034-2897-42bb-a85c-043ebf10a4bd	POST	/auth	undefined
04/19/2024	10:04:06	7581ac65-f760-480a-81ac-53c9b85cca6b	GET	/users	undefined
04/19/2024	10:04:55	bcae3f54-6900-40f3-b14e-6f64829ebc51	POST	/auth	undefined
04/19/2024	10:04:54	a6bfb06a-8fe0-4fa5-a896-643cd0a6cdb5	GET	/users	undefined
04/19/2024	10:04:85	f3a50f46-0e12-4de2-89f6-fff078ba0a6a	GET	/users	undefined
04/19/2024	10:04:35	f8674a20-3554-4376-a9d7-2e19161b5c09	GET	/users	undefined
04/19/2024	10:04:64	7864c0dc-9d07-4763-bd47-0251f704dc06	GET	/users	undefined
04/19/2024	10:04:00	3aec3c2f-3649-47cf-b900-dfaa3e5170d0	GET	/users	undefined
04/19/2024	10:04:70	f9817316-97a1-4a98-92e6-69c5424947a0	GET	/users	undefined
04/19/2024	10:04:90	f5e41bcf-4a1a-4a36-9c65-9c590d0e5a44	GET	/users	undefined
04/19/2024	10:04:07	5f880efe-6dc5-43da-8bed-0c8163763e68	GET	/users	undefined
04/19/2024	10:04:35	1ee039af-1760-4dd3-93a1-f1c722d63f6c	GET	/users	undefined
04/19/2024	10:04:70	16f48536-5036-4f60-8a39-d26b1ce8c91f	GET	/auth/refresh	undefined
04/19/2024	10:04:01	5b0da9b6-063e-46b2-bb95-cd94f180f2e5	GET	/users	undefined
04/19/2024	10:04:21	aed8d5f3-5a89-4eaf-9dee-9c227c2144c4	GET	/users	undefined
04/19/2024	10:04:20	e486470b-215c-45d6-8fe2-a73dd324fc63	GET	/users	undefined
04/19/2024	10:04:36	f97c7972-cbb5-4b83-b87d-648a39ac7e66	GET	/users	undefined
04/19/2024	10:04:70	ac2a1737-4549-4a94-bfb5-ea15c17202f7	GET	/users	undefined
04/19/2024	10:04:23	218bd132-fa69-49de-896a-ca15cc522d03	GET	/users	undefined
04/19/2024	10:04:16	3b6cdd6b-7f9e-4512-997e-8d8417608aa7	GET	/users	undefined
04/19/2024	10:04:15	54313450-4482-4aaa-98e5-af02bc8f94e1	GET	/users	undefined
04/19/2024	10:04:55	748e1f4f-685f-4e2f-843a-3a3e1f3a14df	GET	/users	undefined
04/19/2024	10:04:41	58cc9ba8-ec87-4a27-adbe-02c58d1d3fa3	GET	/users	undefined
04/19/2024	10:04:51	1eb3a1eb-05d9-4cb4-8fa8-ed87b1d4ffac	GET	/users	undefined
04/19/2024	10:04:23	b2a12d23-4627-4c5a-b63e-79bcb733fec0	GET	/users	undefined
04/19/2024	10:04:91	5f5a2920-2b7f-4f91-b338-d35b04476548	GET	/users	undefined
04/19/2024	10:04:55	2a5554c1-2333-44a1-9f3a-8a9f735ce22d	GET	/users	undefined
04/19/2024	10:04:18	5ed4722c-f355-4288-9783-c6e7cccc3071	GET	/users	undefined
04/19/2024	10:04:75	48f4a0b9-08e1-4ef6-9ce1-918ba35a5b63	GET	/users	undefined
04/19/2024	10:04:38	db62df30-1cc7-4d4d-bbb7-3f1ea76df33a	GET	/users	undefined
04/19/2024	10:04:01	9bb80fb4-6d7a-485b-95af-c144012953f0	GET	/users	undefined
04/19/2024	10:04:64	ba60c35a-e929-4012-8e94-55edf5883232	GET	/users	undefined
04/19/2024	10:04:29	06d47aca-f9df-4a63-bf4b-de38fd8d6283	GET	/users	undefined
04/19/2024	10:04:91	2cdd8206-b9ad-49d0-8772-7ed673be142d	GET	/users	undefined
04/19/2024	10:04:55	0c8a6b26-bade-4e6d-b735-92fbc6360fbe	GET	/users	undefined
04/19/2024	10:04:09	0f3f569a-7d10-4439-a857-acec10a16bcd	GET	/users	undefined
04/19/2024	10:04:00	77902830-f8d9-40ea-a2e1-cfdd68b3b37a	GET	/users	undefined
04/19/2024	10:04:91	cdc91347-cf18-42ea-87ce-63e34df99662	GET	/users	undefined
04/19/2024	10:04:83	9a6344b4-18ab-48ae-b53b-a442524353d7	GET	/users	undefined
04/19/2024	10:04:68	81f7b630-bce3-48a1-b9fc-352b048e024d	GET	/users	undefined
04/19/2024	10:04:58	5b6d307b-726b-4808-a306-77bf11eba346	GET	/users	undefined
04/19/2024	10:04:46	42f16ae5-fb9a-4d73-950c-c61f9d669ebc	GET	/users	undefined
04/19/2024	10:04:40	ba22052e-6afd-4f77-a57f-b9597f4290fc	GET	/users	undefined
04/19/2024	10:04:40	e35c39d9-2a9e-42b5-93a9-6949b3a4597f	GET	/users	undefined
04/19/2024	10:04:28	9a8bf3a9-d762-4465-bba0-190e18537fb9	GET	/users	undefined
04/19/2024	10:04:85	88ecf9d3-64a6-4ff1-b56a-387a60c9ae55	GET	/users	undefined
04/19/2024	10:04:28	a5b05b18-ea25-467e-a2ae-dc1e5d9a024e	GET	/users	undefined
04/19/2024	10:04:72	1616128a-71e9-4445-b1a0-1ad7e24ad7a0	GET	/users	undefined
04/19/2024	10:04:92	59472db4-5636-49eb-aa4a-ae1975c54543	GET	/users	undefined
04/19/2024	10:04:74	693c1c98-60e5-4547-ac51-c59df26f2d9d	GET	/users	undefined
04/19/2024	11:04:43	2c202bde-7257-4e6e-863d-754f5c4ffc3f	GET	/users	undefined
04/19/2024	11:04:31	1dd5ba00-f71b-47ce-9d2e-052b23f49660	GET	/users	undefined
04/19/2024	11:04:63	306df911-03c8-4406-83ef-1b9c14488ece	POST	/auth/logout	undefined
04/19/2024	11:04:17	db83131f-32f4-41d0-8a09-8ccec23b2ddc	GET	/users	undefined
04/19/2024	11:04:19	6c1fde47-3675-4330-a8c4-53f4e52a9dce	GET	/users	undefined
04/19/2024	11:04:23	5ca051b1-7eaa-40c3-a636-35f886a4ad3a	GET	/users	undefined
04/19/2024	11:04:55	f0bd271e-84fa-437b-9ea9-7fd49b1e772b	GET	/auth/refresh	undefined
04/19/2024	11:04:51	43cce105-2848-4d2e-a2c1-d13ce207080b	POST	/auth	undefined
04/19/2024	11:04:96	ed0b30c1-ecc8-4991-a750-06fa79061364	GET	/users	undefined
04/19/2024	11:04:40	4f376663-d488-46dc-939f-974f58f0d9ab	POST	/auth/logout	undefined
04/19/2024	11:04:48	f76c221d-6243-417e-88dd-b9b799c174a9	GET	/users	undefined
04/19/2024	11:04:21	9840011a-9a45-4edb-ba23-68a6e989668a	GET	/users	undefined
04/19/2024	11:04:87	0edcbab6-8d71-4e50-aae2-7f5f9868f703	GET	/users	undefined
04/19/2024	11:04:03	18360442-248b-43a6-a5a6-dd43935d33ae	GET	/users	undefined
04/19/2024	11:04:19	0b6e4e99-f8b1-44ef-9136-dfc684befa87	POST	/auth	undefined
04/19/2024	11:04:25	edc6317a-7a56-47f5-b387-3140baf48451	GET	/users	undefined
04/19/2024	11:04:51	b9cddc3d-4591-4bf1-8da8-eb0e61a98b06	GET	/users	undefined
04/19/2024	11:04:73	b6abda4f-f117-45d7-9013-3caae4fd21de	GET	/users	undefined
04/19/2024	11:04:61	7b0f6c25-6f5f-4683-ac60-1783ef38ae32	GET	/users	undefined
04/19/2024	11:04:32	351b10ab-3099-48ee-bd47-699c8e0bafae	GET	/users	undefined
04/19/2024	11:04:92	311b4c1e-04f2-43bf-8d34-0d230641a9f1	GET	/users	undefined
04/19/2024	11:04:11	20a8f230-920a-4987-b0ee-250612f692cc	POST	/auth/logout	undefined
04/19/2024	11:04:68	7b469ec1-fb2e-4cc4-bef4-30886ddef67a	GET	/users	undefined
04/19/2024	11:04:81	8a4cf3ae-d147-4815-8287-bacfedf94672	GET	/users	undefined
04/19/2024	11:04:71	68cb0063-26c8-4eef-92f0-1b9c340139f8	GET	/users	undefined
04/19/2024	11:04:75	223d01cb-3b1e-4d4b-879a-2efa5ee1e915	POST	/users	undefined
04/19/2024	11:04:78	0526b6ed-4559-4ab3-ad58-37527d20fc27	POST	/auth	undefined
04/19/2024	11:04:98	0ef9f5e5-fb78-4920-9a14-824a817843d0	POST	/users	undefined
04/19/2024	11:04:94	0d0a2e1e-95f8-474c-bf12-d4b1fd9b50f8	POST	/users	undefined
04/19/2024	11:04:99	763c312f-ad3d-4eda-b355-9bdad2b88d5e	POST	/users	undefined
04/19/2024	11:04:26	7f665286-29f3-4870-bc2e-cbcc6be0ed16	POST	/users	undefined
04/19/2024	11:04:57	cbeceb5d-30bf-42f4-a5c2-fb8f52ff4280	POST	/auth/logout	undefined
04/19/2024	11:04:71	fb891d0f-2fc5-4a9f-92de-48e4957a0f8e	POST	/users	undefined
04/19/2024	08:04:63	9f6ff579-e6d9-47d5-97f0-eacc1289502f	GET	/users	undefined
04/19/2024	08:04:72	041b68fb-8383-4025-a425-907a44a4cf58	GET	/auth	undefined
04/19/2024	08:04:87	545e0bff-6215-4a36-bfbe-0cfae99971e2	POST	/auth	undefined
04/19/2024	08:04:43	8c9a06d8-8785-48a1-963b-9768ebd24401	POST	/auth	undefined
04/19/2024	08:04:63	d45181d2-ea3b-40c7-8a5c-bcf01d916487	GET	/users	undefined
04/19/2024	08:04:40	b2b4538a-e14f-450b-8838-0b400998a331	GET	/auth/refresh	undefined
04/19/2024	08:04:21	f1d9a73f-13e7-4e05-9ffb-67bdb3c88a96	POST	/auth/logout	undefined
04/19/2024	08:04:12	c02bb290-df85-499c-9a84-21325d3d2555	GET	/auth/refresh	undefined
04/19/2024	08:04:64	2482a2cf-311d-4d20-8c28-c55fc98b740b	GET	/users	undefined
04/19/2024	10:04:69	6225b599-7515-42e6-bb68-95bfa0f74c60	GET	/users	undefined
04/19/2024	10:04:67	9851465c-577a-470a-bdda-f2bbd15f2beb	POST	/auth	undefined
04/19/2024	10:04:41	caac5629-5529-4dab-8637-30d5fc10bfa4	GET	/users	undefined
04/19/2024	10:04:66	d6835a23-8940-4374-a6fc-4114220bffe6	PATCH	/users	undefined
04/19/2024	10:04:22	ec785095-5cb6-40f2-9cbf-f17f82781c56	GET	/users	undefined
04/19/2024	13:04:35	ca203a64-f6f9-47d3-88e5-c81cc27fa3b6	GET	/users	undefined
04/19/2024	13:04:68	3446d413-6b0e-4039-ab9c-bb5a140bcf03	GET	/users	undefined
04/19/2024	13:04:75	52a50edc-5421-4b2c-b1d2-579dc0974f96	GET	/users	undefined
04/19/2024	13:04:28	0fbe1493-3b51-425c-be03-2608263cf169	GET	/users	undefined
04/19/2024	13:04:05	b1e9dba3-088d-42ab-85d6-66c8aeca6b2a	POST	/auth	undefined
04/19/2024	13:04:76	6556205d-cd9c-45b7-9a48-70a9a5522589	POST	/auth	undefined
04/19/2024	13:04:38	b793dc42-aa24-49fe-b79c-e96791206119	POST	/auth	undefined
04/19/2024	13:04:86	f4fae99c-a954-45ad-b8a7-2e8d6906c0fe	POST	/auth	undefined
04/22/2024	01:04:96	a465c925-49d6-4ea0-aea2-7fcbf19cb7c1	GET	/	undefined
04/22/2024	11:04:02	9fd3d0df-a625-48f6-b01b-2ac3f759abc6	GET	/users	undefined
04/22/2024	11:04:67	0a02f088-41d7-4c7f-8bd5-d264d3a0db93	POST	/auth	undefined
04/22/2024	11:04:04	d367d21b-0b66-4960-adf1-b4f212c97a0f	POST	/auth	undefined
04/22/2024	11:04:80	5f8622e8-7cd3-4f2d-ab67-178bd31f2d0d	POST	/auth	undefined
04/22/2024	11:04:97	9a4a7e1b-e1b6-4b78-a137-daa4cea83bc1	POST	/users	undefined
04/22/2024	11:04:39	e3d1947a-5e07-4336-9896-3ab442e5b2fc	POST	/users	undefined
04/22/2024	11:04:17	afc3b212-796a-42d7-a463-4d5b9a18dfb7	POST	/users	undefined
04/22/2024	11:04:54	1e3abc4d-da5d-4bb8-a7c6-39bfed9e6850	POST	/auth	undefined
04/22/2024	11:04:54	0ac000df-22e3-42af-9c1b-dbd52fd77ad1	GET	/users	undefined
04/22/2024	11:04:62	c6a10b42-442f-4714-bcd1-750b9b5e99c7	POST	/users	undefined
04/22/2024	11:04:87	be20fd41-cb33-488b-95ff-4be37c34724a	GET	/users	undefined
04/22/2024	11:04:42	fad78a3a-190c-4512-b88f-04324d41c8d8	GET	/users/role	undefined
04/22/2024	11:04:96	bf1a48b6-2831-43a3-ac2b-913e9b63f426	GET	/users/role	undefined
04/22/2024	11:04:12	c231438e-3e89-451a-8667-258f6a04e365	POST	/auth	undefined
04/22/2024	11:04:58	872bbc58-1289-47df-ac2c-b30af898e89c	GET	/users/role	undefined
04/22/2024	12:04:83	d9d82110-c019-4645-8300-316bb77145cb	GET	/settings	undefined
04/22/2024	12:04:34	537a6b8c-2fa2-45e4-934a-f06188e2f8c4	GET	/settings?	undefined
04/22/2024	12:04:21	a8d0eebe-6a90-4358-94e9-a002199f2788	POST	/auth	undefined
04/22/2024	12:04:77	806355b5-d254-40e5-a570-3e68cb9d7421	GET	/settings?	undefined
04/22/2024	12:04:84	fc05bb31-0f84-45fb-9c07-a6daa971e392	POST	/auth	undefined
04/22/2024	12:04:37	cf7909fb-67b8-4af1-8cbf-903942c4192c	GET	/charcer	undefined
04/22/2024	12:04:70	7037868e-a8d2-48e1-8d30-9269cb0ede78	POST	/auth	undefined
04/22/2024	12:04:21	99ab064f-8288-4192-aab7-301a7e4e71ee	GET	/charcer	undefined
04/22/2024	13:04:22	3b1ebb7c-114b-431d-8a43-7eec1ce5589d	GET	/vehicle_body?Authorization=Bearer%20eyJhbGciOiJIUzI1NiIsInR5cCI6IkpXVCJ9.eyJVc2VySW5mbyI6eyJlbWFpbCI6Im1hcmtAZ21haWwuY29tIiwidXNlcm5hbWUiOiJtYXJrIn0sImlhdCI6MTcxMzgwNTA2NCwiZXhwIjoxNzEzODA1OTY0fQ.B2iDg1vG9VMBVRkDtEYOwwILiJvpaHTvP6yqlCH0Jgc	undefined
04/22/2024	13:04:56	2b17fb33-94ab-487f-a820-c1c4c214bc8e	GET	/vehicle_body?=	undefined
04/22/2024	13:04:86	50e6af85-8972-4d4a-abc4-f15cd08b2c03	GET	/vehicle	undefined
04/22/2024	15:04:40	3f33ce9b-79e7-49b0-b1ef-7a8d2ba2481a	GET	/type_of_vehicle	undefined
04/22/2024	15:04:68	43ff65e0-a1ec-4ca6-84a6-19abe38150d7	GET	/type_of_vehicle	undefined
04/22/2024	15:04:58	d0f4cb48-8d0d-4ecd-83b9-2975497e127f	POST	/auth	undefined
04/22/2024	15:04:09	37f32a31-0432-4463-87f5-6518e3192ec5	GET	/type_of_vehicle	undefined
04/22/2024	16:04:07	71c79658-106d-4dae-bf13-182390d20df3	GET	/type_of_vehicle	undefined
04/22/2024	17:04:50	22638847-b8b7-4c35-9877-58ca31b99aa2	POST	/auth	undefined
04/22/2024	17:04:17	0ebefa97-37de-4337-bb63-d35e180d9786	POST	/auth	undefined
04/22/2024	17:04:66	12a50bc2-9d9e-482b-a85a-43a3d2da59ad	POST	/auth	undefined
04/22/2024	17:04:44	62ab3827-6028-49df-87af-b9c7834e97a1	POST	/auth	undefined
04/22/2024	17:04:70	84592969-cf4c-45ee-971f-2c9e9bac763d	POST	/auth	undefined
04/22/2024	18:04:35	7bbed427-b6ed-4f16-9501-e565831a83db	POST	/auth	undefined
04/22/2024	18:04:14	1c45aa89-671e-4ebb-89b7-f5a18b7c02b2	POST	/auth	undefined
04/22/2024	18:04:58	6e69f7cf-f7e6-4c1f-9fda-bb5eed2a1017	POST	/auth	undefined
04/22/2024	18:04:58	1cf7740f-1594-4645-977d-89bdfb156378	POST	/auth	undefined
04/22/2024	18:04:90	41d0a197-09be-4ea2-8c5e-256ba0dbd8fd	OPTIONS	/auth	http://localhost:8080
04/22/2024	18:04:07	6d48b94a-351f-4878-956c-17f90dcb23d4	POST	/auth	http://localhost:8080
04/22/2024	18:04:11	b6212eea-7b6c-4f41-95b6-646375099577	OPTIONS	/auth	http://localhost:8080
04/22/2024	18:04:29	7e79be69-367f-4a7e-9aec-032ea9f783a8	POST	/auth	http://localhost:8080
04/22/2024	19:04:54	204f4acd-41e4-4f30-938d-c18e1e9118ca	POST	/auth	undefined
04/22/2024	19:04:15	deadec57-5739-4e33-b61b-511dbe298439	OPTIONS	/auth	http://localhost:8080
04/22/2024	19:04:31	a66ea268-de09-46d6-89f1-7ba2d9ebfbc3	POST	/auth	http://localhost:8080
04/22/2024	19:04:48	93f3af03-5604-43ac-9671-b5f0d7276e3f	OPTIONS	/auth	http://localhost:8080
04/22/2024	19:04:64	81616fb6-5a86-4521-b7ad-255f23818320	POST	/auth	http://localhost:8080
04/22/2024	19:04:83	b780e580-1e73-432e-8db0-c21f81796c99	OPTIONS	/auth	http://localhost:8080
04/22/2024	19:04:08	479d2eb4-cc57-4f14-bb22-0e95feb80403	POST	/auth	http://localhost:8080
04/22/2024	19:04:78	9b7dcd24-a3aa-4114-92bd-181ffcaa221a	OPTIONS	/auth	http://localhost:8080
04/22/2024	19:04:96	8472dcbb-190b-4e5e-b663-4b7a095cb325	POST	/auth	http://localhost:8080
04/22/2024	19:04:15	5532cd66-da2c-4666-82e1-7c51e650425f	OPTIONS	/auth	http://localhost:8080
04/22/2024	19:04:31	32b4f30e-3f28-4326-ab2c-489c07cfbcfa	POST	/auth	http://localhost:8080
04/22/2024	19:04:95	0c886a71-906e-47a9-b6ad-e683724154af	OPTIONS	/auth	http://localhost:8080
04/22/2024	19:04:54	38749561-f79e-4a9e-848d-f39d62f3b302	POST	/auth	http://localhost:8080
04/22/2024	19:04:78	16358eb2-048a-4622-8462-57137f577c02	OPTIONS	/auth	http://localhost:8080
04/22/2024	19:04:94	b5400ecd-bf63-4650-89b4-6ab14b0a874a	POST	/auth	http://localhost:8080
04/22/2024	19:04:71	2103af58-53db-4f76-aa05-14c09f003896	OPTIONS	/auth	http://localhost:8080
04/22/2024	19:04:87	9f86552f-6e99-45c1-8a55-bb9e22779e1d	POST	/auth	http://localhost:8080
04/22/2024	19:04:82	dc1c097c-f5f6-4616-b9fd-d08aaafd626b	OPTIONS	/auth	http://localhost:8080
04/22/2024	19:04:98	0dc2ba39-16af-4863-97fe-f8e6894fcf6d	POST	/auth	http://localhost:8080
04/22/2024	19:04:62	653ca9cc-861b-4f2e-bc06-a57e0a4206bb	OPTIONS	/auth	http://localhost:8080
04/22/2024	19:04:79	e2cbc559-65f6-421f-be08-6f72029d5501	POST	/auth	http://localhost:8080
04/22/2024	19:04:95	dd7e9f49-adb8-44fe-9776-a880296a036b	OPTIONS	/type_of_vehicle	http://localhost:8080
04/22/2024	19:04:11	2ae06978-df8c-4675-abfd-aa47e1c2bfef	GET	/type_of_vehicle	http://localhost:8080
04/22/2024	19:04:08	48c9c14d-62f3-44d6-bcd9-d007ee4b76c1	OPTIONS	/type_of_vehicle	http://localhost:8080
04/22/2024	19:04:24	023a1ae2-d9e7-4c3b-82da-49951ea0e52a	GET	/type_of_vehicle	http://localhost:8080
04/22/2024	19:04:82	c6885378-40b3-4f4f-a484-39267feb5b30	OPTIONS	/type_of_vehicle	http://localhost:8080
04/22/2024	19:04:03	1a31901c-4e83-4e90-9f68-dcf6d1ffce90	GET	/type_of_vehicle	http://localhost:8080
04/22/2024	19:04:33	d9fc6c24-5ee9-45d6-9d7e-977c542a145f	OPTIONS	/auth	http://localhost:8080
04/22/2024	19:04:48	d174323b-0d74-4085-9d8c-be065c0ecdbe	POST	/auth	http://localhost:8080
04/22/2024	19:04:64	bb8f8aba-6fc0-41f2-898e-51b8b73399e3	OPTIONS	/auth	http://localhost:8080
04/22/2024	19:04:80	9c515f59-877f-40ff-b186-2953d3951bd4	POST	/auth	http://localhost:8080
04/22/2024	19:04:12	82991040-20b4-42c1-8350-0dae14f98a95	OPTIONS	/type_of_vehicle	http://localhost:8080
04/22/2024	19:04:28	28bea811-2e8c-4d8c-bb9a-9f00608e9bf2	GET	/type_of_vehicle	http://localhost:8080
04/22/2024	19:04:07	2172a3bd-8a46-417b-a7b8-6339c9bf708e	POST	/auth	undefined
04/22/2024	19:04:17	552f9925-197b-4727-a172-a67d183efb75	OPTIONS	/type_of_vehicle	http://localhost:8080
04/22/2024	19:04:35	e9ee394a-3053-445b-bc8d-20bf00352f66	GET	/type_of_vehicle	http://localhost:8080
04/22/2024	19:04:43	da4910bd-57b1-465b-8ddf-eb9a48250f67	GET	/type_of_vehicle	undefined
04/22/2024	19:04:74	bf149d3b-a286-4de2-a2ec-6e7395ca5398	OPTIONS	/type_of_vehicle	http://localhost:8080
04/22/2024	19:04:89	95f0aec2-dd14-4a9c-b154-0ceccae23078	GET	/type_of_vehicle	http://localhost:8080
04/22/2024	19:04:39	fb407ada-5f76-4450-b76d-9dbe28d2ed7a	OPTIONS	/type_of_vehicle	http://localhost:8080
04/22/2024	19:04:55	e2d19224-835f-4481-8c62-49f7ad5ffaa7	GET	/type_of_vehicle	http://localhost:8080
04/22/2024	19:04:45	46948088-c048-41d3-9262-83a9087e1414	POST	/auth	undefined
04/22/2024	19:04:88	369a6e7a-d796-4ee4-8157-b32befa08301	POST	/auth	undefined
04/22/2024	19:04:75	1763090e-b659-4dc3-80dd-6b57af928a1c	POST	/auth	undefined
04/22/2024	19:04:15	d214901c-0f21-469c-ae8b-4557d72ffe11	GET	/type_of_vehicle	undefined
04/22/2024	19:04:67	ab03e406-a104-4743-b70f-a5ccb58a31c3	POST	/auth	undefined
04/22/2024	19:04:03	1e513876-ae6c-410c-965d-0b1e87de2bfe	GET	/type_of_vehicle	undefined
04/22/2024	19:04:10	3013cb4a-d276-4ee5-a2f2-654668322375	POST	/auth	undefined
04/22/2024	19:04:37	8cc9dbad-3a71-4e05-9964-3696866fb607	POST	/auth	undefined
04/22/2024	19:04:71	c65a2865-b4e8-4fba-b71b-04d9eb5d4e48	GET	/type_of_vehicle	undefined
04/22/2024	19:04:74	3420b1e9-af65-4bc5-984d-64f21e09d706	POST	/auth	undefined
04/22/2024	19:04:77	37ae05c5-4b12-477b-b92a-db51b222451a	POST	/auth	undefined
04/22/2024	19:04:14	66b06329-3ec3-4cb3-9483-904222ef89c2	GET	/type_of_vehicle	undefined
04/22/2024	19:04:91	c285d3fb-4fbd-45fd-a9d9-cbffa61f7a24	POST	/auth	undefined
04/22/2024	19:04:28	2ffe609e-5d59-4739-9cbd-1f67a916420b	GET	/type_of_vehicle	undefined
04/22/2024	19:04:94	bccb9eb1-0325-4bbe-9e48-b6eb52343034	GET	/type_of_vehicle	undefined
04/22/2024	19:04:28	682c2054-f3fe-455a-a8fe-426306fcc5db	GET	/type_of_vehicle	undefined
04/22/2024	19:04:49	d1bb06a1-ca40-4c0d-862e-e0c31854f077	POST	/auth	undefined
04/22/2024	19:04:76	d59737b4-4855-4f6e-8a68-065c405c49b5	POST	/auth	undefined
04/22/2024	19:04:12	e2c3335e-aa9a-4ec6-a16e-a968a957a6c7	GET	/type_of_vehicle	undefined
04/22/2024	19:04:56	5dcf5344-42dd-44b3-b241-bd9c48876b4c	GET	/type_of_vehicle	undefined
04/22/2024	19:04:24	a80ac308-0cb5-45f1-9d1a-1c2e107b72b3	GET	/type_of_vehicle	undefined
04/22/2024	19:04:78	6408af4a-52a1-43b7-b579-3c4274d3e5fe	GET	/type_of_vehicle	undefined
04/22/2024	20:04:21	23069969-b44d-4d65-a179-468416388499	OPTIONS	/type_of_vehicle	http://localhost:8080
04/22/2024	20:04:36	9170a840-3011-4528-b9c0-8931ef79ba51	GET	/type_of_vehicle	http://localhost:8080
04/22/2024	20:04:57	0dc037fd-4cde-431f-a6cb-9a99fee496e6	OPTIONS	/type_of_vehicle	http://localhost:8080
04/22/2024	20:04:73	8b490a3c-cc1a-4a56-8f0c-1acf497feebf	GET	/type_of_vehicle	http://localhost:8080
04/22/2024	20:04:06	4cec2e3c-6415-4c40-b2cf-6284edd428a3	GET	/type_of_vehicle	http://localhost:8080
04/22/2024	20:04:22	ef4dd1f2-e5af-4636-a0d6-f68a3133dc3f	GET	/type_of_vehicle	http://localhost:8080
04/22/2024	20:04:71	6ec5160f-3501-4901-9f26-fff4e8e5367b	OPTIONS	/type_of_vehicle	http://localhost:8080
04/22/2024	20:04:88	6aebb8db-0234-4b77-8e3e-e8e5d6c86af2	GET	/type_of_vehicle	http://localhost:8080
04/22/2024	20:04:47	3213a5bf-ff82-4702-a33a-04a3049d69c9	GET	/type_of_vehicle	http://localhost:8080
04/22/2024	20:04:97	31c17def-ede1-4c72-bcaf-4427df2af93f	GET	/type_of_vehicle	http://localhost:8080
04/22/2024	20:04:59	b35f1d1c-8113-4790-8ddb-b0a7de7b26ee	GET	/type_of_vehicle	http://localhost:8080
04/22/2024	20:04:58	65d511d3-f325-4622-8751-361e01a91c74	OPTIONS	/type_of_vehicle	http://localhost:8080
04/22/2024	20:04:73	f44873c0-57b7-4d1a-b785-c50afd771746	GET	/type_of_vehicle	http://localhost:8080
04/22/2024	20:04:84	79930175-f4ae-4e69-845f-3463a59b9507	OPTIONS	/type_of_vehicle	http://localhost:8080
04/22/2024	20:04:02	2c451ac1-f808-43a1-a205-a9b434fa41ac	GET	/type_of_vehicle	http://localhost:8080
04/23/2024	03:04:97	9ad0c941-2a4b-41ff-a88e-dd96e6ded8df	POST	/auth	null
04/23/2024	03:04:19	149c693c-935f-4241-ae25-23861902b461	GET	/favicon.ico	undefined
04/23/2024	03:04:34	18814ba6-24fe-481b-bb25-f2a020b413fb	GET	/users?email=&password=	undefined
04/23/2024	03:04:97	76d055ea-0055-4fa8-9f86-70001626105d	GET	/settings?email=&password=	undefined
04/23/2024	03:04:27	637cc279-2e72-4c93-8f2d-ccc3f653a05c	GET	/settings?email=&password=	undefined
04/23/2024	03:04:40	7be39fcd-b683-46ef-bc61-a6c7120af65f	POST	/auth	null
04/23/2024	03:04:64	bf701dc4-4e21-4c4c-a5e8-8a246423f431	POST	/auth	null
04/23/2024	03:04:35	f90de558-1a13-446f-a7b1-ba98a3288606	POST	/auth	http://127.0.0.1:5500
04/23/2024	04:04:87	f172c01d-e884-4f98-8ad1-fbb46cb4c3da	POST	/auth	http://127.0.0.1:5500
04/23/2024	04:04:95	2a44fe09-7957-4130-ae8e-b9d19c99b1cc	POST	/users	http://127.0.0.1:5500
04/23/2024	04:04:20	07d65826-70b4-4d33-a0ab-d39773749283	POST	/users	http://127.0.0.1:5500
04/23/2024	04:04:83	cdf65dfb-7d76-4ab3-b3f7-aea3aa8b63c4	POST	/users	http://127.0.0.1:5500
04/23/2024	12:04:86	0f5928f2-9339-4010-98cd-1e5f62a2ae77	OPTIONS	/auth	http://localhost:8080
04/23/2024	12:04:18	84dd98c3-7845-444a-81db-0ad9e6ea9ed6	POST	/auth	http://localhost:8080
04/23/2024	12:04:31	81e8fe80-1e6c-4918-89ff-3c0216f1d144	OPTIONS	/type_of_vehicle	http://localhost:8080
04/23/2024	12:04:49	db351e10-7eec-483c-a218-201175e643d1	GET	/type_of_vehicle	http://localhost:8080
04/23/2024	12:04:81	4c76f898-3d58-4e05-adeb-f923e3d8f908	OPTIONS	/type_of_vehicle	http://localhost:8080
04/23/2024	12:04:82	9f345cc7-fb0a-4f20-89ca-8f98077cd5d6	OPTIONS	/type_of_vehicle	http://localhost:8080
04/23/2024	12:04:99	af231de6-607a-4bc8-bcbb-06bf6080c87d	GET	/type_of_vehicle	http://localhost:8080
04/23/2024	12:04:16	f8be8f6b-ab79-4024-b77e-3005e5c8737b	GET	/type_of_vehicle	http://localhost:8080
04/23/2024	12:04:74	22a2ce22-de3b-42a0-9e92-6ef412433d97	GET	/vehicle	undefined
04/23/2024	12:04:87	503391e6-5782-4329-9979-e0c244a5eb3a	GET	/vehicle	undefined
04/23/2024	12:04:71	20875254-2099-4237-a38c-4f04fd9330ba	GET	/favicon.ico	undefined
04/23/2024	12:04:11	f0199be1-dc2b-4d88-b377-8dea65d4d196	GET	/vehicle	undefined
04/23/2024	12:04:00	b4ea3190-6f41-4abd-9a60-28d61fa256ad	OPTIONS	/vehicle	http://localhost:8080
04/23/2024	12:04:16	ac0b0a5a-dde8-44c4-b37b-55f513c847b5	GET	/vehicle	http://localhost:8080
04/23/2024	12:04:55	47191258-7ae9-4eb4-a92a-7f5fff1c6870	OPTIONS	/auth	http://localhost:8080
04/23/2024	12:04:77	abb1a673-188f-4760-84bf-22740db10be3	GET	/auth	http://localhost:8080
04/23/2024	12:04:24	548bac01-adef-4552-98c8-8833b0cde466	OPTIONS	/auth	http://localhost:8080
04/23/2024	12:04:43	6eeb6aab-068e-40eb-b06a-29c9b1716cfd	GET	/auth	http://localhost:8080
04/23/2024	12:04:42	87979eb0-87a4-4250-842c-fe1e46a35340	OPTIONS	/auth	http://localhost:8080
04/23/2024	12:04:58	2cce92d3-db4d-44a3-9316-2ae458a32176	POST	/auth	http://localhost:8080
04/23/2024	12:04:57	e6eb2ef6-60f0-4183-a1ad-2fd176fc2787	OPTIONS	/auth	http://localhost:8080
04/23/2024	12:04:73	ac810cab-95b6-4cb3-941b-35049821dc1c	POST	/auth	http://localhost:8080
04/23/2024	12:04:41	36ae49e9-1023-46a8-8651-4ac0a9546779	OPTIONS	/vehicle	http://localhost:8080
04/23/2024	12:04:56	f253ddbf-103e-4193-a3e9-c97594a7d8c5	GET	/vehicle	http://localhost:8080
04/23/2024	12:04:52	91b3b539-5574-4d1c-8bb5-bcf23b1ade5c	OPTIONS	/auth	http://localhost:8080
04/23/2024	12:04:67	cb7c0852-8708-4276-9c7e-91efb13b1b54	POST	/auth	http://localhost:8080
04/23/2024	12:04:56	28d3764d-f41d-4c81-a6bd-4aa0d5144fd9	OPTIONS	/vehicle	http://localhost:8080
04/23/2024	12:04:72	61cfbf0b-5ae9-4125-8f8f-794caa4d7f8e	GET	/vehicle	http://localhost:8080
04/23/2024	12:04:65	555dfa9a-f33e-440b-bcd8-bd2e39f2131c	OPTIONS	/vehicle	http://localhost:8080
04/23/2024	12:04:65	1d160813-57e8-41ec-bca2-6fb96167e447	OPTIONS	/vehicle	http://localhost:8080
04/23/2024	12:04:85	673ad15b-3308-494f-b7a9-b171b8fab874	GET	/vehicle	http://localhost:8080
04/23/2024	12:04:01	2dcb2fb7-272f-4d17-901c-47115f21600a	GET	/vehicle	http://localhost:8080
04/23/2024	12:04:97	87908635-0e04-49f4-b3c4-2f34209febbf	OPTIONS	/vehicle	http://localhost:8080
04/23/2024	12:04:97	dcde3149-d21f-4dcb-9ea7-d534aaa9d9a0	OPTIONS	/vehicle	http://localhost:8080
04/23/2024	12:04:12	ba5434d1-80b6-485c-84bf-f9b49edd70bd	GET	/vehicle	http://localhost:8080
04/23/2024	12:04:28	801cce0a-2eb5-4f7d-b300-5d6765041700	GET	/vehicle	http://localhost:8080
04/23/2024	12:04:56	382078d8-a663-4134-860f-e15b814f5fea	OPTIONS	/vehicle	http://localhost:8080
04/23/2024	12:04:57	21e06cba-ca3f-4467-bd9a-af3b4895612b	OPTIONS	/vehicle	http://localhost:8080
04/23/2024	12:04:72	e4474a99-ddc9-45dd-9488-451c5eefe7f5	GET	/vehicle	http://localhost:8080
04/23/2024	12:04:90	9c0490cd-72a0-4464-96c1-5c43ff50df48	GET	/vehicle	http://localhost:8080
04/23/2024	12:04:27	73660c97-3ff2-4565-9cec-8d8e164c4351	GET	/vehicle	http://localhost:8080
04/23/2024	12:04:43	561df931-fa13-4e0e-94ed-73bbd7d68983	GET	/vehicle	http://localhost:8080
04/23/2024	12:04:44	1ac08f83-7912-46a2-b3de-48e82d944d58	OPTIONS	/vehicle	http://localhost:8080
04/23/2024	12:04:45	4332f360-cb46-4ffb-9a8e-3fb854157295	OPTIONS	/vehicle	http://localhost:8080
04/23/2024	12:04:67	9d49c9ee-b13e-40b5-8255-f06980170bfe	GET	/vehicle	http://localhost:8080
04/23/2024	12:04:85	46577743-c45e-4bc1-b7a0-1306890bd4ec	GET	/vehicle	http://localhost:8080
04/23/2024	12:04:10	d7344c4d-f00a-4337-8d3d-e2e76e3165f8	GET	/vehicle	http://localhost:8080
04/23/2024	12:04:38	60e7d084-f2d3-4877-b317-1d1aa2644acb	GET	/vehicle	http://localhost:8080
04/23/2024	12:04:82	9657209d-c2bb-4092-bac9-4e3b9783feb7	GET	/type_of_vehicle	undefined
04/23/2024	12:04:44	b2dc500a-68fb-4175-a78f-b02b6ca9c9ab	GET	/type_of_vehicle	undefined
04/23/2024	12:04:74	5f0eacb9-9012-4d43-a1ba-979a0cb75407	GET	/type_of_vehicle	undefined
04/23/2024	12:04:51	dc262586-3d7f-4b0a-99ec-b24428555edf	OPTIONS	/vehicle	http://localhost:8080
04/23/2024	12:04:51	4bdb85d1-47f7-43a2-bc34-66d6652fa1c2	OPTIONS	/vehicle	http://localhost:8080
04/23/2024	12:04:68	be3fc608-2a93-4830-a54e-447b84834b6e	GET	/vehicle	http://localhost:8080
04/23/2024	12:04:86	0a803582-d106-46e2-9835-df8b389ae92c	GET	/vehicle	http://localhost:8080
04/23/2024	12:04:15	49e9a5d5-a472-4f28-bac7-2f9b40809a3e	OPTIONS	/vehicle	http://localhost:8080
04/23/2024	12:04:41	4dd20c84-a1c3-4185-88df-0b08c209ba21	GET	/vehicle	http://localhost:8080
04/23/2024	12:04:41	980556e2-5a86-42ca-980b-c76277490bce	OPTIONS	/vehicle	http://localhost:8080
04/23/2024	12:04:41	9bc5df45-eddc-4dfe-a992-961fa82e6514	OPTIONS	/vehicle	http://localhost:8080
04/23/2024	12:04:58	d249f72e-198a-463d-b141-f57df9d33dc4	GET	/vehicle	http://localhost:8080
04/23/2024	12:04:75	5d79a27f-adfe-4e95-8e1d-7597ff5719f5	GET	/vehicle	http://localhost:8080
04/23/2024	12:04:76	95a579d6-09f4-4b58-a3b7-8a6a1a3a22d9	OPTIONS	/vehicle	http://localhost:8080
04/23/2024	12:04:76	f2615437-1487-4c03-8db1-b4135655427d	OPTIONS	/vehicle	http://localhost:8080
04/23/2024	12:04:93	ccda617e-8fad-43db-b9bf-5e7c65a7a755	GET	/vehicle	http://localhost:8080
04/23/2024	12:04:10	6513edbd-f903-4921-adff-3a9ebb0dae08	GET	/vehicle	http://localhost:8080
04/23/2024	12:04:99	18cc879a-4c84-4b37-b14c-0196aadcae87	OPTIONS	/vehicle	http://localhost:8080
04/23/2024	12:04:16	81925414-f7de-4300-924a-b4428924cad0	GET	/vehicle	http://localhost:8080
04/23/2024	12:04:15	4a507708-e831-40fe-9a57-936f743a79ed	OPTIONS	/vehicle	http://localhost:8080
04/23/2024	12:04:31	334ae768-1d34-427c-aacd-405d95efabc3	GET	/vehicle	http://localhost:8080
04/23/2024	12:04:61	bca536b5-e79d-414a-8d7b-15d0e2fd276c	OPTIONS	/vehicle	http://localhost:8080
04/23/2024	12:04:80	67a1e9ba-1079-4175-95ad-3518d0dd2377	GET	/vehicle	http://localhost:8080
04/23/2024	12:04:71	86bbbb89-4ace-4dac-abd9-888159e2bdae	OPTIONS	/vehicle	http://localhost:8080
04/23/2024	12:04:87	dc2c499f-caf5-42ad-a254-d1d036a6b0f5	GET	/vehicle	http://localhost:8080
04/23/2024	12:04:66	9d0a1e7e-2f65-444f-825a-a2f8f86837c6	OPTIONS	/vehicle	http://localhost:8080
04/23/2024	12:04:83	e1855ad8-8b35-467a-b0c1-365e67d86803	GET	/vehicle	http://localhost:8080
04/23/2024	12:04:06	7954c8a0-07f9-4051-83b5-adc5957c0ffa	OPTIONS	/vehicle	http://localhost:8080
04/23/2024	12:04:26	fdb2dba5-82e4-4123-abbb-1f9259765bd4	GET	/vehicle	http://localhost:8080
04/23/2024	12:04:00	1efccfb3-a664-48a5-974c-01235e5f3521	OPTIONS	/vehicle	http://localhost:8080
04/23/2024	12:04:16	72c13ee3-11ed-4ee5-828f-0b308975624b	GET	/vehicle	http://localhost:8080
04/23/2024	12:04:05	447251ac-29b0-4df5-b3fb-6e559009f927	GET	/type_of_vehicle	undefined
04/23/2024	12:04:28	db4e8ad0-3201-4c2c-bcf3-cbfc889f351d	OPTIONS	/vehicle	http://localhost:8080
04/23/2024	12:04:20	7cb23153-55e1-4cd8-ab03-602eb0983a3f	GET	/vehicle	http://localhost:8080
04/23/2024	12:04:69	abed28b4-d2e1-41e1-b6b4-e04dc85bf3b3	OPTIONS	/vehicle	http://localhost:8080
04/23/2024	12:04:87	7427a70f-11b0-44de-8d3b-48576b1b5174	GET	/vehicle	http://localhost:8080
04/23/2024	12:04:83	abab700d-71f6-4eb7-a719-6428726aa997	OPTIONS	/vehicle	http://localhost:8080
04/23/2024	12:04:00	92c2cdc9-d8e3-4198-9be8-030991c958dc	GET	/vehicle	http://localhost:8080
04/23/2024	12:04:19	a3c7de25-b5d5-423a-bf26-76fd414b2cf2	OPTIONS	/type_of_vehicle	http://localhost:8080
04/23/2024	12:04:35	4cf3189b-6606-4bdb-8ac2-71649bf5d854	GET	/type_of_vehicle	http://localhost:8080
04/23/2024	12:04:96	09b7ed79-4de7-4256-a7ae-f3a0f7b697cd	GET	/type_of_vehicle	undefined
04/23/2024	12:04:68	d07842a8-a263-483f-92e0-bddeca9e2d1e	GET	/favicon.ico	undefined
04/23/2024	12:04:68	f51887d4-64e2-4c70-a35c-9c44f5e4757a	OPTIONS	/type_of_vehicle	http://localhost:8080
04/23/2024	12:04:84	0a617b54-e933-47e0-be8c-bec2132667d0	GET	/type_of_vehicle	http://localhost:8080
04/23/2024	12:04:88	1c88fdf6-9ee5-4aa1-b234-f25faeed68df	OPTIONS	/type_of_vehicle	http://localhost:8080
04/23/2024	12:04:03	3e0a9ea8-5d3a-4fa6-8d49-8a6ed029ec54	GET	/type_of_vehicle	http://localhost:8080
04/23/2024	12:04:59	39716bcc-4e6e-4a26-9680-69d9424bd4ac	OPTIONS	/type_of_vehicle	http://localhost:8080
04/23/2024	12:04:75	1a0676e4-94fa-482a-99f2-04bdb783fe38	GET	/type_of_vehicle	http://localhost:8080
04/23/2024	12:04:12	29de4b2a-ab31-4932-9828-f80724b2e294	GET	/type_of_vehicle	http://localhost:8080
04/23/2024	12:04:26	e100caef-5436-4ccd-9717-046bab62c15e	OPTIONS	/type_of_vehicle	http://localhost:8080
04/23/2024	12:04:42	11412fec-baa7-4687-b6c8-3c929debacff	GET	/type_of_vehicle	http://localhost:8080
04/23/2024	12:04:72	1ab6b7c2-c4d9-4f86-87d0-28670a9aed0a	GET	/type_of_vehicle	undefined
04/23/2024	12:04:06	71f1bb81-2c46-48a9-a7de-f16ddd234de7	OPTIONS	/type_of_vehicle	http://localhost:8080
04/23/2024	12:04:22	f51e47d4-b975-4714-84cc-259b1bb9f70c	GET	/type_of_vehicle	http://localhost:8080
04/23/2024	12:04:79	595fe0d3-6069-4b1f-9e97-5e9769f40215	OPTIONS	/type_of_vehicle	http://localhost:8080
04/23/2024	12:04:00	b12ad03a-16fd-4a8e-aa2a-24f07bb140fc	GET	/type_of_vehicle	http://localhost:8080
04/23/2024	13:04:79	9e8de2ca-faee-4ce9-b030-166b7b735f2b	POST	/auth	undefined
04/23/2024	13:04:08	9823562b-56bb-4eb4-8c0d-0f4fcd2b868b	POST	/auth	undefined
04/23/2024	14:04:47	451b8cae-f956-4ede-9198-fd16d6231e83	OPTIONS	/type_of_vehicle	http://localhost:8080
04/23/2024	14:04:78	5404bd17-f4fc-42a9-8b20-9182f93c70ce	GET	/type_of_vehicle	http://localhost:8080
04/23/2024	14:04:82	970fb74b-05f2-49f0-bdcf-95b2e6bf1223	OPTIONS	/type_of_vehicle	http://localhost:8080
04/23/2024	14:04:64	1f8854da-69d0-41bc-9b53-294d8e212eae	GET	/type_of_vehicle	http://localhost:8080
04/23/2024	14:04:77	aa1f1299-5023-4be5-af5a-748d3c38dc60	OPTIONS	/type_of_vehicle	http://localhost:8080
04/23/2024	14:04:01	0c91d0d4-4b3a-4560-addd-97973920bc9f	GET	/type_of_vehicle	http://localhost:8080
04/23/2024	14:04:03	4d3c348f-2cb1-4f02-a3a8-87d82838c9e4	OPTIONS	/auth	http://localhost:8080
04/23/2024	14:04:18	39fd22f4-5028-4392-aab6-6d7315b7d81a	POST	/auth	http://localhost:8080
04/23/2024	14:04:13	329c189e-520b-4453-a097-e20a974d49ff	OPTIONS	/auth	http://localhost:8080
04/23/2024	14:04:28	6ecc4cd8-332b-482e-9409-2ce9563027a0	POST	/auth	http://localhost:8080
04/23/2024	14:04:44	8812227d-0416-4c9b-8fdd-7c2d7d6390b7	OPTIONS	/type_of_vehicle	http://localhost:8080
04/23/2024	14:04:72	ffca1d1b-2e0d-4191-b461-421c2299a177	GET	/type_of_vehicle	http://localhost:8080
04/23/2024	14:04:75	6c13d877-763c-4f29-b9e8-921542a702ac	OPTIONS	/type_of_vehicle	http://localhost:8080
04/23/2024	14:04:91	bb18d241-9f5c-4470-8df4-a2736c6db2cf	GET	/type_of_vehicle	http://localhost:8080
04/23/2024	14:04:60	e267be72-d95b-447e-b19a-a96cc304ee5e	OPTIONS	/type_of_vehicle	http://localhost:8080
04/23/2024	14:04:76	08950680-a0a2-4f13-bb40-1f257671cf40	GET	/type_of_vehicle	http://localhost:8080
04/23/2024	14:04:09	ba11a2c8-0a82-4b1b-92bb-8b02d082c521	GET	/info	undefined
04/23/2024	14:04:89	dc621143-fa63-41d8-985f-2d6f69eacf4c	OPTIONS	/type_of_vehicle	http://localhost:8080
04/23/2024	14:04:04	c73b62eb-c7d4-4b47-964d-432b5db44c10	GET	/type_of_vehicle	http://localhost:8080
04/23/2024	14:04:93	5b15f627-7ac2-4cf6-b0eb-9f2c43a6ac6f	GET	/vehicle_body?=	undefined
04/23/2024	14:04:94	7140f775-f50d-4a4e-8b4b-a7b57f9e5d64	GET	/charcer	undefined
04/23/2024	14:04:72	b787a860-0ee3-4c29-9889-ab02cfd9f91e	OPTIONS	/type_of_vehicle	http://localhost:8080
04/23/2024	14:04:88	323eb1ac-64f3-413f-97d5-9f283ea82dc6	GET	/type_of_vehicle	http://localhost:8080
04/23/2024	14:04:08	8b699ec3-b5f9-44a8-9d85-abe9b35653e7	OPTIONS	/vehicle_body	http://localhost:8080
04/23/2024	14:04:23	64441bdd-d741-44bb-a583-1089706a705c	GET	/vehicle_body	http://localhost:8080
04/23/2024	14:04:40	e4b9f1fd-d2a6-42c2-9094-1a2c430c71a2	OPTIONS	/info	http://localhost:8080
04/23/2024	14:04:55	c03b39ab-6b86-42b1-8196-8b4edf207af9	GET	/info	http://localhost:8080
04/23/2024	15:04:98	374b0404-7868-411c-9986-bcce58414a9f	OPTIONS	/type_of_vehicle	http://localhost:8080
04/23/2024	15:04:13	c50a8d5c-ea60-4f20-8ca3-eead6bedfc59	GET	/type_of_vehicle	http://localhost:8080
04/23/2024	15:04:29	031dceb0-f56e-4371-b1db-d8aab7e62752	OPTIONS	/vehicle_body	http://localhost:8080
04/23/2024	15:04:49	0f0abd8f-e8bf-4c09-a767-12e9d3f1d139	GET	/vehicle_body	http://localhost:8080
04/23/2024	15:04:66	2411534e-55cb-4648-b14c-7ed1749f4945	OPTIONS	/info	http://localhost:8080
04/23/2024	15:04:83	da5dcf08-627b-446a-a684-f6fb39912b61	GET	/info	http://localhost:8080
04/23/2024	15:04:64	3f80bdda-c4eb-4351-9ad2-832b063d3178	OPTIONS	/type_of_vehicle	http://localhost:8080
04/23/2024	15:04:79	49cdda98-c90c-4bb3-94a8-809e3de13462	GET	/type_of_vehicle	http://localhost:8080
04/23/2024	15:04:95	93c92635-6ee8-42f2-9a3f-ef5375fe38d0	OPTIONS	/vehicle_body	http://localhost:8080
04/23/2024	15:04:11	344ec7b7-2763-4326-a99c-b4f930b0f928	GET	/vehicle_body	http://localhost:8080
04/23/2024	15:04:27	302af4c6-8b6c-4c76-b2e8-c477e7d43cfc	OPTIONS	/info	http://localhost:8080
04/23/2024	15:04:42	0c3ab6bf-0583-4ee0-a76e-00a7a5e900d2	GET	/info	http://localhost:8080
04/23/2024	15:04:33	320e7e9d-8f8b-4c5e-9ce3-cd63620a8149	GET	/contact_details	undefined
04/23/2024	15:04:82	fe54d6d0-1cc7-4cd3-843c-bf27aba3488d	GET	/users	undefined
04/23/2024	15:04:95	cd934a6c-e792-4d72-adb8-ea6c8c3e610d	OPTIONS	/vehicle_body	http://localhost:8080
04/23/2024	15:04:95	aadcd287-7fcb-4b76-87e8-3fedfd1db7c0	OPTIONS	/type_of_vehicle	http://localhost:8080
04/23/2024	15:04:95	81df9095-978d-4ec4-8061-7c85a5ba96b1	OPTIONS	/type_of_vehicle	http://localhost:8080
04/23/2024	15:04:25	df80af3a-077f-4450-a0de-aa6ae8baa369	GET	/vehicle_body	http://localhost:8080
04/23/2024	15:04:25	d1cd2d24-c5b1-41f1-84a7-53fc1badb1e8	GET	/type_of_vehicle	http://localhost:8080
04/23/2024	15:04:43	9be6978c-1f23-4f7a-ada0-c1e0f082ce96	GET	/type_of_vehicle	http://localhost:8080
04/23/2024	15:04:45	3caa0203-d1ae-430b-94f9-f4dea888d89b	GET	/vehicle_body	http://localhost:8080
04/23/2024	15:04:45	bfdf0196-e1c9-4a0e-8842-a873449adef7	OPTIONS	/info	http://localhost:8080
04/23/2024	15:04:62	62e68d0c-3853-4a59-811d-87ed30c5962a	GET	/info	http://localhost:8080
04/23/2024	15:04:64	e3067deb-e4c5-43d3-8913-165c55584634	GET	/vehicle_body	http://localhost:8080
04/23/2024	15:04:82	bdccf90e-e0b1-4f7c-8830-65aae9b56b81	GET	/info	http://localhost:8080
04/23/2024	15:04:05	1268197a-4e70-498e-ac92-4437d0d298e3	GET	/info	http://localhost:8080
04/23/2024	15:04:10	598394c5-f97a-4e34-b30e-3c2e59abf185	GET	/type_of_vehicle	http://localhost:8080
04/23/2024	15:04:55	c36f96b3-1d1c-47cc-bbbe-855c895f9893	GET	/type_of_vehicle	http://localhost:8080
04/23/2024	15:04:57	d455d233-a0bb-411c-aad7-f0bc55c6a585	GET	/vehicle_body	http://localhost:8080
04/23/2024	15:04:91	672f5e0e-6b33-4d23-aec8-405057071c86	GET	/type_of_vehicle	http://localhost:8080
04/23/2024	15:04:91	ce7084e7-f5c8-4436-a1dc-6cf3604ed1ab	GET	/info	http://localhost:8080
04/23/2024	15:04:95	c3e95a35-258a-4def-829b-1d34c688aebc	GET	/vehicle_body	http://localhost:8080
04/23/2024	15:04:49	0c562716-e85d-4fe7-acd1-ca412792e946	GET	/type_of_vehicle	http://localhost:8080
04/23/2024	15:04:50	fbe3b021-a2d0-4256-a77b-30fcec35a3cc	GET	/vehicle_body	http://localhost:8080
04/23/2024	15:04:50	46d50978-3ef1-4725-a077-d3b02794f5d9	GET	/info	http://localhost:8080
04/23/2024	15:04:66	cb3bbd8b-20b1-42a9-9ed5-d6672aaa162f	GET	/type_of_vehicle	http://localhost:8080
04/23/2024	15:04:67	1f47ec77-d5a7-4cfa-b86a-1fe961e06871	GET	/vehicle_body	http://localhost:8080
04/23/2024	15:04:67	c35e7260-64b5-4baa-a2f0-2020f8693a35	GET	/info	http://localhost:8080
04/23/2024	15:04:64	58d49568-6d7d-4f49-b09a-02ca929ba340	GET	/type_of_vehicle	http://localhost:8080
04/23/2024	15:04:64	c5626ddb-0d25-4bf9-a15b-41632164299a	OPTIONS	/vehicle_body	http://localhost:8080
04/23/2024	15:04:65	1e8ac4ac-c944-4995-b623-52086114f2ab	OPTIONS	/info	http://localhost:8080
04/23/2024	15:04:66	35f3849e-751c-4b82-bffa-3141c8a3f2bd	OPTIONS	/type_of_vehicle	http://localhost:8080
04/23/2024	15:04:66	fb17cfc6-5e68-4aa8-8c00-57edfeaa053d	OPTIONS	/type_of_vehicle	http://localhost:8080
04/23/2024	15:04:43	ee26961c-ea4a-4691-8a97-88c43e806241	GET	/type_of_vehicle	http://localhost:8080
04/23/2024	15:04:43	155c6b9d-a67d-4223-aa90-edb4ec9a798e	GET	/vehicle_body	http://localhost:8080
04/23/2024	15:04:43	533d6d12-4f22-4469-b5a6-9af0108b3db3	GET	/info	http://localhost:8080
04/23/2024	15:04:72	1269cf64-a9b5-43ee-b1c1-6cfd3709f766	GET	/type_of_vehicle	http://localhost:8080
04/23/2024	15:04:36	47e7f18e-c222-4234-8bbc-cbf7f9a384af	GET	/vehicle_body	http://localhost:8080
04/23/2024	15:04:36	5f0aef4a-0ce6-41ca-80a5-a7bc4d0dd079	GET	/info	http://localhost:8080
04/23/2024	15:04:50	f756c238-0667-45f6-a648-87f146a48323	GET	/type_of_vehicle	http://localhost:8080
04/23/2024	15:04:65	687c7cf2-6f54-401f-89b0-7002bea6ed9c	GET	/vehicle_body	http://localhost:8080
04/23/2024	15:04:65	6c5e30aa-69e7-4989-af40-40ca01073c67	GET	/info	http://localhost:8080
04/23/2024	15:04:77	5d7d1d38-b3eb-45b4-92a0-260bc66b990d	GET	/vehicle_body	http://localhost:8080
04/23/2024	15:04:78	6d0ba303-5c95-477b-a458-b376c989f8ac	GET	/info	http://localhost:8080
04/23/2024	15:04:85	45d6a043-9639-49f2-96d8-72a00313ca09	GET	/type_of_vehicle	http://localhost:8080
04/23/2024	15:04:91	3691319a-84ae-4e67-a576-32d982795933	GET	/vehicle_body	http://localhost:8080
04/23/2024	15:04:91	34673f52-45c9-4e6c-85e5-9d13ac82ffa2	GET	/type_of_vehicle	http://localhost:8080
04/23/2024	15:04:67	bb6ff0f8-9905-44b8-bbef-c1a892f84f4f	GET	/info	http://localhost:8080
04/23/2024	15:04:89	3e52e5c5-2986-477c-a116-ab38c50fa182	GET	/vehicle_body	http://localhost:8080
04/23/2024	15:04:89	c36d3ad9-51e1-4f83-9c0b-c68881a21a1c	GET	/type_of_vehicle	http://localhost:8080
04/23/2024	15:04:90	ba7bb48d-53f2-401d-b8b3-0e99fc8b73c4	OPTIONS	/vehicle_body	http://localhost:8080
04/23/2024	15:04:90	329eb1bb-5a12-47fa-b82e-ca4d8c43c9f4	OPTIONS	/info	http://localhost:8080
04/23/2024	15:04:08	9fe7d7bc-28a5-4eab-b58c-813f8fe35b65	GET	/type_of_vehicle	http://localhost:8080
04/23/2024	15:04:08	ca907f70-40dd-43a5-b5a8-8d3fe1bc44c5	GET	/vehicle_body	http://localhost:8080
04/23/2024	15:04:08	22a72384-8c86-46f6-a095-ad713a7466b4	GET	/info	http://localhost:8080
04/23/2024	15:04:84	a39f84a4-3f62-4333-8651-61da27c46328	OPTIONS	/type_of_vehicle	http://localhost:8080
04/23/2024	15:04:85	bd043cf4-61b7-43b5-83a6-7f325fed0b91	OPTIONS	/type_of_vehicle	http://localhost:8080
04/23/2024	15:04:99	71ae1668-2bcd-4b13-9e0c-5e3ea2c03e56	GET	/info	http://localhost:8080
04/23/2024	15:04:99	cb7211f0-9574-49e2-9968-c0cf07dffa86	GET	/vehicle_body	http://localhost:8080
04/23/2024	15:04:36	f42b341a-e4d1-4d80-ab83-d167870c8ba3	GET	/type_of_vehicle	http://localhost:8080
04/23/2024	15:04:08	54793077-1af3-4e43-ad04-aef61352a7a0	GET	/info	http://localhost:8080
04/23/2024	15:04:09	80ab6f5a-d4a4-4318-878a-a31a1c739b67	GET	/vehicle_body	http://localhost:8080
04/23/2024	15:04:09	6c0799ec-b8d2-439f-8b3f-93f0e6af37c3	OPTIONS	/info	http://localhost:8080
04/23/2024	15:04:64	cab504d8-a450-49d2-8bb9-355444abbac7	GET	/type_of_vehicle	http://localhost:8080
04/23/2024	15:04:65	e5a1229e-34b9-49c6-bb65-758185eae7db	OPTIONS	/vehicle_body	http://localhost:8080
04/23/2024	15:04:28	b29585b6-8580-4e79-9dc4-9de2782ca27d	GET	/info	http://localhost:8080
04/23/2024	15:04:28	e242eae8-9023-49a0-abf6-a4acdb7d75b2	GET	/vehicle_body	http://localhost:8080
04/23/2024	15:04:55	0fc492d3-7b92-4038-a2ce-412af01e5b7d	GET	/info	http://localhost:8080
04/23/2024	15:04:56	30c2432d-3d95-4ab0-b789-80e3ef15ae25	GET	/vehicle_body	http://localhost:8080
04/23/2024	15:04:65	cc4a1a5e-e73d-4e25-a777-66c37d961816	OPTIONS	/info	http://localhost:8080
04/23/2024	15:04:84	5a29920f-5f35-4abf-b902-b3d2eae4bb41	OPTIONS	/info	http://localhost:8080
04/23/2024	15:04:00	7ece1174-1d31-4138-b5c9-3526fb892e91	GET	/info	http://localhost:8080
04/23/2024	15:04:21	ff18a664-a564-41b2-9c42-d9a4df29dfce	OPTIONS	/type_of_vehicle	http://localhost:8080
04/23/2024	15:04:21	b1832e1e-c297-4e5e-94df-c9e2d26241c1	OPTIONS	/type_of_vehicle	http://localhost:8080
04/23/2024	15:04:31	e3ac262e-da3b-482e-b4d7-e34879ae0f1c	GET	/info	http://localhost:8080
04/23/2024	15:04:31	1be799d3-1190-41fd-a113-51fbc3d3da5c	GET	/type_of_vehicle	http://localhost:8080
04/23/2024	15:04:65	62b355ae-1c60-4292-a7f6-0a05d4534f91	GET	/type_of_vehicle	http://localhost:8080
04/23/2024	15:04:65	e9f21797-ae2b-44fb-b317-e61fc0ddeb67	OPTIONS	/vehicle_body	http://localhost:8080
04/23/2024	15:04:19	1f51c22f-78f2-4ea6-b0b7-994c8da9adb4	GET	/vehicle_body	http://localhost:8080
04/23/2024	15:04:47	f419ac3c-49e6-4fa4-b7cd-70f48aec1087	GET	/vehicle_body	http://localhost:8080
04/23/2024	15:04:87	d99f8cc9-87e7-4c3d-857c-92da7edbdacb	GET	/info	http://localhost:8080
04/23/2024	15:04:17	91e93832-edc4-46da-a9fe-d6057f1e47dc	GET	/info	http://localhost:8080
04/23/2024	15:04:26	76e0e3e0-eca4-4307-864f-557b10922499	OPTIONS	/type_of_vehicle	http://localhost:8080
04/23/2024	15:04:43	fe0e0aa9-65ca-4517-ba8d-50a0a8f7ffc8	GET	/type_of_vehicle	http://localhost:8080
04/23/2024	15:04:60	e1438401-7c52-4bb8-b882-a733b28432b2	OPTIONS	/vehicle_body	http://localhost:8080
04/23/2024	15:04:77	66fc6184-3ce3-4f8c-9028-028b37ad8360	GET	/vehicle_body	http://localhost:8080
04/23/2024	15:04:94	68ee7048-a253-4ace-a7e9-495c7f4f7328	OPTIONS	/info	http://localhost:8080
04/23/2024	15:04:10	d68dc481-bb40-44e1-a011-23c8137d4ec0	GET	/info	http://localhost:8080
04/23/2024	15:04:29	0f17e4ee-2deb-4743-b9f2-abbbf9c17873	OPTIONS	/charcer	http://localhost:8080
04/23/2024	15:04:46	a2c3db72-12d0-4870-9570-515327b79ad8	GET	/charcer	http://localhost:8080
04/23/2024	15:04:39	6741d0c7-a35e-4cd2-8038-4729e40c3515	OPTIONS	/info	http://localhost:8080
04/23/2024	15:04:03	0b24000e-5d73-4693-bfcd-dbf24b5f1efb	GET	/info	http://localhost:8080
04/23/2024	15:04:45	467ff69c-cafa-4c74-9b9a-f9cf7de96242	OPTIONS	/charcer	http://localhost:8080
04/23/2024	15:04:52	f269fb9d-990a-431b-8c73-7e6ffb47f36a	GET	/charcer	http://localhost:8080
04/23/2024	16:04:34	5defc5ba-e747-4f7b-9fd6-3e592a5e9683	OPTIONS	/type_of_vehicle	http://localhost:8080
04/23/2024	16:04:20	50a696bf-841d-4ce4-93c8-594a19992af3	GET	/type_of_vehicle	http://localhost:8080
04/23/2024	16:04:80	5cf31c85-d9f1-41f8-b268-a513a6fea1cc	OPTIONS	/vehicle_body	http://localhost:8080
04/23/2024	16:04:21	ef47be34-3004-46c8-b390-e1666a2afd98	GET	/vehicle_body	http://localhost:8080
04/23/2024	16:04:39	4e48ef25-d5e4-45d7-a37d-9f665b375d6e	OPTIONS	/info	http://localhost:8080
04/23/2024	16:04:58	b3f2bdd0-7dd4-4097-b930-f855164f2027	GET	/info	http://localhost:8080
04/23/2024	16:04:84	12942d8f-1423-44bc-b411-c4312c82aa04	OPTIONS	/charcer	http://localhost:8080
04/23/2024	16:04:02	c950b4b9-65e8-4b5b-87d5-805148378907	GET	/charcer	http://localhost:8080
04/23/2024	16:04:18	a23a835a-e6d3-4275-9663-c3a7c2046823	OPTIONS	/type_of_vehicle	http://localhost:8080
04/23/2024	16:04:71	2ad727c5-4344-4391-a514-f923d27c2a82	GET	/type_of_vehicle	http://localhost:8080
04/23/2024	16:04:02	31600769-3ced-4eaf-b7fa-84e5fccff06e	OPTIONS	/vehicle_body	http://localhost:8080
04/23/2024	16:04:82	708cf2f9-d54b-4483-9db6-57867d9681e1	GET	/vehicle_body	http://localhost:8080
04/23/2024	16:04:15	c53c5dc2-ce58-4509-93ba-7f27ea148240	OPTIONS	/info	http://localhost:8080
04/23/2024	16:04:29	5b20db21-4f4d-4bb0-a805-3b80a1e1c72c	OPTIONS	/type_of_vehicle	http://localhost:8080
04/23/2024	16:04:10	52c90c02-d152-4242-90da-833b49e0cc9d	GET	/type_of_vehicle	http://localhost:8080
04/23/2024	16:04:31	2b4373dd-4746-4ad9-9640-9dd1b7d65b7f	GET	/vehicle_body	http://localhost:8080
04/23/2024	16:04:52	489a6f49-17ab-48cd-9e16-5a0f58619b9a	GET	/info	http://localhost:8080
04/23/2024	16:04:75	f09b05ec-a8e1-49df-a928-cbf5e3229583	OPTIONS	/charcer	http://localhost:8080
04/23/2024	16:04:97	bbd6d62e-c1fc-4446-8e8f-4d3139e9a42e	GET	/charcer	http://localhost:8080
04/23/2024	16:04:84	c52bdc53-f54a-4f2a-9086-75dce1933df5	OPTIONS	/type_of_vehicle	http://localhost:8080
04/23/2024	16:04:17	a4ae320b-659d-4367-a0ad-919e033096b4	GET	/type_of_vehicle	http://localhost:8080
04/23/2024	16:04:50	17f11669-5bd3-4488-8418-2a7bc9e1efd7	OPTIONS	/vehicle_body	http://localhost:8080
04/23/2024	16:04:83	97c14923-3f18-43b7-8195-40e2abb9576f	GET	/vehicle_body	http://localhost:8080
04/23/2024	16:04:18	ad7760e7-5695-436f-bd36-5cb2a53ef3e1	OPTIONS	/info	http://localhost:8080
04/23/2024	16:04:54	bc50980d-111f-4b5a-b04a-2abd5b6950ab	GET	/info	http://localhost:8080
04/23/2024	16:04:97	95114788-87d2-4fe2-8452-cea70da3ae52	OPTIONS	/charcer	http://localhost:8080
04/23/2024	16:04:32	04d840a4-b9cf-48de-afd9-c071ec0b8d8f	GET	/charcer	http://localhost:8080
04/23/2024	16:04:78	abfa44fe-a91e-4652-befd-06ea6d3f8b17	OPTIONS	/users	http://localhost:8080
04/23/2024	16:04:16	e7d6e43a-757d-4463-9f07-3cee53eea6dd	GET	/users	http://localhost:8080
04/23/2024	16:04:54	5c7cad23-d057-4eee-9838-9bb07edb712b	OPTIONS	/type_of_vehicle	http://localhost:8080
04/23/2024	16:04:54	d7cec760-11d2-403e-a287-e5629909573f	GET	/type_of_vehicle	http://localhost:8080
04/23/2024	16:04:04	4517d27e-9102-49e3-8a19-386d82675a8a	OPTIONS	/vehicle_body	http://localhost:8080
04/23/2024	16:04:21	f064e38f-f727-4b8f-8325-219cc3f4c768	GET	/vehicle_body	http://localhost:8080
04/23/2024	16:04:63	d02b8ce4-ff64-46bf-9b27-f433199251ff	OPTIONS	/info	http://localhost:8080
04/23/2024	16:04:82	3dc09fb5-d2de-4af0-a43e-514cedc77546	GET	/info	http://localhost:8080
04/23/2024	16:04:03	81b8cc1e-bc16-4659-aca4-184012b53bb9	OPTIONS	/charcer	http://localhost:8080
04/23/2024	16:04:22	926d6a10-bf6a-4dc2-9484-727f502cde5a	GET	/charcer	http://localhost:8080
04/23/2024	16:04:40	a6e3c0d9-a0f7-4733-a0bb-a52b7b4bded3	OPTIONS	/users	http://localhost:8080
04/23/2024	16:04:64	1a10af9a-faa2-4e91-90d0-62cbde599567	GET	/users	http://localhost:8080
04/23/2024	16:04:18	1528dee3-3779-4d72-915d-fd4f6225a171	OPTIONS	/type_of_vehicle	http://localhost:8080
04/23/2024	16:04:37	46a6aeae-8882-4bc6-b969-725cc1f31c48	GET	/type_of_vehicle	http://localhost:8080
04/23/2024	16:04:58	0b21b9cd-c628-4800-a785-f48020dc98cb	OPTIONS	/vehicle_body	http://localhost:8080
04/23/2024	16:04:75	ac9c42ce-0060-448e-8fb2-7c3cbed0507c	GET	/vehicle_body	http://localhost:8080
04/23/2024	16:04:94	8cc00c9b-87e7-4269-a28b-3d8281098e95	OPTIONS	/info	http://localhost:8080
04/23/2024	16:04:15	65c89e26-2d66-4a3f-850a-878d422d51ec	GET	/info	http://localhost:8080
04/23/2024	16:04:33	adc28e4f-7c62-4b01-b6f8-4fc8f8f04dad	OPTIONS	/charcer	http://localhost:8080
04/23/2024	16:04:50	d6bb9fd3-21fb-49b1-8760-7dc58a012701	GET	/charcer	http://localhost:8080
04/23/2024	16:04:71	05b4f140-96b2-487b-a6f0-932920c0f4b5	OPTIONS	/users	http://localhost:8080
04/23/2024	16:04:88	3108abaa-d9d2-426f-9932-c5ab4c6da98e	GET	/users	http://localhost:8080
04/23/2024	16:04:22	b3ad9d63-2d5a-4b5b-ac36-c82bf1e9e653	GET	//storage_equipment	undefined
04/23/2024	16:04:36	253c691b-9232-4b15-8677-2b47c253c93b	GET	/storage_equipment	undefined
04/23/2024	16:04:08	4131d0ba-e8ad-422c-8b46-2f115ca47916	GET	/type_of_storage	undefined
04/23/2024	16:04:04	c6ca6bb1-35bc-43a8-a520-77d691389a6d	OPTIONS	/type_of_vehicle	http://localhost:8080
04/23/2024	16:04:22	e14de8a3-e7fb-46e9-a29f-6d55db578406	GET	/type_of_vehicle	http://localhost:8080
04/23/2024	16:04:39	edf2604d-5cdf-4bc6-a881-adb929aefd95	OPTIONS	/vehicle_body	http://localhost:8080
04/23/2024	16:04:59	58b8894b-2257-45b6-b493-05959d2579c3	GET	/vehicle_body	http://localhost:8080
04/23/2024	16:04:79	4ba7fece-ec80-498a-b2d7-8e84dc2f982d	OPTIONS	/info	http://localhost:8080
04/23/2024	16:04:03	d72fd72b-a13d-45ca-9393-a3b39658a229	GET	/info	http://localhost:8080
04/23/2024	16:04:21	399af77a-48ea-421c-9273-c987ce1b0984	OPTIONS	/charcer	http://localhost:8080
04/23/2024	16:04:36	f986bd63-148e-4cf5-b984-fe7d5176eefe	GET	/charcer	http://localhost:8080
04/23/2024	16:04:54	281c8a96-d6ad-41fe-9030-9e721579d2ef	OPTIONS	/users	http://localhost:8080
04/23/2024	16:04:72	93e03306-242a-48d8-be67-6bbaf02ff768	GET	/users	http://localhost:8080
04/23/2024	16:04:96	f4cb05bd-a84f-4ce2-aa04-1d4c9accb859	OPTIONS	/storage_equipment	http://localhost:8080
04/23/2024	16:04:15	47838858-6669-41c0-b9af-7af0aeea2a54	GET	/storage_equipment	http://localhost:8080
04/23/2024	16:04:33	85c7c40c-f067-44ea-8242-e814d03095cb	OPTIONS	/type_of_storage	http://localhost:8080
04/23/2024	16:04:52	104f0c14-363e-40c8-84df-128f56e4ca0f	GET	/type_of_storage	http://localhost:8080
04/23/2024	16:04:35	2e0b34b0-4c43-457c-8786-25157cef8702	OPTIONS	/type_of_vehicle	http://localhost:8080
04/23/2024	16:04:51	f7fff770-b149-4768-a2c3-e1369099195a	GET	/type_of_vehicle	http://localhost:8080
04/23/2024	16:04:68	00b7b684-160f-4cfc-ab94-ecb56e7e14af	OPTIONS	/vehicle_body	http://localhost:8080
04/23/2024	16:04:83	5c0e8119-6dff-4683-b857-336a6a336abf	GET	/vehicle_body	http://localhost:8080
04/23/2024	16:04:01	1679eede-da6c-4c65-9c11-d849708ff571	OPTIONS	/info	http://localhost:8080
04/23/2024	16:04:21	670e9a8b-0288-450b-838e-53cef061562c	GET	/info	http://localhost:8080
04/23/2024	16:04:45	298da085-9123-4730-9f43-a14f8caf0e67	OPTIONS	/charcer	http://localhost:8080
04/23/2024	16:04:69	8d47b863-53dd-48d9-adb2-de335f352052	GET	/charcer	http://localhost:8080
04/23/2024	16:04:90	fd93f3f4-065e-460c-8cf8-02f6ff2545e0	OPTIONS	/users	http://localhost:8080
04/23/2024	16:04:05	9844e3a4-5bb4-40ee-ac05-431a85631f3b	GET	/users	http://localhost:8080
04/23/2024	16:04:21	820b7386-8194-4fdb-ad14-b7c472d01975	OPTIONS	/storage_equipment	http://localhost:8080
04/23/2024	16:04:38	01da48da-ffe9-482d-8214-6e8a351cbfe7	GET	/storage_equipment	http://localhost:8080
04/23/2024	16:04:54	285b7cc8-ab5e-47e9-9d15-1d24c9f09d76	OPTIONS	/type_of_storage	http://localhost:8080
04/23/2024	16:04:70	46763d59-d17a-4edc-b19f-ccd237a050f1	GET	/type_of_storage	http://localhost:8080
04/23/2024	16:04:52	2f531595-6ad2-4df5-9073-ad7a8badd498	OPTIONS	/type_of_vehicle	http://localhost:8080
04/23/2024	16:04:68	ece8632e-d5d7-4ae4-b974-cadebf646563	GET	/type_of_vehicle	http://localhost:8080
04/23/2024	16:04:87	870b9958-f617-46f3-845a-2d31594a05da	OPTIONS	/vehicle_body	http://localhost:8080
04/23/2024	16:04:03	50cbd0f0-6a94-4df2-aa28-2bfc3af38d55	GET	/vehicle_body	http://localhost:8080
04/23/2024	16:04:22	569c8a76-ae7c-47ed-a631-0e3a4753bfcb	OPTIONS	/info	http://localhost:8080
04/23/2024	16:04:38	8abe4419-593e-48ec-a4aa-ed6343938c87	GET	/info	http://localhost:8080
04/23/2024	16:04:57	74619444-4098-4b4e-9833-6a3107573b40	OPTIONS	/charcer	http://localhost:8080
04/23/2024	16:04:73	78e596d5-41b4-4ebd-960a-829e50df7026	GET	/charcer	http://localhost:8080
04/23/2024	16:04:91	82ecd102-afee-48a1-b9bb-8ffe367e5f13	OPTIONS	/users	http://localhost:8080
04/23/2024	16:04:06	81a6da26-2433-47b5-aa35-f5b0a37299e8	GET	/users	http://localhost:8080
04/23/2024	16:04:25	787d2480-fc58-457f-bca6-50a874124dfc	OPTIONS	/storage_equipment	http://localhost:8080
04/23/2024	16:04:41	971d9ecd-635c-4912-8a00-7cf58a5050ca	GET	/storage_equipment	http://localhost:8080
04/23/2024	16:04:58	3aea9e4b-09f7-462e-ad3a-090fd075747a	OPTIONS	/type_of_storage	http://localhost:8080
04/23/2024	16:04:74	2bc29e82-e1b5-4be6-b427-cf35f99e4ad1	GET	/type_of_storage	http://localhost:8080
04/23/2024	16:04:13	0420aa03-a2df-42c5-b82a-532ed133ec81	GET	/freight	undefined
04/23/2024	16:04:34	821802a2-d33a-47a5-8c81-0026c42fc552	GET	/freight_location	undefined
04/23/2024	16:04:18	06d4a234-6c25-41b3-9a40-494d7dcf574c	POST	/freight_location	undefined
04/23/2024	16:04:01	6aada593-3b99-483f-ae46-fa7824dc7c08	GET	/freight_location	undefined
04/23/2024	19:04:05	e0b5adc2-2b9b-41e9-82ec-4a89413b4fa5	OPTIONS	/type_of_vehicle	http://localhost:8080
04/23/2024	19:04:05	6d7d9fca-aa32-40b9-9243-3807d9546a64	OPTIONS	/type_of_vehicle	http://localhost:8080
04/23/2024	19:04:02	ace1418c-a192-41c2-acbe-6b99f3af2b55	GET	/type_of_vehicle	http://localhost:8080
04/23/2024	19:04:36	9d210a1a-af86-413a-be97-179de9b6bc22	OPTIONS	/vehicle_equipment	http://localhost:8080
04/23/2024	19:04:71	6eadd532-c921-4575-a371-e26798e9c691	GET	/vehicle_equipment	http://localhost:8080
04/23/2024	19:04:92	f7a0c569-42c2-4887-9da1-95ced48d8615	OPTIONS	/vehicle_body	http://localhost:8080
04/23/2024	19:04:09	f0694e10-2d9e-41ae-8a4c-2dea75fd9938	GET	/vehicle_body	http://localhost:8080
04/23/2024	19:04:50	5fa6ad58-9c75-4457-a0b5-b9e8be9cf560	OPTIONS	/info	http://localhost:8080
04/23/2024	19:04:91	aa358d4b-c47b-4138-9532-04b275b5d10d	GET	/info	http://localhost:8080
04/23/2024	19:04:05	c464ba13-e27d-401c-bcfe-b37d1709ecd1	OPTIONS	/charcer	http://localhost:8080
04/23/2024	19:04:97	d9f455ff-1b19-493f-bade-5631d47ab761	GET	/charcer	http://localhost:8080
04/23/2024	19:04:98	95803428-ff22-4905-9e90-c1d76d214891	OPTIONS	/users	http://localhost:8080
04/23/2024	19:04:73	bafaa67e-291c-4567-af67-883a1803a2fd	GET	/users	http://localhost:8080
04/23/2024	19:04:37	4636a53c-0dba-4f31-a4bc-3d32790ec855	OPTIONS	/storage_equipment	http://localhost:8080
04/23/2024	19:04:33	3126cd96-2e34-4c7f-9c6e-85e1aefd211b	GET	/storage_equipment	http://localhost:8080
04/23/2024	19:04:21	e94dd417-bd15-4d02-aed6-408b61666fb3	OPTIONS	/type_of_storage	http://localhost:8080
04/23/2024	19:04:83	be162f5a-fda5-4b03-9111-7afa7c4732db	GET	/type_of_storage	http://localhost:8080
04/23/2024	19:04:84	bc6b3c87-57e4-46c6-8882-06003a033c6b	OPTIONS	/swap_body	http://localhost:8080
04/23/2024	19:04:10	e189e550-9c36-437d-8831-5c88c8b08051	GET	/swap_body	http://localhost:8080
04/23/2024	19:04:31	80dcd845-ec1a-4901-b70d-81ad6425ad93	OPTIONS	/trailer_info	http://localhost:8080
04/23/2024	19:04:63	c7197229-8932-46b6-8eb7-5a7da5847054	GET	/trailer_info	http://localhost:8080
04/23/2024	19:04:10	95604024-c949-4507-8701-e88d62618a34	OPTIONS	/load_securing	http://localhost:8080
04/23/2024	19:04:57	b244efa7-cf5b-4b0f-8b02-cb6eb11ca1a5	GET	/load_securing	http://localhost:8080
04/23/2024	19:04:05	cd6609a6-718e-41fc-9971-797cd5f52340	OPTIONS	/type_of_settiement	http://localhost:8080
04/23/2024	19:04:45	8c925535-1b5a-40eb-b036-10cf7b991b4d	GET	/type_of_settiement	http://localhost:8080
04/23/2024	19:04:04	40301c49-1946-499e-b251-bf38ab2e1fea	GET	/type_of_settiement	http://localhost:8080
04/23/2024	19:04:65	a1e2710e-bb06-4dba-87c3-0f9795134355	OPTIONS	/type_of_vehicle	http://localhost:8080
04/23/2024	19:04:82	f6e9d52f-1ac9-450d-b950-470cbe363be5	GET	/type_of_vehicle	http://localhost:8080
04/23/2024	19:04:98	5b4659c5-f13a-494a-93df-618174c8f059	OPTIONS	/vehicle_equipment	http://localhost:8080
04/23/2024	19:04:15	a12d484b-0959-4e9d-aefe-918671c1ef11	GET	/vehicle_equipment	http://localhost:8080
04/23/2024	19:04:33	e48055dd-8975-4e9c-88b9-4d4f3b42d91c	OPTIONS	/vehicle_body	http://localhost:8080
04/23/2024	19:04:49	6795e2b0-582b-462c-9506-41de257d0bc4	GET	/vehicle_body	http://localhost:8080
04/23/2024	19:04:66	9b67629b-8c4d-492c-9baa-33f6011074e7	OPTIONS	/info	http://localhost:8080
04/23/2024	19:04:83	8ebd3d47-0232-4434-89f7-f1e65346d09a	GET	/info	http://localhost:8080
04/23/2024	19:04:01	02e42fee-d801-452e-8080-e4b864f0e7c4	OPTIONS	/charcer	http://localhost:8080
04/23/2024	19:04:17	9505a039-574e-44c1-a2a4-60859cafdf24	GET	/charcer	http://localhost:8080
04/23/2024	19:04:34	dfef4cb2-0a61-40d9-a457-777ce5d247a2	OPTIONS	/users	http://localhost:8080
04/23/2024	19:04:50	c82e2274-4282-454d-afb8-3fdcb0ee13f9	GET	/users	http://localhost:8080
04/23/2024	19:04:68	1d23d4ad-61cc-46e3-bc18-c3c81ff47d7f	OPTIONS	/storage_equipment	http://localhost:8080
04/23/2024	19:04:85	e9344012-bf66-4e95-a80a-92d672c3901e	GET	/storage_equipment	http://localhost:8080
04/23/2024	19:04:05	55457c28-7a96-4f0a-915c-ef6736fde0e7	OPTIONS	/type_of_storage	http://localhost:8080
04/23/2024	19:04:24	734a188e-ca9b-46f4-afc6-d60ad65ecd72	GET	/type_of_storage	http://localhost:8080
04/23/2024	19:04:41	e8f9ee63-8d61-4e21-aea4-311c415833b0	OPTIONS	/swap_body	http://localhost:8080
04/23/2024	19:04:58	e986bbeb-00fa-4d8f-b30e-fcbcabf952c5	GET	/swap_body	http://localhost:8080
04/23/2024	19:04:76	7aef1fe3-5ce0-496f-a1d2-0493a46a563a	OPTIONS	/trailer_info	http://localhost:8080
04/23/2024	19:04:93	ae17dad6-4e31-4765-8201-2becc382dcf0	GET	/trailer_info	http://localhost:8080
04/23/2024	19:04:10	6c569a94-a859-493e-9ba1-6a682f3523b3	OPTIONS	/load_securing	http://localhost:8080
04/23/2024	19:04:27	fed62d7a-b63c-4de4-a4ef-371954b1571b	GET	/load_securing	http://localhost:8080
04/23/2024	19:04:44	d21aca34-391b-420f-9ab7-47e1e03db653	OPTIONS	/type_of_settiement	http://localhost:8080
04/23/2024	19:04:70	1fb7b866-12eb-48db-ab0e-d720f5ad9269	GET	/type_of_settiement	http://localhost:8080
04/23/2024	19:04:03	d68fe88d-0998-42c0-b093-38139b9ec4dc	GET	/type_of_settiement	http://localhost:8080
04/23/2024	19:04:35	044fb757-5b52-4458-bd46-94d0f3a7ab04	OPTIONS	/type_of_cargo	http://localhost:8080
04/23/2024	19:04:60	e502aa14-babb-490b-b8ac-899e2dfd46ab	GET	/type_of_cargo	http://localhost:8080
04/23/2024	19:04:93	93b0f84c-9726-4981-bc55-6add6aaa64b0	OPTIONS	/nature_cargo	http://localhost:8080
04/23/2024	19:04:13	fa2dcdb8-000c-4322-8d8b-adebc1e9dd7a	GET	/nature_cargo	http://localhost:8080
04/23/2024	19:04:42	5381293d-a3e4-421e-b90f-87acb3d03d98	OPTIONS	/type_of_transport	http://localhost:8080
04/23/2024	19:04:69	f98c9916-edbe-4c0d-99b2-c4019a5be471	GET	/type_of_transport	http://localhost:8080
04/23/2024	19:04:96	fbb18ef7-786d-4763-b5fa-375dc53cf265	OPTIONS	/storage_facilities	http://localhost:8080
04/23/2024	19:04:22	52d27f03-d863-41d6-a4a5-f8ceaedc6034	GET	/storage_facilities	http://localhost:8080
04/23/2024	19:04:98	b5cd5b27-e9a0-4634-8e79-83f235d1e47a	OPTIONS	/type_of_vehicle	http://localhost:8080
04/23/2024	19:04:13	1d474888-7dab-499c-95f2-9a9250b8d128	GET	/type_of_vehicle	http://localhost:8080
04/23/2024	19:04:30	40d67986-36f6-4bac-8ee2-733b59b7dd40	OPTIONS	/vehicle_equipment	http://localhost:8080
04/23/2024	19:04:44	9e231997-3aed-4b54-991b-c0c7810fb5a5	GET	/vehicle_equipment	http://localhost:8080
04/23/2024	19:04:60	9e02a554-0fb6-4504-bcb4-b3b5451aa8c4	OPTIONS	/vehicle_body	http://localhost:8080
04/23/2024	19:04:76	f702cdfa-a2e1-438c-af18-4e5b54fe8d4d	GET	/vehicle_body	http://localhost:8080
04/23/2024	19:04:92	ff2f7717-dcee-44fe-8709-a44e4811745d	OPTIONS	/info	http://localhost:8080
04/23/2024	19:04:07	150b2413-6292-420f-9182-201799b2ba23	GET	/info	http://localhost:8080
04/23/2024	19:04:22	77d3b35f-b983-4e85-be68-b75b8db03e8f	OPTIONS	/charcer	http://localhost:8080
04/23/2024	19:04:38	57994a35-8d05-4951-8177-94a602793662	GET	/charcer	http://localhost:8080
04/23/2024	19:04:54	d0c9b7a5-adff-457c-9167-a7a3a40ff313	OPTIONS	/users	http://localhost:8080
04/23/2024	19:04:69	171c4c62-3b3a-4507-b5b4-766d982d05d7	GET	/users	http://localhost:8080
04/23/2024	19:04:85	78e90fba-5eec-4dee-9b71-2383d201fba7	OPTIONS	/storage_equipment	http://localhost:8080
04/23/2024	19:04:00	dbb720b3-b43b-4869-bf60-7ee6357e2ab9	GET	/storage_equipment	http://localhost:8080
04/23/2024	19:04:16	f6ee3ff8-113e-42c4-9ec8-08510997d1b8	OPTIONS	/type_of_storage	http://localhost:8080
04/23/2024	19:04:31	41bc51a5-f308-42b6-902b-7f15ad1f179e	GET	/type_of_storage	http://localhost:8080
04/23/2024	19:04:46	64e16191-0449-4c2f-8337-8653836d87a3	OPTIONS	/swap_body	http://localhost:8080
04/23/2024	19:04:61	b0f8466c-cab5-4b2c-8a16-45b58b8b8fda	GET	/swap_body	http://localhost:8080
04/23/2024	19:04:77	b2aeed05-1859-4f04-84cc-8c07fe0f0e93	OPTIONS	/trailer_info	http://localhost:8080
04/23/2024	19:04:92	6fefa34f-3cb8-416e-a631-70c6e2d2870e	GET	/trailer_info	http://localhost:8080
04/23/2024	19:04:07	dcbd6b21-f1d3-47ed-9fba-8dd00b2bb1c9	OPTIONS	/load_securing	http://localhost:8080
04/23/2024	19:04:23	96df3b93-3d73-467d-b252-565ea9f52379	GET	/load_securing	http://localhost:8080
04/23/2024	19:04:38	4bac136a-6fa7-469b-be7f-17efa6292345	OPTIONS	/type_of_settiement	http://localhost:8080
04/23/2024	19:04:53	b3ed6264-e788-46ec-a577-7c39164bb811	GET	/type_of_settiement	http://localhost:8080
04/23/2024	19:04:70	54446c12-6fd8-4fbc-be14-82a4f240abba	GET	/type_of_settiement	http://localhost:8080
04/23/2024	19:04:85	eea35012-197c-4a45-961c-51b12d3532e1	OPTIONS	/type_of_cargo	http://localhost:8080
04/23/2024	19:04:01	b5baa796-e443-40e8-bdec-978d33f22bf8	GET	/type_of_cargo	http://localhost:8080
04/23/2024	19:04:16	d2621b4d-225d-45b2-a645-9b2c9c27eb0b	OPTIONS	/nature_cargo	http://localhost:8080
04/23/2024	19:04:31	11934fd6-cd2b-42e5-9a02-3bfb6efa25bf	GET	/nature_cargo	http://localhost:8080
04/23/2024	19:04:47	df2f1613-c166-4ee5-a0d4-b4254fb45245	OPTIONS	/type_of_transport	http://localhost:8080
04/23/2024	19:04:62	c7d9a8b9-5404-4544-a8a6-7f6e05fbc4ca	GET	/type_of_transport	http://localhost:8080
04/23/2024	19:04:78	5fbf47c6-e14a-43c2-bab8-46cac04b2024	OPTIONS	/storage_facilities	http://localhost:8080
04/23/2024	19:04:93	1c291192-8c7a-4b8b-8fe2-5cf27039e813	GET	/storage_facilities	http://localhost:8080
04/23/2024	19:04:13	18fb8990-16af-4d95-9fdc-47f4f3083496	OPTIONS	/available_load	http://localhost:8080
04/23/2024	19:04:27	5cc76a35-06a2-46f0-a0af-8f7f99d456b8	GET	/available_load	http://localhost:8080
04/23/2024	19:04:28	116d7774-2d03-4ca2-880f-b5b7a9118670	OPTIONS	/type_of_vehicle	http://localhost:8080
04/23/2024	19:04:42	b862a154-464a-4d93-8abe-3cde54cc75a5	GET	/type_of_vehicle	http://localhost:8080
04/23/2024	19:04:58	da4656ad-93de-4f33-97aa-96b0865d10ae	OPTIONS	/vehicle_equipment	http://localhost:8080
04/23/2024	19:04:79	f9cc9e9a-5125-4313-938a-bd80810764be	GET	/vehicle_equipment	http://localhost:8080
04/23/2024	19:04:04	8640b53b-be1f-43ac-b111-68faf9d45ee1	OPTIONS	/vehicle_body	http://localhost:8080
04/23/2024	19:04:02	fa91fd8d-4d5c-4a09-8084-c6ca843c806c	GET	/vehicle_body	http://localhost:8080
04/23/2024	19:04:18	071bbf8f-bd91-44e5-a8ab-b32e8a974d4e	OPTIONS	/info	http://localhost:8080
04/23/2024	19:04:33	cf83ff21-933d-4d94-af8c-66dfe5e38e6c	GET	/info	http://localhost:8080
04/23/2024	19:04:49	e3e2f2a8-1ae7-4288-aa69-97b9030e3966	OPTIONS	/charcer	http://localhost:8080
04/23/2024	19:04:66	6d960bd9-eadf-4cc8-ba2b-e43973c5d4bd	GET	/charcer	http://localhost:8080
04/23/2024	19:04:88	b03059ba-9fd4-4f15-9e45-8e427cfc2846	OPTIONS	/users	http://localhost:8080
04/23/2024	19:04:16	908abfe1-1a83-41b1-b81f-95a14f00e442	GET	/users	http://localhost:8080
04/23/2024	19:04:32	588a5d66-9288-4476-81d7-106e3287b57f	OPTIONS	/storage_equipment	http://localhost:8080
04/23/2024	19:04:47	306d7257-4b96-4813-b0c3-59ccc698204d	GET	/storage_equipment	http://localhost:8080
04/23/2024	19:04:64	6f6c58de-8a91-48a8-8ef7-62c9ef3e6e66	OPTIONS	/type_of_storage	http://localhost:8080
04/23/2024	19:04:79	a683482c-91c7-473f-8a66-82a592c7655d	GET	/type_of_storage	http://localhost:8080
04/23/2024	19:04:95	5a24866e-1654-4412-864e-c91709cb7f90	OPTIONS	/swap_body	http://localhost:8080
04/23/2024	19:04:11	040b49ac-38f0-4b36-8cd5-8dafc879724b	GET	/swap_body	http://localhost:8080
04/23/2024	19:04:28	6d4f104a-9a81-4181-8f79-780fafbba577	OPTIONS	/trailer_info	http://localhost:8080
04/23/2024	19:04:42	fb536546-969f-4d6c-8d64-d29bf881782e	GET	/trailer_info	http://localhost:8080
04/23/2024	19:04:59	aa9ae40d-84fb-4707-9f9c-0fed1162a863	OPTIONS	/load_securing	http://localhost:8080
04/23/2024	19:04:74	e9350a15-f426-4c1b-9aad-5649e384a460	GET	/load_securing	http://localhost:8080
04/23/2024	19:04:90	94d79b11-f1a7-4575-8d3e-bc3a2254f237	OPTIONS	/type_of_settiement	http://localhost:8080
04/23/2024	19:04:40	d51f35a3-ab8e-4d61-b8e8-67ded30cb699	GET	/type_of_settiement	http://localhost:8080
04/23/2024	19:04:70	c7a50aee-0448-4eb8-a537-31b41d19174a	GET	/type_of_settiement	http://localhost:8080
04/23/2024	19:04:86	ac5d8de8-7edf-42d3-ab2e-29ac1bbc21f6	OPTIONS	/type_of_cargo	http://localhost:8080
04/23/2024	19:04:31	598f1046-ba7f-4431-ab7b-49ba56ce642c	GET	/type_of_cargo	http://localhost:8080
04/23/2024	19:04:50	cdc30ab2-4405-4b3e-b923-6659755d71d2	OPTIONS	/nature_cargo	http://localhost:8080
04/23/2024	19:04:68	806cfc5f-6ddb-4e06-a1cf-06f02bf5bb12	GET	/nature_cargo	http://localhost:8080
04/23/2024	19:04:83	9b08ad18-edf9-4b10-9858-3d5a120700d8	OPTIONS	/type_of_transport	http://localhost:8080
04/23/2024	19:04:98	9859cb1d-4144-46ee-aa9d-95ad8b1f2ec0	GET	/type_of_transport	http://localhost:8080
04/23/2024	19:04:16	10eb7126-974c-4d4e-8055-9ef6be7091c0	OPTIONS	/storage_facilities	http://localhost:8080
04/23/2024	19:04:33	9560eef7-151d-4cd9-89b9-ac6adfccaa3d	GET	/storage_facilities	http://localhost:8080
04/23/2024	19:04:50	660db9b1-d1d5-41a8-9d48-35d8d927a8d6	OPTIONS	/available_load	http://localhost:8080
04/23/2024	19:04:73	714adecd-6e4e-4ebf-903a-90b3329835c6	GET	/available_load	http://localhost:8080
04/23/2024	19:04:73	cd20c25b-9bc9-4f7c-9841-222f3ead0d0e	OPTIONS	/type_of_vehicle	http://localhost:8080
04/23/2024	19:04:88	025d194d-8057-4202-8ca2-d41394278439	GET	/type_of_vehicle	http://localhost:8080
04/23/2024	19:04:04	5af6877e-05a2-42f6-8af6-d282017e9bbc	OPTIONS	/vehicle_equipment	http://localhost:8080
04/23/2024	19:04:20	b73cc879-d128-49d2-808f-359a6093da3f	GET	/vehicle_equipment	http://localhost:8080
04/23/2024	19:04:36	55462114-4eba-457d-8691-a07e442e3cfb	OPTIONS	/vehicle_body	http://localhost:8080
04/23/2024	19:04:51	eb6a9dc2-e862-43fc-834a-786fa49ae7eb	GET	/vehicle_body	http://localhost:8080
04/23/2024	19:04:67	1695ec71-08bd-406b-9181-afd08d3aacea	OPTIONS	/info	http://localhost:8080
04/23/2024	19:04:83	7e9f23de-f607-4d8e-a468-cf9c36b41eee	GET	/info	http://localhost:8080
04/23/2024	19:04:01	543223cd-1bf0-4322-8763-854f94913963	OPTIONS	/charcer	http://localhost:8080
04/23/2024	19:04:16	9850f8ae-6cba-4686-8d3a-36071920ba22	GET	/charcer	http://localhost:8080
04/23/2024	19:04:33	c7bbd64c-43e2-456d-b8b0-e8676d5ed390	OPTIONS	/users	http://localhost:8080
04/23/2024	19:04:49	1fc5388f-c43c-43ed-94a1-5fb157423f83	GET	/users	http://localhost:8080
04/23/2024	19:04:65	af3f3dce-7de1-4114-8324-56bb12c4dcb5	OPTIONS	/storage_equipment	http://localhost:8080
04/23/2024	19:04:80	00741925-3646-4a25-b183-62047dc4257a	GET	/storage_equipment	http://localhost:8080
04/23/2024	19:04:95	08afbbde-a9cd-422c-a44e-bd9ae78e5dfe	OPTIONS	/type_of_storage	http://localhost:8080
04/23/2024	19:04:11	b7af1d9a-6954-4213-9142-524c449f02f4	GET	/type_of_storage	http://localhost:8080
04/23/2024	19:04:28	f83581db-873c-4da5-b0ef-3d60d8f14b61	OPTIONS	/swap_body	http://localhost:8080
04/23/2024	19:04:43	ce4435d8-a648-4b27-b2e8-95441e900871	GET	/swap_body	http://localhost:8080
04/23/2024	19:04:59	46d738ae-76b7-4a84-a23f-afec381de487	OPTIONS	/trailer_info	http://localhost:8080
04/23/2024	19:04:73	72d23fc7-1c92-4497-966d-216ff3c589ea	GET	/trailer_info	http://localhost:8080
04/23/2024	19:04:89	8f74feae-3080-4ebc-ba21-77465575401c	OPTIONS	/load_securing	http://localhost:8080
04/23/2024	19:04:04	7b1886a6-c8be-494f-857c-8b704a6758fb	GET	/load_securing	http://localhost:8080
04/23/2024	19:04:20	4d12fac0-a58a-4be9-96a6-f8e08e4344fb	OPTIONS	/type_of_settiement	http://localhost:8080
04/23/2024	19:04:34	750d306a-a85f-464b-94a2-f7791390fa25	GET	/type_of_settiement	http://localhost:8080
04/23/2024	19:04:50	36656b78-0e90-45ef-8c1d-fd44da0a0419	GET	/type_of_settiement	http://localhost:8080
04/23/2024	19:04:66	d656dbfd-297d-4651-b267-b7f88d3a5f2a	OPTIONS	/type_of_cargo	http://localhost:8080
04/23/2024	19:04:81	c8422f56-2d01-48ef-b34f-43ba513b1f36	GET	/type_of_cargo	http://localhost:8080
04/23/2024	19:04:97	adbdd26b-9d3c-465b-aa2c-4eb1c25ec064	OPTIONS	/nature_cargo	http://localhost:8080
04/23/2024	19:04:13	67cfa4b5-0eb7-4313-afc4-cb3ebe93353a	GET	/nature_cargo	http://localhost:8080
04/23/2024	19:04:28	261345f2-c314-474a-9641-389eb41a67df	OPTIONS	/type_of_transport	http://localhost:8080
04/23/2024	19:04:44	bc4ac53d-4fa7-4774-b897-3875a1aaa8c1	GET	/type_of_transport	http://localhost:8080
04/23/2024	19:04:60	e684c63a-e6a0-464b-a58b-36599c9d7d68	OPTIONS	/storage_facilities	http://localhost:8080
04/23/2024	19:04:76	9f34c210-9916-42f5-9bb8-29ae2aa75057	GET	/storage_facilities	http://localhost:8080
04/23/2024	19:04:92	0f6cf690-e34d-43a6-b220-96af5fbdc0a7	OPTIONS	/available_load	http://localhost:8080
04/23/2024	19:04:06	cc8bd44f-8843-4ae3-91e9-54cd52d98a42	GET	/available_load	http://localhost:8080
04/23/2024	19:04:01	7f390b73-654f-46e8-95f8-45fdbd52251d	OPTIONS	/type_of_vehicle	http://localhost:8080
04/23/2024	19:04:17	c4a02ec4-b6f2-44eb-ad4e-86b9bfa65a6f	GET	/type_of_vehicle	http://localhost:8080
04/23/2024	19:04:32	a7d89978-7bb6-48d9-900a-cd4d5b675f56	OPTIONS	/vehicle_equipment	http://localhost:8080
04/23/2024	19:04:53	a8171ac2-97c0-4611-8fa6-22641d34215a	GET	/vehicle_equipment	http://localhost:8080
04/23/2024	19:04:77	86bf399a-0d6d-40c0-b5ba-880faeeb4594	OPTIONS	/vehicle_body	http://localhost:8080
04/23/2024	19:04:05	bda4e67d-aa8a-4a65-81d5-16c597868bb4	GET	/vehicle_body	http://localhost:8080
04/23/2024	19:04:22	a596dc69-5c35-45dd-b41a-8475f0a3734a	OPTIONS	/info	http://localhost:8080
04/23/2024	19:04:44	14337d8a-e7f5-4fbd-91cb-a1f9c8556297	GET	/info	http://localhost:8080
04/23/2024	19:04:76	ba0a3562-0b7b-4497-bb46-8dd0ffc15c53	OPTIONS	/charcer	http://localhost:8080
04/23/2024	19:04:30	349caf7a-0a1a-4278-985a-35f54bc569ad	GET	/charcer	http://localhost:8080
04/23/2024	19:04:47	796735ec-acbf-496e-9296-38895151dcfb	OPTIONS	/users	http://localhost:8080
04/23/2024	19:04:82	7a5c7f3f-c649-4be5-9c1d-bc5cbb947424	GET	/users	http://localhost:8080
04/23/2024	19:04:98	6c5f238c-6826-4e6a-8207-f485eb327470	OPTIONS	/storage_equipment	http://localhost:8080
04/23/2024	19:04:15	f343289d-ea48-4b55-b8e1-05ecc7a8bc0b	GET	/storage_equipment	http://localhost:8080
04/23/2024	19:04:39	49a73127-23a9-4198-92a8-ed35ad845429	OPTIONS	/type_of_storage	http://localhost:8080
04/23/2024	19:04:77	7883b30c-5316-45ea-98e5-fd66fc4cc546	GET	/type_of_storage	http://localhost:8080
04/23/2024	19:04:28	a03b371c-9b41-48a1-8a4a-82bc79db9684	OPTIONS	/swap_body	http://localhost:8080
04/23/2024	19:04:50	7ed9aefb-84cd-42a5-9c59-85c66a368f45	GET	/swap_body	http://localhost:8080
04/23/2024	19:04:85	e38214f8-c8b2-467a-b32c-f89bd612df25	OPTIONS	/trailer_info	http://localhost:8080
04/23/2024	19:04:04	95f8fa3b-c6f5-4eb7-b57a-f7c136a9621a	GET	/trailer_info	http://localhost:8080
04/23/2024	19:04:20	6d06ee4a-17fa-43a2-8628-0694c013b32b	OPTIONS	/load_securing	http://localhost:8080
04/23/2024	19:04:51	df1fd52c-2713-4dff-99df-4fc75f7a6d6f	GET	/load_securing	http://localhost:8080
04/23/2024	19:04:68	45803e3b-8a6e-498b-bea1-f3c08ec96645	OPTIONS	/type_of_settiement	http://localhost:8080
04/23/2024	19:04:83	0947ac1a-2398-4025-9db0-1a666d6dab82	GET	/type_of_settiement	http://localhost:8080
04/23/2024	19:04:99	83920d59-6ed0-45e5-aab0-bf43750d5a2f	GET	/type_of_settiement	http://localhost:8080
04/23/2024	19:04:18	f49d1537-c083-4613-b536-d3f319139d22	OPTIONS	/type_of_cargo	http://localhost:8080
04/23/2024	19:04:34	3194b928-a236-4fee-b526-d39d50cfbf3b	GET	/type_of_cargo	http://localhost:8080
04/23/2024	19:04:50	fa5e5137-bb87-4bc2-bae2-5fc171044f13	OPTIONS	/nature_cargo	http://localhost:8080
04/23/2024	19:04:65	1b2a20ab-fd4e-4b64-8aaf-8a31d5e343ca	GET	/nature_cargo	http://localhost:8080
04/23/2024	19:04:80	1370ac41-4144-4038-a058-f8767e387e30	OPTIONS	/type_of_transport	http://localhost:8080
04/23/2024	19:04:95	bc040037-5ce8-49dd-9ba8-65ad47686414	GET	/type_of_transport	http://localhost:8080
04/23/2024	19:04:10	d3b97b66-6f81-4674-9ca4-d93d6125f6b7	OPTIONS	/storage_facilities	http://localhost:8080
04/23/2024	19:04:25	6810582d-a964-4603-839a-f1eb25afc874	GET	/storage_facilities	http://localhost:8080
04/23/2024	19:04:41	73113660-24e8-48cf-b00f-4cd3d6b0dd80	OPTIONS	/available_load	http://localhost:8080
04/23/2024	19:04:56	c3bd7102-f661-4b2c-9f23-c23793a99c22	GET	/available_load	http://localhost:8080
04/23/2024	20:04:53	c8acdfc8-46f2-42ac-b6fe-f1a0d16ecb47	GET	/freight_location	undefined
04/23/2024	20:04:87	b762ed40-5b5a-46b4-84f1-19d74c19ffaf	GET	/freight	undefined
04/23/2024	20:04:37	39876a3b-7976-4423-9f51-0f690757db3a	OPTIONS	/freight	http://localhost:8080
04/23/2024	20:04:53	71053094-ddda-46d4-9b81-85ca02b91ce6	GET	/freight	http://localhost:8080
04/23/2024	20:04:98	907c8668-2154-4724-b8e6-110be7dd55ca	OPTIONS	/freight	http://localhost:8080
04/23/2024	20:04:13	da8a94da-33c2-4ef5-a44f-741a4fcd8012	GET	/freight	http://localhost:8080
04/23/2024	21:04:56	5a766d41-65dc-4567-be4e-a78932dea247	OPTIONS	/freight	http://localhost:8080
04/23/2024	21:04:73	52b3ff2a-021b-49dd-bc00-9a27983b06a0	GET	/freight	http://localhost:8080
04/23/2024	21:04:14	687fc53c-bdf8-4704-8cd2-5920ec481a89	OPTIONS	/freight	http://localhost:8080
04/23/2024	21:04:29	97910357-3a6a-4d7e-93eb-b89ead82ff35	GET	/freight	http://localhost:8080
04/23/2024	21:04:25	b775355e-2a65-441b-b2c7-18ae59cd086d	OPTIONS	/freight	http://localhost:8080
04/23/2024	21:04:40	f22b00bd-7edd-4650-a7fd-0c4d1762ad9a	GET	/freight	http://localhost:8080
04/23/2024	21:04:17	3ecd910a-9f1c-4b44-8fb5-966a7049127c	OPTIONS	/freight	http://localhost:8080
04/23/2024	21:04:32	104f89e2-c4af-4513-a7d5-0497c6835a07	GET	/freight	http://localhost:8080
04/23/2024	21:04:92	34d93f15-381e-4104-ac40-d3f1d67d6bd9	OPTIONS	/freight_location	http://localhost:8080
04/23/2024	21:04:09	16407bee-27d4-4dae-9746-9a10a8d15fb1	POST	/freight_location	http://localhost:8080
04/23/2024	21:04:60	412c0705-f94c-42ad-9cc3-c76e60f599d7	GET	/freight_location	undefined
04/23/2024	21:04:69	620888b5-95b9-419d-bba7-9cbc8453653a	GET	/freight	undefined
04/23/2024	21:04:61	abefe997-b65b-471a-ad60-064b9fc71506	OPTIONS	/freight_location	http://localhost:8080
04/23/2024	21:04:76	8981c662-4f2a-4a17-a148-7845253e47f5	POST	/freight_location	http://localhost:8080
04/23/2024	22:04:71	14a1af10-adea-4f62-a4d1-6c99ba8ecc22	GET	/freight_location	undefined
04/23/2024	22:04:33	fe3b480d-78f0-413a-9785-05c4b918fd06	OPTIONS	/freight_location	http://localhost:8080
04/23/2024	22:04:49	7cc184c6-b3d3-42af-a773-dcd219290c43	POST	/freight_location	http://localhost:8080
04/23/2024	22:04:86	518b5801-c0f0-4fa1-8f67-38ee4016ed6c	OPTIONS	/freight	http://localhost:8080
04/23/2024	22:04:02	bdca2e28-8c25-41e1-9282-7d1efb4043ba	GET	/freight	http://localhost:8080
04/23/2024	22:04:75	803a8db7-a22e-4177-aeef-0c140435f5af	OPTIONS	/freight	http://localhost:8080
04/23/2024	22:04:90	e1f3fb22-4c73-4d1e-b418-3d104e261934	GET	/freight	http://localhost:8080
04/23/2024	22:04:07	3a657fc4-1d7b-417f-b3cd-3fd9de01d7ee	OPTIONS	/freight_location	http://localhost:8080
04/23/2024	22:04:22	e0456efc-0634-409d-b771-438a2124ce38	POST	/freight_location	http://localhost:8080
04/23/2024	22:04:49	31298ac0-609f-4e1e-9bbc-f22a661344d1	POST	/freight_location	undefined
04/23/2024	22:04:79	5564746b-9b94-427e-b754-41f113bc70f4	OPTIONS	/freight	http://localhost:8080
04/23/2024	22:04:94	c908e2e8-1eed-4a70-92dd-a6b3dba059c8	GET	/freight	http://localhost:8080
04/23/2024	22:04:10	8d53065b-50b5-429f-bc92-7e9c5d9ee8ff	OPTIONS	/freight_location	http://localhost:8080
04/23/2024	22:04:25	5e942d0e-2f76-4cf5-ac78-2e24f4142c77	POST	/freight_location	http://localhost:8080
04/23/2024	22:04:79	e6a9e5f1-d85f-4ffd-a95a-3a6f658511c9	OPTIONS	/freight_location	http://localhost:8080
04/23/2024	22:04:96	f6333e14-4276-4d9c-bc68-800facca8c49	POST	/freight_location	http://localhost:8080
04/23/2024	22:04:40	d112f30c-d2c7-402b-b5c8-ea1dda458edb	GET	/freight_location	undefined
04/23/2024	22:04:78	f9fdae49-dac6-414c-965a-201e379a9da9	POST	/freight_location	undefined
04/23/2024	22:04:90	27d42c91-245e-47fe-abb8-27b370e90b04	POST	/freight_location	undefined
04/23/2024	22:04:66	61c43625-4c7d-436e-8d5c-5c1dcbd82ad3	POST	/freight_location	undefined
04/23/2024	22:04:07	c2934feb-b745-4296-9734-5f717cfcc642	OPTIONS	/freight	http://localhost:8080
04/23/2024	22:04:93	58c20aa6-ca39-4028-9706-5f856c542e8e	GET	/freight	http://localhost:8080
04/23/2024	22:04:77	44648bcc-a0c3-40c9-a8a7-60c5ff372b6e	OPTIONS	/freight_location	http://localhost:8080
04/23/2024	22:04:79	e28dc22f-3fcf-4a48-acab-ac4fe05af7c9	POST	/freight_location	http://localhost:8080
04/23/2024	22:04:88	86c1f117-3894-4cd9-9b45-0f817423cbe6	OPTIONS	/freight_location	http://localhost:8080
04/23/2024	22:04:04	e90264a0-54e7-4a48-9ed7-819c022d6370	POST	/freight_location	http://localhost:8080
04/23/2024	22:04:98	48689778-b4cf-41bc-8884-78e391d0c8d3	OPTIONS	/freight	http://localhost:8080
04/23/2024	22:04:14	b33d3131-b2da-4a71-bcc5-ab0dd59f3cb8	GET	/freight	http://localhost:8080
04/23/2024	22:04:36	669c2f18-7bdf-46ef-8c1e-bfd4e2c5d6a4	OPTIONS	/freight_location	http://localhost:8080
04/23/2024	22:04:52	7e65bec4-4ad0-4890-8ead-2a0efa218f42	POST	/freight_location	http://localhost:8080
04/23/2024	22:04:05	f4123f37-75f2-4572-a502-7069b98bd76f	OPTIONS	/freight_location	http://localhost:8080
04/23/2024	22:04:26	405c8ceb-94dc-4098-b886-60c17a73dfab	POST	/freight_location	http://localhost:8080
04/23/2024	22:04:96	486340af-a01a-49cf-8252-2a0714c5473f	OPTIONS	/freight	http://localhost:8080
04/23/2024	22:04:91	cdc0f292-d57c-4d24-8764-c3d5ca5a596d	GET	/freight	http://localhost:8080
04/23/2024	22:04:33	378ae2a7-0058-40c6-834d-77551e17041f	OPTIONS	/freight_location	http://localhost:8080
04/23/2024	22:04:25	cc869e4d-3ed3-4f66-bbf1-6419572e2cbe	POST	/freight_location	http://localhost:8080
04/23/2024	22:04:51	d2b87bf9-54d1-4478-b4f8-0e7bfd2c9a7e	OPTIONS	/freight	http://localhost:8080
04/23/2024	22:04:08	0dbdcf06-f9ae-4195-a9eb-3040fd95c9cf	GET	/freight	http://localhost:8080
04/23/2024	22:04:25	bc1c70e9-2741-4c1b-a0a0-6bf32c070392	POST	/freight_location	http://localhost:8080
04/23/2024	22:04:20	708f1970-1195-4f54-a8a4-9b00b7950968	POST	/freight_location	undefined
04/23/2024	22:04:57	4d6a644f-3796-4b9c-9ad1-fcdcc7fc44f5	POST	/freight_location	undefined
04/23/2024	22:04:90	0f08aba0-5289-469a-aabf-2215ea30fb51	OPTIONS	/freight	http://localhost:8080
04/23/2024	22:04:05	c7bd458f-64e7-4fe5-9f1e-51a73ba88f27	GET	/freight	http://localhost:8080
04/23/2024	22:04:23	47f5017f-1372-486a-8d19-86a4effec618	OPTIONS	/freight_location	http://localhost:8080
04/23/2024	22:04:39	e29ef749-08ce-48ed-86a4-3cd6b9da2756	POST	/freight_location	http://localhost:8080
04/23/2024	22:04:88	e74e114e-9c92-4536-aadb-d4ba75760277	OPTIONS	/freight	http://localhost:8080
04/23/2024	22:04:05	cdece8d1-7b66-43fc-a403-56bddabd12f2	GET	/freight	http://localhost:8080
04/23/2024	22:04:25	305b139b-8937-4fda-a402-88ff1c3c628c	OPTIONS	/freight_location	http://localhost:8080
04/23/2024	22:04:43	dafd67ed-dac0-4282-9ab9-d1d3546b523b	POST	/freight_location	http://localhost:8080
04/23/2024	22:04:79	57c5452c-6d7d-4406-a07d-5c34732bf4f4	OPTIONS	/freight_location	http://localhost:8080
04/23/2024	22:04:82	5f14ede6-7054-4df5-ad88-1958dc63ce1d	POST	/freight_location	http://localhost:8080
04/23/2024	22:04:50	6e1e571c-b921-45f3-a907-d58d8d6957ea	GET	/freight_id	undefined
04/23/2024	22:04:56	fb9e6c59-f690-4255-9db9-496f5551ecdc	GET	/freight_id	undefined
04/23/2024	22:04:26	c12971a1-34f3-4db7-ae1f-b582978a16d9	GET	/contact_details	undefined
04/23/2024	22:04:63	ece19788-f399-4e71-b0b3-66c321a178b5	GET	/freight_location	undefined
04/23/2024	23:04:02	0e6301af-0f98-49dc-9af0-fb8b5d4603f4	OPTIONS	/type_of_vehicle	http://localhost:8080
04/23/2024	23:04:47	e0d914e3-96c9-4e28-a186-e3f8c37f387d	GET	/type_of_vehicle	http://localhost:8080
04/23/2024	23:04:80	f0566dd4-7327-419b-abc1-402353222cb8	OPTIONS	/vehicle_equipment	http://localhost:8080
04/23/2024	23:04:22	efdbc8d0-878e-4d57-8885-fd5910117476	GET	/vehicle_equipment	http://localhost:8080
04/23/2024	23:04:56	5e3dc897-9ca0-46bc-87e0-246c9fdf4673	OPTIONS	/vehicle_body	http://localhost:8080
04/23/2024	23:04:44	0438af9b-26bf-45bd-840f-3c0aa71e8c74	GET	/vehicle_body	http://localhost:8080
04/23/2024	23:04:59	363a1829-f13d-401b-b406-f0c1f58d714b	OPTIONS	/info	http://localhost:8080
04/23/2024	23:04:74	8df2025d-5f59-4a19-b1fe-eb721dc94e61	GET	/info	http://localhost:8080
04/23/2024	23:04:90	2102ac70-240d-46fa-8b38-a22ec824da2a	OPTIONS	/charcer	http://localhost:8080
04/23/2024	23:04:05	77ae11ce-25f4-4119-a659-7b182c1b705c	GET	/charcer	http://localhost:8080
04/23/2024	23:04:21	22d16c6d-6434-4215-b970-9573824f7fc4	OPTIONS	/users	http://localhost:8080
04/23/2024	23:04:38	1c808bce-a921-4f2d-97b7-abe508eee528	GET	/users	http://localhost:8080
04/23/2024	23:04:55	f0766157-8d3a-4a58-972a-a68358bacbc9	OPTIONS	/storage_equipment	http://localhost:8080
04/23/2024	23:04:71	879bdb05-c666-4319-bb62-58e42c22deb8	GET	/storage_equipment	http://localhost:8080
04/23/2024	23:04:87	3768ca12-9d0f-4a94-b49c-0f586ad6bb57	OPTIONS	/type_of_storage	http://localhost:8080
04/23/2024	23:04:02	fee8b2b7-7a8e-4d3f-ac7f-1e33441049f5	GET	/type_of_storage	http://localhost:8080
04/23/2024	23:04:19	c164256b-dec0-4623-9edf-825c615768f9	OPTIONS	/swap_body	http://localhost:8080
04/23/2024	23:04:35	3a82d78f-d4e8-4c76-9846-5e1582935a80	GET	/swap_body	http://localhost:8080
04/23/2024	23:04:02	e221a869-7e4a-4d7e-b662-e80c7986c5c4	OPTIONS	/trailer_info	http://localhost:8080
04/23/2024	23:04:36	17f8b8e6-e840-4d8a-a722-bcd1dd12b09e	GET	/trailer_info	http://localhost:8080
04/23/2024	23:04:55	f0935123-67db-4de4-8f43-a686b92f8e1a	OPTIONS	/load_securing	http://localhost:8080
04/23/2024	23:04:71	e3baff1c-f759-4ab3-9faa-8c3fa7155901	GET	/load_securing	http://localhost:8080
04/23/2024	23:04:88	67728cb8-7bc7-4027-87ae-3e783f82617f	OPTIONS	/type_of_settiement	http://localhost:8080
04/23/2024	23:04:04	0da6cb44-a1c0-49bd-b237-85fd6cea6eb7	GET	/type_of_settiement	http://localhost:8080
04/23/2024	23:04:23	234c59ef-e714-4ed3-9003-e7c2302e3e62	GET	/type_of_settiement	http://localhost:8080
04/23/2024	23:04:43	1507bca6-e242-48ad-acd5-26376fc0c95c	OPTIONS	/type_of_cargo	http://localhost:8080
04/23/2024	23:04:59	e7d7f77f-a932-43f8-8c6b-10c79080e868	GET	/type_of_cargo	http://localhost:8080
04/23/2024	23:04:78	3ad679e4-baeb-4b30-8682-a2919fac597d	OPTIONS	/nature_cargo	http://localhost:8080
04/23/2024	23:04:93	30162b5e-8df2-49c1-8618-1f82f6b2b529	GET	/nature_cargo	http://localhost:8080
04/23/2024	23:04:09	fe7953f4-4832-4d59-9a90-d5d6bc6d7b2e	OPTIONS	/type_of_transport	http://localhost:8080
04/23/2024	23:04:28	2705949b-2b00-4fc1-badd-b3583d34517f	GET	/type_of_transport	http://localhost:8080
04/23/2024	23:04:50	9a34cd5a-424f-4a3b-817e-c0ec4e4b3b96	OPTIONS	/storage_facilities	http://localhost:8080
04/23/2024	23:04:65	bd875436-4e83-4672-a384-08a367b3d1c3	GET	/storage_facilities	http://localhost:8080
04/23/2024	23:04:81	d1dd1cf0-184a-4d6a-b3a3-4a790b888ca4	OPTIONS	/available_load	http://localhost:8080
04/23/2024	23:04:98	7077eb95-6f09-4995-a3fb-891df73332b3	GET	/available_load	http://localhost:8080
04/23/2024	23:04:27	081bc3a6-7404-44d8-a5db-4de935a0b889	POST	/contact_details	undefined
04/23/2024	23:04:78	27c3bed6-9dd0-4b17-a326-842a228abfd2	OPTIONS	/type_of_vehicle	http://localhost:8080
04/23/2024	23:04:93	4d66150d-5f88-41fc-8423-401c0e5d4238	GET	/type_of_vehicle	http://localhost:8080
04/23/2024	23:04:10	ae20c17f-5658-4e9f-9242-6b4d2b30e77c	OPTIONS	/vehicle_equipment	http://localhost:8080
04/23/2024	23:04:26	3a8f230a-1da0-4eed-be0a-0f323a60b09b	GET	/vehicle_equipment	http://localhost:8080
04/23/2024	23:04:48	f261af9d-ea9c-4bdf-baf7-a663381385ee	OPTIONS	/vehicle_body	http://localhost:8080
04/23/2024	23:04:64	15e0899b-f45c-4cb7-9776-fe2c8c7641e3	GET	/vehicle_body	http://localhost:8080
04/23/2024	23:04:82	70b9f6f2-e61e-46be-a71c-950439d17df0	OPTIONS	/info	http://localhost:8080
04/23/2024	23:04:98	2c9ac8e2-1a6c-4e8a-a53e-bfc9393a533b	GET	/info	http://localhost:8080
04/23/2024	23:04:16	38a3859d-c61a-4808-9142-cf2fec80e196	OPTIONS	/charcer	http://localhost:8080
04/23/2024	23:04:32	27348777-130e-4cea-bc99-89faaabe14df	GET	/charcer	http://localhost:8080
04/23/2024	23:04:49	97e8a460-be73-43ee-ac83-61bb4feb2d26	OPTIONS	/users	http://localhost:8080
04/23/2024	23:04:64	b1f2d840-d53b-4f35-ac16-e17f80162b19	GET	/users	http://localhost:8080
04/23/2024	23:04:81	9e74d5cf-5d00-4c95-b10c-88180d5cc73e	OPTIONS	/storage_equipment	http://localhost:8080
04/23/2024	23:04:96	6c3c33a6-4b7b-482c-9d83-b0942fc6b39d	GET	/storage_equipment	http://localhost:8080
04/23/2024	23:04:13	7eb6066f-91cc-4134-84dc-df0cd67ff0bb	OPTIONS	/type_of_storage	http://localhost:8080
04/23/2024	23:04:29	e1906a40-a06e-4ed6-bd2f-54fdf638e9f6	GET	/type_of_storage	http://localhost:8080
04/23/2024	23:04:46	9204598d-4d68-4561-9e8e-a6c486408e3d	OPTIONS	/swap_body	http://localhost:8080
04/23/2024	23:04:61	d2e3ee9b-eb2b-46de-8363-55158b02b3bc	GET	/swap_body	http://localhost:8080
04/23/2024	23:04:77	a10197c7-6837-443c-81c2-cfbe7cea7b4e	OPTIONS	/trailer_info	http://localhost:8080
04/23/2024	23:04:92	e3f50a16-4e41-468f-8bde-af75de1febf1	GET	/trailer_info	http://localhost:8080
04/23/2024	23:04:09	dc704b41-7064-4b4d-a6ba-25befe9df657	OPTIONS	/load_securing	http://localhost:8080
04/23/2024	23:04:24	4884daa8-9199-427b-85e9-868a2923630d	GET	/load_securing	http://localhost:8080
04/23/2024	23:04:41	19fa15ac-59d3-41f6-bfab-6fc9bfc5473a	OPTIONS	/type_of_settiement	http://localhost:8080
04/23/2024	23:04:56	36d5a1da-7274-40dd-b84f-914328b0e7b2	GET	/type_of_settiement	http://localhost:8080
04/23/2024	23:04:72	71cbd936-7ec3-4e73-a2fb-8c406e431e4d	GET	/type_of_settiement	http://localhost:8080
04/23/2024	23:04:88	9fa80c11-e8a9-464e-822d-80123c67ebe6	OPTIONS	/type_of_cargo	http://localhost:8080
04/23/2024	23:04:03	2b30d3b7-5c70-48c1-87a5-97651ef389b7	GET	/type_of_cargo	http://localhost:8080
04/23/2024	23:04:20	5c5cad87-e6a2-4356-bf0b-03641d2a78ae	OPTIONS	/nature_cargo	http://localhost:8080
04/23/2024	23:04:35	d4e7f792-771a-4f95-b983-e8d7f7876704	GET	/nature_cargo	http://localhost:8080
04/23/2024	23:04:51	e8395f06-b46d-411b-9182-77fd9785684f	OPTIONS	/type_of_transport	http://localhost:8080
04/23/2024	23:04:66	353d98a9-aed0-4c72-a0aa-8ad91a6db5eb	GET	/type_of_transport	http://localhost:8080
04/23/2024	23:04:82	06e2903a-35b0-42fb-8ee5-894aeba1e93e	OPTIONS	/storage_facilities	http://localhost:8080
04/23/2024	23:04:97	11254395-803e-4a09-b9b5-0bf21346c4b9	GET	/storage_facilities	http://localhost:8080
04/23/2024	23:04:13	0b435e82-5725-4e9b-8ad1-f914eb2ae293	OPTIONS	/available_load	http://localhost:8080
04/23/2024	23:04:30	033006fe-68b9-4b08-af3c-1b7d92aff496	GET	/available_load	http://localhost:8080
04/23/2024	23:04:25	af464de3-999d-41ac-b973-7d80348f4c3b	OPTIONS	/contact_details	http://localhost:8080
04/23/2024	23:04:40	420c25ca-0268-45ba-9cc2-540823ebda7b	POST	/contact_details	http://localhost:8080
04/23/2024	23:04:83	a9373418-6d60-4a1e-9cd6-b37c17a9659c	OPTIONS	/type_of_vehicle	http://localhost:8080
04/23/2024	23:04:98	26b4a001-48d6-4e0a-8bf7-1fb9f9f0dd0b	GET	/type_of_vehicle	http://localhost:8080
04/23/2024	23:04:17	586c72fe-a2c1-4cde-a122-543ae92925f6	OPTIONS	/vehicle_equipment	http://localhost:8080
04/23/2024	23:04:33	cf64be45-da01-47d3-82ff-0af6e5f3684d	GET	/vehicle_equipment	http://localhost:8080
04/23/2024	23:04:51	bfc7620e-a96a-484c-93a1-be7b4f7bf436	OPTIONS	/vehicle_body	http://localhost:8080
04/23/2024	23:04:67	ba5aba89-dbfe-4fd1-bece-12887c659035	GET	/vehicle_body	http://localhost:8080
04/23/2024	23:04:83	1d056e46-08a4-483f-9f96-6f75207668ef	OPTIONS	/info	http://localhost:8080
04/23/2024	23:04:99	2455eb04-a0d0-4a5f-9fc0-d65ec20194e8	GET	/info	http://localhost:8080
04/23/2024	23:04:15	9f362909-0659-47fb-b7cb-2d41e42ec6a7	OPTIONS	/charcer	http://localhost:8080
04/23/2024	23:04:30	5e7d5c08-170a-4184-900d-5baa83869762	GET	/charcer	http://localhost:8080
04/23/2024	23:04:47	759b925f-14d0-41b7-90b6-53cee1e8f1a0	OPTIONS	/users	http://localhost:8080
04/23/2024	23:04:62	5dc42d4c-f32c-400b-8895-2b58469ad84c	GET	/users	http://localhost:8080
04/23/2024	23:04:78	bcdfe63c-1d51-4e75-95a1-cebd64f865ae	OPTIONS	/storage_equipment	http://localhost:8080
04/23/2024	23:04:93	360cac73-512b-45c0-8b1e-acd21935eadd	GET	/storage_equipment	http://localhost:8080
04/23/2024	23:04:10	795c7548-a345-4c5b-a575-a472213b2fbe	OPTIONS	/type_of_storage	http://localhost:8080
04/23/2024	23:04:25	96d0f0bd-82b8-4438-845e-fd790c2d471e	GET	/type_of_storage	http://localhost:8080
04/23/2024	23:04:42	6a3c7b94-848f-4a35-98fe-ab92e6bd3ae5	OPTIONS	/swap_body	http://localhost:8080
04/23/2024	23:04:57	2977e213-1950-4293-8bfe-5d07312874fc	GET	/swap_body	http://localhost:8080
04/23/2024	23:04:73	48b3dd66-37c6-4e0d-969a-f3c8810366eb	OPTIONS	/trailer_info	http://localhost:8080
04/23/2024	23:04:89	7abe8267-3d52-4ccd-b1ff-7c765196e887	GET	/trailer_info	http://localhost:8080
04/23/2024	23:04:06	9e6b019f-18cc-41a4-934b-7c52edcf8b10	OPTIONS	/load_securing	http://localhost:8080
04/23/2024	23:04:22	7c7ab0be-eb14-40b1-aaaf-12948bd04945	GET	/load_securing	http://localhost:8080
04/23/2024	23:04:40	7fca6c18-3191-4c21-a2dd-fb4030825db3	OPTIONS	/type_of_settiement	http://localhost:8080
04/23/2024	23:04:56	f6c460ef-2b6e-45ef-b63c-61b148c2dd36	GET	/type_of_settiement	http://localhost:8080
04/23/2024	23:04:72	23654ca0-d554-4218-9ef5-9ac92a4f1659	GET	/type_of_settiement	http://localhost:8080
04/23/2024	23:04:90	a1594171-22ee-4328-8825-5d5438aceded	OPTIONS	/type_of_cargo	http://localhost:8080
04/23/2024	23:04:05	5dc43146-500b-48a2-ae38-c253c4dae1c2	GET	/type_of_cargo	http://localhost:8080
04/23/2024	23:04:21	e381e597-4418-426b-b05a-ad3563dbae34	OPTIONS	/nature_cargo	http://localhost:8080
04/23/2024	23:04:36	2ed90a0c-0ef7-4e9f-b63e-881ee08758ee	GET	/nature_cargo	http://localhost:8080
04/23/2024	23:04:52	53a24495-387b-446d-971a-15e115a25603	OPTIONS	/type_of_transport	http://localhost:8080
04/23/2024	23:04:67	ff7d50ae-cae0-4e10-90fd-76fb9ef82bb7	GET	/type_of_transport	http://localhost:8080
04/23/2024	23:04:83	fcc96f5b-83d7-4cb1-a162-0a56be677647	OPTIONS	/storage_facilities	http://localhost:8080
04/23/2024	23:04:98	9add1a6f-84fa-4795-bc97-2ac9681202ca	GET	/storage_facilities	http://localhost:8080
04/23/2024	23:04:14	2bead876-95e3-40f5-9397-86adb9af4cd8	OPTIONS	/available_load	http://localhost:8080
04/23/2024	23:04:30	3a6f8624-267c-427d-9ef4-84e5d571f966	GET	/available_load	http://localhost:8080
04/23/2024	23:04:21	e714e33b-8048-4da0-a2e9-311c64881388	OPTIONS	/contact_details	http://localhost:8080
04/23/2024	23:04:36	d9c587cb-8fbc-4449-a332-1697253c8908	POST	/contact_details	http://localhost:8080
04/23/2024	23:04:54	7d39d446-f2fe-479c-b7b0-39ceaeca3692	GET	/contact_details	undefined
04/23/2024	23:04:84	278aa85c-d246-45f0-8548-0bd4defe96f1	OPTIONS	/type_of_vehicle	http://localhost:8080
04/23/2024	23:04:78	83a289a7-7016-4edf-9c93-ba09b9d5da90	GET	/type_of_vehicle	http://localhost:8080
04/23/2024	23:04:79	191fbfe7-25ad-41eb-902a-34fe1e230949	OPTIONS	/vehicle_equipment	http://localhost:8080
04/23/2024	23:04:80	e04688ed-0bdd-43e8-9a2c-0fe197063db1	GET	/vehicle_equipment	http://localhost:8080
04/23/2024	23:04:88	d34c51cd-30d8-434f-a88f-96e33f0135cd	OPTIONS	/vehicle_body	http://localhost:8080
04/23/2024	23:04:32	4cb03412-2a87-4242-a201-8c968cabd1e5	GET	/vehicle_body	http://localhost:8080
04/23/2024	23:04:04	1dc7d64b-477f-4d70-8a60-ddf7d42b5fed	OPTIONS	/info	http://localhost:8080
04/23/2024	23:04:37	4df7f473-5127-462d-85cc-9080667d8dba	GET	/info	http://localhost:8080
04/23/2024	23:04:31	7cfb0e4c-69b1-47a2-a323-87a725608d40	OPTIONS	/charcer	http://localhost:8080
04/23/2024	23:04:90	27b81515-46ac-4b58-896b-4cd4aebadf1f	GET	/charcer	http://localhost:8080
04/23/2024	23:04:79	5446b5ee-bd06-41bf-b644-ac90e65dc9cd	OPTIONS	/users	http://localhost:8080
04/23/2024	23:04:18	80cddea9-3a71-4278-9c12-d1bbdf088adf	GET	/users	http://localhost:8080
04/23/2024	23:04:66	3ba6f498-2705-4fc3-8cf9-03b4a5a27642	OPTIONS	/storage_equipment	http://localhost:8080
04/23/2024	23:04:08	4374594e-821f-4121-8bb6-4cc7bdc8f470	GET	/storage_equipment	http://localhost:8080
04/23/2024	23:04:05	09cfdb38-6947-4916-99a0-60a567c356d1	OPTIONS	/type_of_storage	http://localhost:8080
04/23/2024	23:04:02	4e4cedd0-34e3-4cb1-b0ee-1eb9caa84831	GET	/type_of_storage	http://localhost:8080
04/23/2024	23:04:33	ae54de66-123f-4c18-a264-61e73c72f611	OPTIONS	/swap_body	http://localhost:8080
04/23/2024	23:04:83	8ea0bdd9-5a70-4cb8-b701-53a524656c60	GET	/swap_body	http://localhost:8080
04/23/2024	23:04:56	8f8bc040-1af4-4484-a24e-c4e8230f6aa6	OPTIONS	/trailer_info	http://localhost:8080
04/23/2024	23:04:29	f1ae9f47-0b80-481d-b666-e52b5807f76c	GET	/trailer_info	http://localhost:8080
04/23/2024	23:04:91	400a4689-a022-4b99-9b7e-46d7de973953	OPTIONS	/load_securing	http://localhost:8080
04/23/2024	23:04:07	6b9a9c3e-62c8-458f-976a-4a77abd0bf5d	GET	/load_securing	http://localhost:8080
04/23/2024	23:04:27	08162ea5-528a-4302-97c0-b35d4569467e	OPTIONS	/type_of_settiement	http://localhost:8080
04/23/2024	23:04:31	3eee7e1d-8585-4a30-8e3e-053d03cf7226	GET	/type_of_settiement	http://localhost:8080
04/23/2024	23:04:59	a179813b-ebdd-41fd-88cd-56c23c71d29a	GET	/type_of_settiement	http://localhost:8080
04/23/2024	23:04:03	57e3f607-c2b3-4c76-b8e8-be59950a2542	OPTIONS	/type_of_cargo	http://localhost:8080
04/23/2024	23:04:55	cbcd9287-076a-48a7-9cb8-990b0eb7ae3b	GET	/type_of_cargo	http://localhost:8080
04/23/2024	23:04:69	6b549843-c06a-4318-925a-b4398c2d9118	OPTIONS	/nature_cargo	http://localhost:8080
04/23/2024	23:04:67	c2349f6b-c0b6-45b7-940f-a0d62d246b25	GET	/nature_cargo	http://localhost:8080
04/23/2024	23:04:17	1252e94c-adac-4198-a284-6e4d24816e91	OPTIONS	/type_of_transport	http://localhost:8080
04/23/2024	23:04:23	9cde1956-ade4-4e61-824c-e35aaa7408d7	GET	/type_of_transport	http://localhost:8080
04/23/2024	23:04:16	4620f57a-8bd9-4ef5-b1c0-3aea321a07f5	OPTIONS	/storage_facilities	http://localhost:8080
04/23/2024	23:04:75	826e2f29-8eaa-4334-8f8e-638516b03751	GET	/storage_facilities	http://localhost:8080
04/23/2024	23:04:15	965ef63b-341f-4eb7-ae4b-488232a17bec	OPTIONS	/available_load	http://localhost:8080
04/23/2024	23:04:34	1d92b10d-33f2-47bb-8790-08c32d2a9dfe	GET	/available_load	http://localhost:8080
04/23/2024	23:04:89	34d545fe-7922-4f7f-8779-e18425ff1e2f	OPTIONS	/type_of_vehicle	http://localhost:8080
04/23/2024	23:04:38	931e17ac-f8da-493d-b343-24d24b645ca7	GET	/type_of_vehicle	http://localhost:8080
04/23/2024	23:04:79	74cae0b3-8b90-427c-8fef-e421ff231376	OPTIONS	/vehicle_equipment	http://localhost:8080
04/23/2024	23:04:50	a9867573-0011-4764-aa49-381ecfce84c6	GET	/vehicle_equipment	http://localhost:8080
04/23/2024	23:04:71	32735dbb-ba05-437d-938d-72af4864a51c	OPTIONS	/vehicle_body	http://localhost:8080
04/23/2024	23:04:04	be420dcf-07fd-495e-949e-da8dc0f4e736	GET	/vehicle_body	http://localhost:8080
04/23/2024	23:04:78	2d4271f7-c8a6-4833-8410-b7638526efd8	OPTIONS	/info	http://localhost:8080
04/23/2024	23:04:23	ed4915bc-a550-4fc9-8dfc-ff356d56b841	GET	/info	http://localhost:8080
04/23/2024	23:04:59	b81a9f43-a7b0-426b-a87a-004216e660de	OPTIONS	/charcer	http://localhost:8080
04/23/2024	23:04:28	33033018-7c2e-4160-9765-7992009b4752	GET	/charcer	http://localhost:8080
04/23/2024	23:04:06	dc2a5013-f415-461f-b9bf-09977b7f8865	OPTIONS	/users	http://localhost:8080
04/23/2024	23:04:84	0a86b0b0-2177-4a09-bcdc-63159c2bb215	GET	/users	http://localhost:8080
04/23/2024	23:04:41	e371b30f-cbb6-4c3a-bb1b-4643590bf24f	OPTIONS	/storage_equipment	http://localhost:8080
04/23/2024	23:04:19	bf24d30d-834d-4577-9c4a-77c04b6a84c5	GET	/storage_equipment	http://localhost:8080
04/23/2024	23:04:44	3f31060a-f6b5-40e4-8c7e-71f26e56320d	OPTIONS	/type_of_storage	http://localhost:8080
04/23/2024	23:04:51	1847a9af-04ae-4eba-a4e6-5f8a51ec8654	GET	/type_of_storage	http://localhost:8080
04/23/2024	23:04:85	77295708-269b-46a4-831d-0b8d0593366e	OPTIONS	/swap_body	http://localhost:8080
04/23/2024	23:04:15	ba8c21b8-c81a-4cdf-9578-4e81e1149a15	GET	/swap_body	http://localhost:8080
04/23/2024	23:04:01	a562613a-67fe-4de9-a1f0-4a6456730ba9	OPTIONS	/trailer_info	http://localhost:8080
04/23/2024	23:04:30	0d783f60-fd2b-43e5-b89c-68b482125dab	GET	/trailer_info	http://localhost:8080
04/23/2024	23:04:33	a4e604da-874b-4e6b-9b7c-a42cdbd6d803	OPTIONS	/load_securing	http://localhost:8080
04/23/2024	23:04:72	17e37f65-2a8c-4c46-a092-90a2146e7c1d	GET	/load_securing	http://localhost:8080
04/23/2024	23:04:07	49873522-2020-4a45-9d3f-f2a445ff7371	OPTIONS	/type_of_settiement	http://localhost:8080
04/23/2024	23:04:23	a8e2bbd9-8305-4837-9b8e-d8e53b02e07b	GET	/type_of_settiement	http://localhost:8080
04/23/2024	23:04:44	db056411-72a2-4e61-9442-617ae0ee9b88	GET	/type_of_settiement	http://localhost:8080
04/23/2024	23:04:62	0206c130-b951-4f1b-a41e-4e03d4e10d69	OPTIONS	/type_of_cargo	http://localhost:8080
04/23/2024	23:04:90	810bee7f-0ebc-4891-8656-ed89a680f4b6	GET	/type_of_cargo	http://localhost:8080
04/23/2024	23:04:12	1cf34042-db98-49bd-91b9-968effc11f17	OPTIONS	/nature_cargo	http://localhost:8080
04/23/2024	23:04:45	aefd7791-0639-4df1-9c67-d62321026727	GET	/nature_cargo	http://localhost:8080
04/23/2024	23:04:78	074bc3ab-7f32-4d91-aee3-6a6f75c35c1d	OPTIONS	/type_of_transport	http://localhost:8080
04/23/2024	23:04:03	21965aee-ef13-4209-9046-d1bb4d575d19	GET	/type_of_transport	http://localhost:8080
04/23/2024	23:04:07	c68a1365-32c5-49ca-b354-da1a77eab6f2	OPTIONS	/storage_facilities	http://localhost:8080
04/23/2024	23:04:64	280d55b6-52b8-49ab-bb7b-5fdab6a565be	GET	/storage_facilities	http://localhost:8080
04/23/2024	23:04:80	5e5a57c9-34d0-43a8-9695-89392f332f97	OPTIONS	/available_load	http://localhost:8080
04/23/2024	23:04:95	dc6c9670-89dd-45ae-beff-5ac92add4d5c	GET	/available_load	http://localhost:8080
04/23/2024	23:04:08	314e59e3-a09a-424d-82d2-448131b573ec	OPTIONS	/type_of_vehicle	http://localhost:8080
04/23/2024	23:04:88	8b3e0c42-0519-46b6-8543-900ffca070fc	GET	/type_of_vehicle	http://localhost:8080
04/23/2024	23:04:38	074176ad-1996-4442-8051-82a331947c1c	OPTIONS	/vehicle_equipment	http://localhost:8080
04/23/2024	23:04:98	98420fba-d4fc-4646-9b26-86520f4a2471	GET	/vehicle_equipment	http://localhost:8080
04/23/2024	23:04:15	c179bc0f-a1f3-4dd8-9930-ba0d44f42e61	OPTIONS	/vehicle_body	http://localhost:8080
04/23/2024	23:04:21	e47845ed-95cb-490d-95b6-c38df4fd613f	GET	/vehicle_body	http://localhost:8080
04/23/2024	23:04:53	0a35f87a-b6f1-4b25-a838-8f79b970a22b	OPTIONS	/info	http://localhost:8080
04/23/2024	23:04:17	f9ffe180-0d19-4c5c-8547-9dc79f62ebef	GET	/info	http://localhost:8080
04/23/2024	23:04:33	1804ed17-1688-4c30-82c5-ed7867824b36	OPTIONS	/charcer	http://localhost:8080
04/23/2024	23:04:85	9e5258c5-5f7d-42b3-b312-2474d37ee034	GET	/charcer	http://localhost:8080
04/23/2024	23:04:21	d9f74909-c4bb-49ec-b58c-e5a06d21fb9b	OPTIONS	/users	http://localhost:8080
04/23/2024	23:04:77	1b0986f8-1951-4640-a4ea-0e1dac7cd518	GET	/users	http://localhost:8080
04/23/2024	23:04:49	65687ba7-7d7f-4b0a-b1d8-efbe653132e4	OPTIONS	/storage_equipment	http://localhost:8080
04/23/2024	23:04:55	eeb625e4-5281-4ebb-9b6d-e1cf9bf3a38b	GET	/storage_equipment	http://localhost:8080
04/23/2024	23:04:97	cb91735d-e81a-4dfb-8ff3-7211163a9cac	OPTIONS	/type_of_storage	http://localhost:8080
04/23/2024	23:04:60	1a29826d-2d9d-4f30-aa04-3c425240dd17	GET	/type_of_storage	http://localhost:8080
04/23/2024	23:04:78	4c83d96f-4916-4838-b7fe-f000d462fed5	OPTIONS	/swap_body	http://localhost:8080
04/23/2024	23:04:06	76f18b35-80fe-4c6a-8544-a66a0b6996c6	GET	/swap_body	http://localhost:8080
04/23/2024	23:04:53	79987efa-7e2e-4fe5-95e2-0cdd4be840ed	OPTIONS	/trailer_info	http://localhost:8080
04/23/2024	23:04:76	6e345fda-1b7d-4122-bfc3-09023e64293b	GET	/trailer_info	http://localhost:8080
04/23/2024	23:04:54	193be40d-9632-4c4d-b89f-71dee062acaa	OPTIONS	/load_securing	http://localhost:8080
04/23/2024	23:04:84	e5e838df-98f4-4ed1-96f3-690fc6c15348	GET	/load_securing	http://localhost:8080
04/23/2024	23:04:07	5e880aab-5a29-46e5-9f33-971958b8a97d	OPTIONS	/type_of_settiement	http://localhost:8080
04/23/2024	23:04:37	0a9f0327-a1a3-4ae3-900f-34c79dac7299	GET	/type_of_settiement	http://localhost:8080
04/23/2024	23:04:83	b0f8a148-d152-4f06-81f7-2a7917447a76	GET	/type_of_settiement	http://localhost:8080
04/23/2024	23:04:59	6a7e8209-79fe-4b14-be66-43b4785f4b63	OPTIONS	/type_of_cargo	http://localhost:8080
04/23/2024	23:04:88	3747914c-7d61-490c-acac-6e935a2c4ee7	GET	/type_of_cargo	http://localhost:8080
04/23/2024	23:04:28	307a8626-09db-4ad7-9dda-3e17ea1b6ca8	OPTIONS	/nature_cargo	http://localhost:8080
04/23/2024	23:04:05	242b7d7c-2374-406b-aab2-c632db163759	GET	/nature_cargo	http://localhost:8080
04/23/2024	23:04:03	476bb1fd-6ffd-4821-81fb-3c17f6650e7d	OPTIONS	/type_of_transport	http://localhost:8080
04/23/2024	23:04:83	6ec98121-951e-4f6e-ae11-de10a0035b0d	GET	/type_of_transport	http://localhost:8080
04/23/2024	23:04:13	f0cf4f15-52c8-4ed0-abed-ef89cec2f31b	OPTIONS	/type_of_vehicle	http://localhost:8080
04/23/2024	23:04:63	7f96f2fb-860e-459f-b15f-c2b38f694658	GET	/type_of_vehicle	http://localhost:8080
04/23/2024	23:04:09	e225bc20-3150-4525-82a8-cc5c2517ea7f	OPTIONS	/vehicle_equipment	http://localhost:8080
04/23/2024	23:04:90	23a74563-5ce9-4bff-bdd1-197778e92315	GET	/vehicle_equipment	http://localhost:8080
04/23/2024	23:04:15	48c1ed1a-6d58-42b1-b46e-d27933553c3b	OPTIONS	/vehicle_body	http://localhost:8080
04/23/2024	23:04:20	09e8415b-4472-457b-93f4-1b21a29aec70	GET	/vehicle_body	http://localhost:8080
04/23/2024	23:04:81	707a5773-1f16-42d0-9479-38ae4b95d5e4	OPTIONS	/info	http://localhost:8080
04/23/2024	23:04:22	c160e2af-dd85-42da-a929-2dcdc94c7907	GET	/info	http://localhost:8080
04/23/2024	23:04:30	99d3f3c0-bcfa-4bc5-b8f0-3cb2873738ee	OPTIONS	/charcer	http://localhost:8080
04/23/2024	23:04:87	137995f6-6f8f-4649-95cd-8e9ee21f2d9e	GET	/charcer	http://localhost:8080
04/23/2024	23:04:27	476efc11-6287-47f5-8b8f-cfe2e43ebd94	OPTIONS	/users	http://localhost:8080
04/23/2024	23:04:52	12e55e4e-d861-4ab6-96a8-02b21f35145d	GET	/users	http://localhost:8080
04/23/2024	23:04:03	7cabda6d-b303-4db3-8e3d-8bf5e27b24f7	OPTIONS	/storage_equipment	http://localhost:8080
04/23/2024	23:04:75	ff6330e9-c08e-4199-9cee-1b20aa29ca47	GET	/storage_equipment	http://localhost:8080
04/23/2024	23:04:78	ff5c9220-9baa-45a2-bc2e-9e3759b5115c	OPTIONS	/type_of_storage	http://localhost:8080
04/23/2024	23:04:25	d136a389-96d7-4a81-8fdb-356a42073210	GET	/type_of_storage	http://localhost:8080
04/23/2024	23:04:47	140f7ed8-8711-44fb-ab66-677f4a156c79	OPTIONS	/swap_body	http://localhost:8080
04/23/2024	23:04:44	d3d7a6e5-a563-4df9-81cc-512e355b4a81	GET	/swap_body	http://localhost:8080
04/23/2024	23:04:76	198c2c36-2d7b-423a-93da-5294a20ba64b	OPTIONS	/trailer_info	http://localhost:8080
04/23/2024	23:04:95	56d6554e-73ec-4e92-9e09-63c92a549534	GET	/trailer_info	http://localhost:8080
04/23/2024	23:04:26	082a301c-3cce-40c5-9990-a7215549abaf	OPTIONS	/load_securing	http://localhost:8080
04/23/2024	23:04:27	e9cc3ce8-396d-4740-b34d-a1f98beb513f	GET	/load_securing	http://localhost:8080
04/23/2024	23:04:74	06e34294-8ea2-4579-823b-a96f27a84e28	OPTIONS	/type_of_settiement	http://localhost:8080
04/23/2024	23:04:40	7a3ec63d-beff-4b9f-aa9b-38918612b654	GET	/type_of_settiement	http://localhost:8080
04/23/2024	23:04:01	8fcf208e-b13b-481f-a7dd-024f13c3e581	GET	/type_of_settiement	http://localhost:8080
04/23/2024	23:04:70	dade92cb-790a-416b-87f9-e0f69e0e523e	OPTIONS	/type_of_cargo	http://localhost:8080
04/23/2024	23:04:10	7baba851-ebed-42f1-869e-b2ee81562626	OPTIONS	/type_of_vehicle	http://localhost:8080
04/23/2024	23:04:99	94910247-2960-4a6c-9cc6-df6e8c928ebd	GET	/type_of_vehicle	http://localhost:8080
04/23/2024	23:04:63	748298f7-7d5e-4605-9d63-51e801958d27	OPTIONS	/vehicle_equipment	http://localhost:8080
04/23/2024	23:04:57	3027f9c2-3f77-4f70-8c35-dfaee03ba1db	GET	/vehicle_equipment	http://localhost:8080
04/23/2024	23:04:09	af939243-7f63-49dd-9f2b-dbc6b5ea9a09	OPTIONS	/vehicle_body	http://localhost:8080
04/23/2024	23:04:80	41d1c21b-b044-4d04-a0ae-86f652f232f3	GET	/vehicle_body	http://localhost:8080
04/23/2024	23:04:47	a3a99427-8ef9-4e9a-8142-6ce9483ff0b9	OPTIONS	/info	http://localhost:8080
04/23/2024	23:04:06	2d50f890-557d-41ef-ad51-7992204003b5	GET	/info	http://localhost:8080
04/23/2024	23:04:54	da37b596-5253-47a5-8c0e-94cff801d0b2	OPTIONS	/charcer	http://localhost:8080
04/23/2024	23:04:21	d033861c-194d-47c7-b2f4-04625938fedd	GET	/charcer	http://localhost:8080
04/23/2024	23:04:64	67a318db-ae12-4c6d-9dc0-6d39a3bff84c	OPTIONS	/users	http://localhost:8080
04/23/2024	23:04:22	16fec419-e8ea-492b-89ba-58a1e5d843de	GET	/users	http://localhost:8080
04/23/2024	23:04:76	cadfce1f-62b7-43bc-9c7a-1f70d3bd4eb7	OPTIONS	/storage_equipment	http://localhost:8080
04/23/2024	23:04:21	54153db4-7eed-423b-bb5b-15dfe48895ff	GET	/storage_equipment	http://localhost:8080
04/23/2024	23:04:59	d9f339ef-7199-450f-982c-16ff8b8f10d6	OPTIONS	/type_of_storage	http://localhost:8080
04/23/2024	23:04:09	18966ea6-e5a1-4527-bebb-1651ed1fc779	GET	/type_of_storage	http://localhost:8080
04/23/2024	23:04:53	c6e4d31e-ba6c-4ff1-b1d7-050b9994418f	OPTIONS	/swap_body	http://localhost:8080
04/23/2024	23:04:92	c91143a7-f4c7-4a89-b687-98067d49c610	GET	/swap_body	http://localhost:8080
04/23/2024	23:04:31	0ec9696e-70fd-4c03-8480-493bea8bd671	OPTIONS	/trailer_info	http://localhost:8080
04/23/2024	23:04:57	d7ee0e2a-5bcb-4635-bf8b-dd9cc03c9374	GET	/trailer_info	http://localhost:8080
04/23/2024	23:04:77	9c2afbe9-a6f0-4616-83cb-ddb31a583d52	OPTIONS	/load_securing	http://localhost:8080
04/23/2024	23:04:01	8b4ed7fb-599b-4a7f-b7d7-479764cdce84	GET	/load_securing	http://localhost:8080
04/23/2024	23:04:27	13f727ba-60a2-4ec4-a229-6f38d3258079	OPTIONS	/type_of_settiement	http://localhost:8080
04/23/2024	23:04:42	34feba93-f09f-47e7-bcd8-ecb288bff0df	GET	/type_of_settiement	http://localhost:8080
04/23/2024	23:04:61	a92690b9-ed01-4272-befe-7136a66833bb	GET	/type_of_settiement	http://localhost:8080
04/23/2024	23:04:81	a913085c-c4bf-47d2-859e-deb7b1fca9f4	OPTIONS	/type_of_cargo	http://localhost:8080
04/23/2024	23:04:04	b635f1cc-48de-46c5-8506-6b77d067d4e5	GET	/type_of_cargo	http://localhost:8080
04/23/2024	23:04:23	c3fc70b3-38c0-4e89-a857-3ce83b11e739	OPTIONS	/nature_cargo	http://localhost:8080
04/23/2024	23:04:41	3ee4dd24-a87b-49ba-81d6-a60a71a80ae9	GET	/nature_cargo	http://localhost:8080
04/23/2024	23:04:56	93ee1533-9ccf-4003-b6b3-6c2d1593eb2c	OPTIONS	/type_of_transport	http://localhost:8080
04/23/2024	23:04:70	fca190e7-4f14-4eb3-90be-60f21c30287c	GET	/type_of_transport	http://localhost:8080
04/23/2024	23:04:85	8471f136-a86c-4af3-8189-abbacff220e2	OPTIONS	/storage_facilities	http://localhost:8080
04/23/2024	23:04:00	b4fbc8a5-8b5b-4365-96c6-2b21b40780f7	GET	/storage_facilities	http://localhost:8080
04/23/2024	23:04:30	5b71f388-c5af-4bc5-960e-6ffab5b50dd5	OPTIONS	/available_load	http://localhost:8080
04/23/2024	23:04:45	477897ba-1b45-4613-ae22-175ec5ddec00	GET	/available_load	http://localhost:8080
04/23/2024	23:04:39	5ed8f0c8-475c-4684-936a-6743febfa3ca	OPTIONS	/type_of_vehicle	http://localhost:8080
04/23/2024	23:04:88	05e29d33-8892-4987-8561-0a341cc5e914	GET	/type_of_vehicle	http://localhost:8080
04/23/2024	23:04:58	79e9ca3f-5b24-4748-9d60-6cd6795ed64b	OPTIONS	/vehicle_equipment	http://localhost:8080
04/23/2024	23:04:70	6b843aca-6d9a-437d-885c-4f4cb46222db	GET	/vehicle_equipment	http://localhost:8080
04/23/2024	23:04:01	31a61498-8a7a-485c-932a-ccae1aedb556	OPTIONS	/vehicle_body	http://localhost:8080
04/23/2024	23:04:38	d353943e-d8bf-4280-9703-523436a3129d	GET	/vehicle_body	http://localhost:8080
04/23/2024	23:04:83	b3d638df-b090-4f16-ae2a-90b9e435f739	OPTIONS	/info	http://localhost:8080
04/23/2024	23:04:48	c962165f-d399-47f0-afc8-381e5c8ca1f1	GET	/info	http://localhost:8080
04/23/2024	23:04:87	d913d91e-f6c2-41cf-8f57-1ba0c7062cdd	OPTIONS	/charcer	http://localhost:8080
04/23/2024	23:04:33	cea46598-5f15-49ea-b549-99ad45ced0a1	GET	/charcer	http://localhost:8080
04/23/2024	23:04:94	eb0671ee-2217-4071-8e31-fe1dd3a5326c	OPTIONS	/users	http://localhost:8080
04/23/2024	23:04:81	b1277cd6-7b3e-4f18-a215-cfffe6350e9f	GET	/users	http://localhost:8080
04/23/2024	23:04:97	9de5fbbf-aae2-40a9-a364-8eaba24b224d	OPTIONS	/storage_equipment	http://localhost:8080
04/23/2024	23:04:61	35f1a92d-fb1b-445f-b1e7-1d28e6fbe72a	GET	/storage_equipment	http://localhost:8080
04/23/2024	23:04:48	dc855325-8e97-4430-b784-899d29558030	OPTIONS	/type_of_storage	http://localhost:8080
04/23/2024	23:04:15	27ceed54-51eb-4ed2-b2b9-1a48654ba669	GET	/type_of_storage	http://localhost:8080
04/23/2024	23:04:32	ef69f0c1-a177-47b4-ac33-37872a7f4e02	OPTIONS	/swap_body	http://localhost:8080
04/23/2024	23:04:46	e03dcfca-07d8-4a04-a918-97b5a7c9d3fc	GET	/swap_body	http://localhost:8080
04/23/2024	23:04:63	379013fc-55bc-4725-92e2-d54c3eeb0831	OPTIONS	/trailer_info	http://localhost:8080
04/23/2024	23:04:78	eef5e9ea-f046-434b-adcb-2583893871dc	GET	/trailer_info	http://localhost:8080
04/23/2024	23:04:13	fd880be8-7f1b-45cc-bd5c-d244a433a749	OPTIONS	/load_securing	http://localhost:8080
04/23/2024	23:04:30	4a32086a-a65c-4a0d-8ea1-95ee475d9e1e	GET	/load_securing	http://localhost:8080
04/23/2024	23:04:76	e40145c6-3649-4dfa-9e23-ea8721155157	OPTIONS	/type_of_settiement	http://localhost:8080
04/23/2024	23:04:42	d5c6161d-0b65-47f1-988a-3ae1d06f24d5	GET	/type_of_settiement	http://localhost:8080
04/23/2024	23:04:18	88e7839d-b9bf-4930-9c14-7e409a116afd	GET	/type_of_settiement	http://localhost:8080
04/23/2024	23:04:33	48dc8647-e617-4288-9864-baa16427a393	OPTIONS	/type_of_cargo	http://localhost:8080
04/23/2024	23:04:71	f0e45252-df14-4839-8d31-0b439f602aa0	GET	/type_of_cargo	http://localhost:8080
04/23/2024	23:04:46	b8bdedcf-4f76-420e-a109-d3e5fd4a136f	OPTIONS	/nature_cargo	http://localhost:8080
04/23/2024	23:04:19	c9682133-4639-41a0-b7cf-a8e780901486	GET	/nature_cargo	http://localhost:8080
04/23/2024	23:04:11	9b6a32d1-418f-4256-9344-771992df217b	OPTIONS	/type_of_transport	http://localhost:8080
04/23/2024	23:04:76	62e967b1-0a5e-49cb-9d30-63b92efeb6bb	GET	/type_of_transport	http://localhost:8080
04/23/2024	23:04:43	cf018c17-5c4a-4c72-9a5f-351cc7296026	OPTIONS	/storage_facilities	http://localhost:8080
04/23/2024	23:04:73	ee15536d-0ef8-4ec0-8152-1b39e7acf951	GET	/storage_facilities	http://localhost:8080
04/23/2024	23:04:21	4e728ba3-1575-4d17-9c73-b83001ba4ffc	OPTIONS	/available_load	http://localhost:8080
04/23/2024	23:04:50	f2a1ef1a-61c9-4af7-aa76-0103c0d94d04	GET	/available_load	http://localhost:8080
04/23/2024	23:04:86	f20d7f32-e8b2-414a-8e97-1eafd94b912e	OPTIONS	/type_of_vehicle	http://localhost:8080
04/23/2024	23:04:03	5acc8d36-4e4b-4849-a16c-8e0a3bd9d195	GET	/type_of_vehicle	http://localhost:8080
04/23/2024	23:04:21	a27fa2bc-ef15-4c6e-9e45-3e1c9e5a52c9	OPTIONS	/vehicle_equipment	http://localhost:8080
04/23/2024	23:04:38	692ffcfb-d376-48ce-a23e-4707c600b321	GET	/vehicle_equipment	http://localhost:8080
04/23/2024	23:04:56	a242f653-1ab2-4ddf-9db5-dfca05ffe02b	OPTIONS	/vehicle_body	http://localhost:8080
04/23/2024	23:04:73	0ad81039-14ab-45d0-8406-0d850374270d	GET	/vehicle_body	http://localhost:8080
04/23/2024	23:04:91	6d21a9ee-bc5a-4003-a498-8e874df853ed	OPTIONS	/info	http://localhost:8080
04/23/2024	23:04:07	6d8d3af0-43cc-45d1-b321-f4c04a95e02a	GET	/info	http://localhost:8080
04/23/2024	23:04:25	352d4647-8ceb-4a79-8133-525a594e42e8	OPTIONS	/charcer	http://localhost:8080
04/23/2024	23:04:42	658eafbf-0aac-4492-a47d-93f7d30a0922	GET	/charcer	http://localhost:8080
04/23/2024	23:04:60	b594534f-36d2-4964-be93-90ea98442e43	OPTIONS	/users	http://localhost:8080
04/23/2024	23:04:76	4a2ba554-ae58-4346-aa20-537dcc57a714	GET	/users	http://localhost:8080
04/23/2024	23:04:94	80ea3b8d-cdc2-4bc4-8738-a8ac771eab89	OPTIONS	/storage_equipment	http://localhost:8080
04/23/2024	23:04:11	b95aa76d-3ef1-4476-beea-ec5941df195a	GET	/storage_equipment	http://localhost:8080
04/23/2024	23:04:30	69b74812-289a-4032-9f16-2286df0d32f8	OPTIONS	/type_of_storage	http://localhost:8080
04/23/2024	23:04:47	c6a03a8a-c1bd-499a-9686-8c1e5131cec0	GET	/type_of_storage	http://localhost:8080
04/23/2024	23:04:69	4760a11c-d8cb-4c4f-8af9-ca44cc18a6c9	OPTIONS	/swap_body	http://localhost:8080
04/23/2024	23:04:89	f1e6a330-4f6f-450b-9cc6-77f88d200062	GET	/swap_body	http://localhost:8080
04/23/2024	23:04:08	3d6b0098-9663-43e9-b6a2-a24c414da133	OPTIONS	/trailer_info	http://localhost:8080
04/23/2024	23:04:25	391eaaef-954b-468b-b644-bb8145c71dd3	GET	/trailer_info	http://localhost:8080
04/23/2024	23:04:45	8add0474-32e7-4f72-a1b3-f61c0907eb6d	OPTIONS	/load_securing	http://localhost:8080
04/23/2024	23:04:62	f1f3109c-9990-4490-896d-ea32e9e047f6	GET	/load_securing	http://localhost:8080
04/23/2024	23:04:81	26e88911-66aa-483b-85b3-9692956bbb11	OPTIONS	/type_of_settiement	http://localhost:8080
04/23/2024	23:04:04	f7ef3d4f-76b9-4b02-80bf-c96f266d53cf	GET	/type_of_settiement	http://localhost:8080
04/23/2024	23:04:21	42b82e13-928c-4aa0-9428-a151f124a71e	GET	/type_of_settiement	http://localhost:8080
04/23/2024	23:04:39	868816d3-a358-46ee-bba3-606be4153a7b	OPTIONS	/type_of_cargo	http://localhost:8080
04/23/2024	23:04:57	c789b198-ccd3-479e-98d8-f1176d45bd8f	GET	/type_of_cargo	http://localhost:8080
04/23/2024	23:04:89	8ee33dd3-c6ce-4459-8d97-e45947d495ed	OPTIONS	/nature_cargo	http://localhost:8080
04/23/2024	23:04:24	9723254c-c50e-46ab-8c6e-ab5c1dc9011c	GET	/nature_cargo	http://localhost:8080
04/23/2024	23:04:96	77b6a785-d336-4acd-af1d-ea8647f0d91d	OPTIONS	/type_of_transport	http://localhost:8080
04/23/2024	23:04:14	623b439e-81bf-4bf5-9a41-fc2f59a29ac3	GET	/type_of_transport	http://localhost:8080
04/23/2024	23:04:34	d805e600-fd15-4fee-a52b-41970d5ff34f	OPTIONS	/storage_facilities	http://localhost:8080
04/23/2024	23:04:74	979ba1e7-31e7-4495-9069-1529134223af	GET	/storage_facilities	http://localhost:8080
04/23/2024	23:04:49	0841a863-f98a-429d-a9f3-7bb04b9fed90	OPTIONS	/available_load	http://localhost:8080
04/23/2024	23:04:86	2eacdd6d-3c61-429f-9583-e6cb34878481	GET	/available_load	http://localhost:8080
04/24/2024	00:04:11	f5e15e13-c173-4b72-b437-cd3abb2546f9	OPTIONS	/type_of_vehicle	http://localhost:8080
04/24/2024	00:04:29	162a4eb0-fd30-4d92-aa11-f62bf00ec880	GET	/type_of_vehicle	http://localhost:8080
04/24/2024	00:04:47	0d246b29-38ab-48b0-be0c-cdafbe6d68db	OPTIONS	/vehicle_equipment	http://localhost:8080
04/24/2024	00:04:64	a2d1f284-9bea-4025-89fc-b80e6a8926eb	GET	/vehicle_equipment	http://localhost:8080
04/24/2024	00:04:82	833926c8-f58e-4f95-b454-9583aa9e64ef	OPTIONS	/vehicle_body	http://localhost:8080
04/24/2024	00:04:98	27a1721e-6e67-4b6b-8656-d5bb7cdb8d61	GET	/vehicle_body	http://localhost:8080
04/24/2024	00:04:17	852fde57-e233-4599-a2cb-f679305ba21b	OPTIONS	/info	http://localhost:8080
04/24/2024	00:04:33	a2592465-9662-4585-acbe-bab51edd8567	GET	/info	http://localhost:8080
04/24/2024	00:04:50	16fba87c-7c0d-4d4e-8b5d-2fa8f5353795	OPTIONS	/charcer	http://localhost:8080
04/24/2024	00:04:66	ae9439b9-9d87-4b9d-9895-151d09667183	GET	/charcer	http://localhost:8080
04/24/2024	00:04:83	37084cc6-1ff7-4312-9764-bbef1d5ea27b	OPTIONS	/users	http://localhost:8080
04/24/2024	00:04:98	dde88929-703d-4787-bfb4-076fd620acf7	GET	/users	http://localhost:8080
04/24/2024	00:04:16	2fa0de0d-a66d-4a09-be30-764c2ed426d1	OPTIONS	/storage_equipment	http://localhost:8080
04/24/2024	00:04:32	c11c37b5-a631-471b-9927-0c55651b9dcc	GET	/storage_equipment	http://localhost:8080
04/24/2024	00:04:48	6ec15e2e-392d-45b7-91a8-68a1886450bc	OPTIONS	/type_of_storage	http://localhost:8080
04/24/2024	00:04:64	f7e994f4-2253-4cab-84f8-55d4710470b1	GET	/type_of_storage	http://localhost:8080
04/24/2024	00:04:81	fddd8db1-4f96-4e47-9940-88d347f6ffe7	OPTIONS	/swap_body	http://localhost:8080
04/24/2024	00:04:96	05915cc1-eac5-4b1e-b64e-0f639d43dc04	GET	/swap_body	http://localhost:8080
04/24/2024	00:04:13	b3e75598-4521-4ef9-8f69-c12c9e1d2b19	OPTIONS	/trailer_info	http://localhost:8080
04/24/2024	00:04:29	b1bbad62-4e8d-4eca-abab-d4bf514ca4cf	GET	/trailer_info	http://localhost:8080
04/24/2024	00:04:45	74c4bc04-0ca4-47d5-baa7-8be34b88f2f5	OPTIONS	/load_securing	http://localhost:8080
04/24/2024	00:04:61	b84b1dd0-34ad-4376-8ec6-d5ba57ca623d	GET	/load_securing	http://localhost:8080
04/24/2024	00:04:77	bd521185-28ab-4bd3-8f66-5b050f696b75	OPTIONS	/type_of_settiement	http://localhost:8080
04/24/2024	00:04:93	5f21f5b1-a3c2-43e9-99bb-229da15d7787	GET	/type_of_settiement	http://localhost:8080
04/24/2024	00:04:09	e9da6484-3b33-4301-b3ac-6b1851fcf6d2	GET	/type_of_settiement	http://localhost:8080
04/24/2024	00:04:26	2e568005-14d2-4dee-9274-d7c9e0e5dbc2	OPTIONS	/type_of_cargo	http://localhost:8080
04/24/2024	00:04:42	29761e8f-bee3-4ae4-9bf8-d32e53143179	GET	/type_of_cargo	http://localhost:8080
04/24/2024	00:04:59	fcdd04bd-da76-439e-af4c-49932823cdfe	OPTIONS	/nature_cargo	http://localhost:8080
04/24/2024	00:04:74	432466bf-025e-4d7b-a9e4-77d1f7bdce7c	GET	/nature_cargo	http://localhost:8080
04/24/2024	00:04:91	a8cd91e2-685f-4363-949f-bf5f71dadaca	OPTIONS	/type_of_transport	http://localhost:8080
04/24/2024	00:04:06	7b492317-0399-4c81-a7bd-3acd383e9356	GET	/type_of_transport	http://localhost:8080
04/24/2024	00:04:23	47003d50-0c13-493f-b0d8-2e827a72d084	OPTIONS	/storage_facilities	http://localhost:8080
04/24/2024	00:04:39	e76b1037-fa27-4bfb-ad19-70a0c1394d47	GET	/storage_facilities	http://localhost:8080
04/24/2024	00:04:55	3bb5eb00-5825-4a8e-a90a-c77e23f1e1df	OPTIONS	/available_load	http://localhost:8080
04/24/2024	00:04:71	02bc84ce-5023-437d-bb3c-960d3d1d3708	GET	/available_load	http://localhost:8080
04/24/2024	00:04:00	d47c48cc-8179-422c-860a-8f7400b88463	OPTIONS	/freight	http://localhost:8080
04/24/2024	00:04:16	9d9ef79b-8a62-43e6-84a0-e8322d3ed27e	GET	/freight	http://localhost:8080
04/24/2024	00:04:33	c58c23e8-7a86-4a63-83ab-6a844041a2cd	OPTIONS	/freight_location	http://localhost:8080
04/24/2024	00:04:49	215b4416-5f37-4f9b-a098-ddec3b1cd136	POST	/freight_location	http://localhost:8080
04/24/2024	00:04:66	f267559a-5034-4594-9466-3ec867931323	OPTIONS	/contact_details	http://localhost:8080
04/24/2024	00:04:82	6db0e10e-ddfb-40bc-ae77-c0ec910fa9dc	POST	/contact_details	http://localhost:8080
04/24/2024	00:04:99	6553a537-9d4b-4b95-8751-75816132fbd7	GET	/contact_details	http://localhost:8080
04/24/2024	00:04:16	7459c108-770d-4fc2-998d-eaf9fb8b8686	OPTIONS	/freight	http://localhost:8080
04/24/2024	00:04:32	3fd4255b-5da0-4b15-b218-b45fad62972f	POST	/freight	http://localhost:8080
04/24/2024	00:04:04	8a72a59c-234e-486b-9678-4396917fb841	GET	/freight	undefined
04/24/2024	00:04:69	fb3b379f-aeac-4267-9013-6a348af6700c	GET	/freight_location	undefined
04/24/2024	00:04:50	25f40ce2-f335-42fb-aaf2-9c43e9ae6861	OPTIONS	/contact_details	http://localhost:8080
04/24/2024	00:04:67	bd09e5d8-7f30-4fbd-b094-e1858636cbd7	POST	/contact_details	http://localhost:8080
04/24/2024	00:04:83	db9037ce-60a4-4893-9a75-af83e68a044b	GET	/contact_details	http://localhost:8080
04/24/2024	00:04:01	38dd8e36-171b-4d4d-9e4c-c886a6fd0a12	OPTIONS	/freight	http://localhost:8080
04/24/2024	00:04:17	3a429d5d-1e88-4475-9312-d7638c47bd58	POST	/freight	http://localhost:8080
04/24/2024	00:04:76	d60af96d-14f2-4e21-b49d-f3578083b635	GET	/contact_details	undefined
04/24/2024	00:04:90	9adf31d4-3f2b-4bd4-808f-5dd0afd73111	OPTIONS	/type_of_vehicle	http://localhost:8080
04/24/2024	00:04:09	c7a45700-5346-41c7-99b5-62b1c5eaf515	GET	/type_of_vehicle	http://localhost:8080
04/24/2024	00:04:27	e22e16ac-1ff2-4147-bf2d-4b2cc8fbe6a0	OPTIONS	/vehicle_equipment	http://localhost:8080
04/24/2024	00:04:45	1296f7a1-7da6-4353-9176-218885f5d8af	GET	/vehicle_equipment	http://localhost:8080
04/24/2024	00:04:63	2b74b902-0c76-4a19-946d-7a064e6deb64	OPTIONS	/vehicle_body	http://localhost:8080
04/24/2024	00:04:82	6659e35f-508e-4f99-ad0d-72eea8a1cda9	GET	/vehicle_body	http://localhost:8080
04/24/2024	00:04:00	7bcbc0d9-e4a1-44a1-aa51-846ce72bc565	OPTIONS	/info	http://localhost:8080
04/24/2024	00:04:18	6abcecab-5e3c-4b34-b3be-963123cea2b8	GET	/info	http://localhost:8080
04/24/2024	00:04:37	856f9cbb-ec65-4efa-ae71-4a62aba8374d	OPTIONS	/charcer	http://localhost:8080
04/24/2024	00:04:55	eee397df-4fda-451a-b47d-312afbbf3431	GET	/charcer	http://localhost:8080
04/24/2024	00:04:74	e8c1237d-4f11-45df-8b91-f5f950df58f2	OPTIONS	/users	http://localhost:8080
04/24/2024	00:04:92	a5201fea-4d78-48f4-91de-15f1f3b4b2f7	GET	/users	http://localhost:8080
04/24/2024	00:04:10	4bb4191b-3688-4220-be63-6ad928edb1c6	OPTIONS	/storage_equipment	http://localhost:8080
04/24/2024	00:04:28	2add60fd-ae1c-4310-8b9f-4156c1949db2	GET	/storage_equipment	http://localhost:8080
04/24/2024	00:04:47	de49c7c3-9329-4071-85f1-7aead02b03f0	OPTIONS	/type_of_storage	http://localhost:8080
04/24/2024	00:04:65	3e4ed9b5-69b7-4ccc-94cb-41c1add15746	GET	/type_of_storage	http://localhost:8080
04/24/2024	00:04:84	dc175fdd-57f9-4120-9044-c58e3f2a5d33	OPTIONS	/swap_body	http://localhost:8080
04/24/2024	00:04:03	a702c145-48e0-4b55-9e5e-2112f7d806e1	GET	/swap_body	http://localhost:8080
04/24/2024	00:04:21	c9d5802d-752a-4390-9ab6-cb230e4e8bb2	OPTIONS	/trailer_info	http://localhost:8080
04/24/2024	00:04:39	eae22661-7ec4-47d3-bfc0-b19dddb264af	GET	/trailer_info	http://localhost:8080
04/24/2024	00:04:57	e2c5a0c0-84c6-4436-87b9-43bfc574de54	OPTIONS	/load_securing	http://localhost:8080
04/24/2024	00:04:74	2944b214-d0fb-4aff-946a-218d8c5799fb	GET	/load_securing	http://localhost:8080
04/24/2024	00:04:93	3fd38827-9d26-4d59-bc1b-c1c13db228b0	OPTIONS	/type_of_settiement	http://localhost:8080
04/24/2024	00:04:10	2fd10488-71e4-43be-be10-077c9922aec4	GET	/type_of_settiement	http://localhost:8080
04/24/2024	00:04:29	e3104159-3dae-4eb8-a1ca-92517e3071a6	GET	/type_of_settiement	http://localhost:8080
04/24/2024	00:04:47	6c4ba893-58d2-4942-b8cb-643ae1229a96	OPTIONS	/type_of_cargo	http://localhost:8080
04/24/2024	00:04:65	e17e4fbc-25ad-4ba4-becf-fd72699601ac	GET	/type_of_cargo	http://localhost:8080
04/24/2024	00:04:83	9d97fb1b-f0f6-4ce4-acb9-fab071f44f45	OPTIONS	/nature_cargo	http://localhost:8080
04/24/2024	00:04:01	55045d0f-33f3-4bd8-adcd-75e0a34e251d	GET	/nature_cargo	http://localhost:8080
04/24/2024	00:04:19	080e1fdc-a35c-42f5-95f9-321e7b46f850	OPTIONS	/type_of_transport	http://localhost:8080
04/24/2024	00:04:37	6de4af12-2534-457c-b21e-07588a48f64a	GET	/type_of_transport	http://localhost:8080
04/24/2024	00:04:55	bc09f0f6-a60a-4011-a214-73931a788035	OPTIONS	/storage_facilities	http://localhost:8080
04/24/2024	00:04:73	b7db3823-7277-4f47-ba48-13c3b2e1dc21	GET	/storage_facilities	http://localhost:8080
04/24/2024	00:04:91	98c75e38-af15-4b58-9b9a-967ddfd0640d	OPTIONS	/available_load	http://localhost:8080
04/24/2024	00:04:08	64b01574-253c-4f18-8124-9806bba05681	GET	/available_load	http://localhost:8080
04/24/2024	00:04:98	214ef3c5-b9d2-48d8-bc66-acdd59510b1f	OPTIONS	/contact_details	http://localhost:8080
04/24/2024	00:04:16	99ecbc7e-aacd-4b23-9f12-e1924fe381a1	POST	/contact_details	http://localhost:8080
04/24/2024	00:04:36	8aa1c868-86d7-43b7-a574-8c3461dc5f18	GET	/contact_details	http://localhost:8080
04/24/2024	00:04:55	2870deee-d0ca-40b5-9bdb-6bb1de55d7dc	OPTIONS	/freight	http://localhost:8080
04/24/2024	00:04:73	7b6207e8-0510-4b8f-924d-fcd7e3ee463e	POST	/freight	http://localhost:8080
04/24/2024	00:04:87	2e92431a-9ada-4e50-acca-24d9b93a15cb	OPTIONS	/type_of_vehicle	http://localhost:8080
04/24/2024	00:04:04	b592a686-81cb-41f1-8229-97e6799028ad	GET	/type_of_vehicle	http://localhost:8080
04/24/2024	00:04:22	6a4f3e24-2150-4942-850a-fa63e9e9a9bf	OPTIONS	/vehicle_equipment	http://localhost:8080
04/24/2024	00:04:40	36be663c-f5f3-4185-9497-39ca22b51e41	GET	/vehicle_equipment	http://localhost:8080
04/24/2024	00:04:58	e0469314-30fa-4176-b0a6-a7052c2db47f	OPTIONS	/vehicle_body	http://localhost:8080
04/24/2024	00:04:75	eed3d9f9-1e97-4291-bb11-e33b1573c6c6	GET	/vehicle_body	http://localhost:8080
04/24/2024	00:04:93	fd746d28-918a-428a-97e0-727027603f73	OPTIONS	/info	http://localhost:8080
04/24/2024	00:04:10	5d2ba38e-6d43-44ae-8787-27c75edba68f	GET	/info	http://localhost:8080
04/24/2024	00:04:28	974c4e8a-bb5b-4b19-8530-28997b555257	OPTIONS	/charcer	http://localhost:8080
04/24/2024	00:04:45	c8b709df-e486-4e9d-a7a9-71ea5952368b	GET	/charcer	http://localhost:8080
04/24/2024	00:04:63	38b2110a-7bdf-4796-8899-331a2d02e757	OPTIONS	/users	http://localhost:8080
04/24/2024	00:04:80	08f0ac22-28ea-45ad-a990-374c7e42b70e	GET	/users	http://localhost:8080
04/24/2024	00:04:99	18f20184-b716-4bcf-9cd1-72dbfef2cc48	OPTIONS	/storage_equipment	http://localhost:8080
04/24/2024	00:04:16	6b966594-310b-4b99-838d-6754b4f98592	GET	/storage_equipment	http://localhost:8080
04/24/2024	00:04:35	764d7693-1967-4859-9f2f-a02ceb05ef3c	OPTIONS	/type_of_storage	http://localhost:8080
04/24/2024	00:04:52	89163621-9048-417b-b745-8370f0e5722c	GET	/type_of_storage	http://localhost:8080
04/24/2024	00:04:70	f84ea069-5772-4582-9c48-fcf9c9c1f5c9	OPTIONS	/swap_body	http://localhost:8080
04/24/2024	00:04:87	5ae5e4a2-e5de-4fc3-8d55-149a8b2abda4	GET	/swap_body	http://localhost:8080
04/24/2024	00:04:07	ca441df0-5b1d-41e0-b64c-d02d27bc2fe4	OPTIONS	/trailer_info	http://localhost:8080
04/24/2024	00:04:24	16e605da-1acd-4fb8-bb42-9309702fb919	GET	/trailer_info	http://localhost:8080
04/24/2024	00:04:43	55f095ae-36c0-4c5c-a50b-232b8ed796d8	OPTIONS	/load_securing	http://localhost:8080
04/24/2024	00:04:60	a0f8acfb-99fc-4b12-8e1d-4b60da41aaba	GET	/load_securing	http://localhost:8080
04/24/2024	00:04:78	5731e3e9-8e4c-4196-be9a-41bf471d0413	OPTIONS	/type_of_settiement	http://localhost:8080
04/24/2024	00:04:95	5a674252-ed62-4584-8796-5fdc99b3903f	GET	/type_of_settiement	http://localhost:8080
04/24/2024	00:04:13	077ce5f0-f283-4543-992c-4444b37362f2	GET	/type_of_settiement	http://localhost:8080
04/24/2024	00:04:31	f534a77d-45d9-4d52-a589-78e60fbe15fb	OPTIONS	/type_of_cargo	http://localhost:8080
04/24/2024	00:04:48	25e88e0e-5949-4208-ac82-3dbc36998af5	GET	/type_of_cargo	http://localhost:8080
04/24/2024	00:04:66	7e622c82-59be-472d-8256-e6c168d78860	OPTIONS	/nature_cargo	http://localhost:8080
04/24/2024	00:04:83	0a60350e-a9bf-4696-b18d-99906dcd981f	GET	/nature_cargo	http://localhost:8080
04/24/2024	00:04:01	3474944f-9db4-4c78-be5a-fddaf24814b3	OPTIONS	/type_of_transport	http://localhost:8080
04/24/2024	00:04:18	803b6ed7-d68d-4235-b076-e4821c5a94b5	GET	/type_of_transport	http://localhost:8080
04/24/2024	00:04:36	79cc4dca-91de-4f01-a66a-3eb76c6264ac	OPTIONS	/storage_facilities	http://localhost:8080
04/24/2024	00:04:53	a57caeb6-e66c-4ba2-a71c-8d4872f562f9	GET	/storage_facilities	http://localhost:8080
04/24/2024	00:04:72	9952c7b2-3a05-4f9c-b6ea-5d7dc6d6edc0	OPTIONS	/available_load	http://localhost:8080
04/24/2024	00:04:89	f324a41a-2a44-48a1-b9a9-0cd2a8d8a840	GET	/available_load	http://localhost:8080
04/24/2024	00:04:08	1a8d09f3-bb65-4186-a917-af2a91a94aed	OPTIONS	/freight	http://localhost:8080
04/24/2024	00:04:24	f41a8e7e-91b8-4999-b8ab-a7341882428f	GET	/freight	http://localhost:8080
04/24/2024	00:04:46	4941c594-db90-463e-8def-03051e8d5fca	OPTIONS	/freight_location	http://localhost:8080
04/24/2024	00:04:63	4ac5219b-dfc8-4449-baef-bcc9116717f7	POST	/freight_location	http://localhost:8080
04/24/2024	00:04:83	84825e22-a423-4eeb-9f9c-12487f430b63	OPTIONS	/contact_details	http://localhost:8080
04/24/2024	00:04:01	9235f5f7-6259-4637-9e20-bb251de0c3d2	POST	/contact_details	http://localhost:8080
04/24/2024	00:04:21	124af0f4-528b-43af-bda1-86b8e34c2129	GET	/contact_details	http://localhost:8080
04/24/2024	00:04:42	5e5df983-e8cb-417f-ba83-857edbbb9ed3	OPTIONS	/freight	http://localhost:8080
04/24/2024	00:04:58	acb7735c-fd06-4428-a534-2f7b2d3804a8	POST	/freight	http://localhost:8080
04/24/2024	00:04:63	1cacaac2-197e-493d-a21f-2c8c34b1cbe2	OPTIONS	/type_of_vehicle	http://localhost:8080
04/24/2024	00:04:80	6ffc006b-3eea-4b3c-b973-54243ffb83f1	GET	/type_of_vehicle	http://localhost:8080
04/24/2024	00:04:00	cb61ecd1-82fd-4d07-b893-c0abe9f59efb	OPTIONS	/vehicle_equipment	http://localhost:8080
04/24/2024	00:04:17	e52486b1-56c8-4895-ac91-49913ecbf41b	GET	/vehicle_equipment	http://localhost:8080
04/24/2024	00:04:35	7bed83a1-cab3-477b-81ea-5a70109b79dd	OPTIONS	/vehicle_body	http://localhost:8080
04/24/2024	00:04:53	85760518-b779-461b-adc8-4feccbbaff8e	GET	/vehicle_body	http://localhost:8080
04/24/2024	00:04:70	45ba31bb-9c93-4ea8-8400-e4cfc1cac604	OPTIONS	/info	http://localhost:8080
04/24/2024	00:04:87	3df6d85d-7778-4990-b8ba-ebc5aef9aa6f	GET	/info	http://localhost:8080
04/24/2024	00:04:05	0830dc03-3978-4190-8ba0-bf48bf82aef8	OPTIONS	/charcer	http://localhost:8080
04/24/2024	00:04:22	07036375-9623-49aa-baa0-ea280becdef9	GET	/charcer	http://localhost:8080
04/24/2024	00:04:39	8bb89fab-d5cb-48bc-8b3f-afcd36034a00	OPTIONS	/users	http://localhost:8080
04/24/2024	00:04:56	71b95a5e-dff9-474e-902d-d5e8bd44a6ba	GET	/users	http://localhost:8080
04/24/2024	00:04:73	bc12a425-b806-4895-a400-240d91c2cce7	OPTIONS	/storage_equipment	http://localhost:8080
04/24/2024	00:04:90	2b41ae61-089e-4231-a67d-ade4594da725	GET	/storage_equipment	http://localhost:8080
04/24/2024	00:04:08	a0ff9381-f10e-4810-9d3f-677760ee111f	OPTIONS	/type_of_storage	http://localhost:8080
04/24/2024	00:04:24	9d98f645-e1a0-480e-894e-9f90ee0ca218	GET	/type_of_storage	http://localhost:8080
04/24/2024	00:04:42	57e2512d-ae48-4e83-ae3b-34498fd86f94	OPTIONS	/swap_body	http://localhost:8080
04/24/2024	00:04:58	cb5dbb25-84b9-430d-a3ae-0c30c9f1f98d	GET	/swap_body	http://localhost:8080
04/24/2024	00:04:76	113d3190-9197-434e-93cd-25edc9f77dc9	OPTIONS	/trailer_info	http://localhost:8080
04/24/2024	00:04:92	be5cce76-d164-49d0-a508-e8296a83cf54	GET	/trailer_info	http://localhost:8080
04/24/2024	00:04:09	08d88649-489e-477d-8a3f-7fe556463054	OPTIONS	/load_securing	http://localhost:8080
04/24/2024	00:04:26	c76f829a-2d51-439d-b14a-78ba7faa6133	GET	/load_securing	http://localhost:8080
04/24/2024	00:04:43	ac6d62ac-a558-4f81-8ff3-61a68e44c166	OPTIONS	/type_of_settiement	http://localhost:8080
04/24/2024	00:04:59	a20278d6-77b2-477a-9172-f26d2b554551	GET	/type_of_settiement	http://localhost:8080
04/24/2024	00:04:76	5d5bf701-2240-4361-8192-53c6d86f7733	GET	/type_of_settiement	http://localhost:8080
04/24/2024	00:04:94	21967bfe-878e-48d7-891d-779b27f08629	OPTIONS	/type_of_cargo	http://localhost:8080
04/24/2024	00:04:10	b587fd4f-44e2-48fb-82e3-6dbcef336fef	GET	/type_of_cargo	http://localhost:8080
04/24/2024	00:04:27	32f4bc57-92d0-452d-8126-4524010d16ba	OPTIONS	/nature_cargo	http://localhost:8080
04/24/2024	00:04:45	24a1baa5-6b13-41b4-b27a-cd8da987764d	GET	/nature_cargo	http://localhost:8080
04/24/2024	00:04:62	7803de6f-b98d-4ff6-a459-632446a45cd3	OPTIONS	/type_of_transport	http://localhost:8080
04/24/2024	00:04:79	517c851d-aea2-4b52-8789-ef8b7054e6c0	GET	/type_of_transport	http://localhost:8080
04/24/2024	00:04:96	c42a4156-034c-4313-b635-c04fec701d8f	OPTIONS	/storage_facilities	http://localhost:8080
04/24/2024	00:04:14	bc2dbf53-5693-4dbd-8a96-fd861c6ef544	GET	/storage_facilities	http://localhost:8080
04/24/2024	00:04:31	6fd51c0e-60a0-4ed3-bbff-4b6aef5266b8	OPTIONS	/available_load	http://localhost:8080
04/24/2024	00:04:47	c2680348-d59e-4f7f-9acb-29794f60f7c4	GET	/available_load	http://localhost:8080
04/24/2024	00:04:58	09ed9bab-a215-42cf-9757-e9948c106188	OPTIONS	/freight	http://localhost:8080
04/24/2024	00:04:74	56feb546-9432-482a-b7dc-cdcc780089af	GET	/freight	http://localhost:8080
04/24/2024	00:04:04	69f0ee01-e4ab-4269-989e-01a59c58e00e	OPTIONS	/type_of_vehicle	http://localhost:8080
04/24/2024	00:04:21	4d3cafd1-9aea-4f9a-b628-0e9d087df703	GET	/type_of_vehicle	http://localhost:8080
04/24/2024	00:04:39	640976ab-a450-4e20-bbef-c4b7d4f79664	OPTIONS	/vehicle_equipment	http://localhost:8080
04/24/2024	00:04:57	3534cc20-b510-4478-8371-c5f9213ebddb	GET	/vehicle_equipment	http://localhost:8080
04/24/2024	00:04:76	2f612d16-7be2-4e84-bfdb-c38fce06bcfe	OPTIONS	/vehicle_body	http://localhost:8080
04/24/2024	00:04:92	a04fa536-ee72-4dcc-8e7a-82f5c19995a5	GET	/vehicle_body	http://localhost:8080
04/24/2024	00:04:12	ad8116c3-aaf7-4f53-8195-85e97813d02b	OPTIONS	/info	http://localhost:8080
04/24/2024	00:04:29	e7d85455-10db-41dc-a5b1-1f63a6a5b013	GET	/info	http://localhost:8080
04/24/2024	00:04:49	a752f858-da07-4493-9d52-9c77d21933c0	OPTIONS	/charcer	http://localhost:8080
04/24/2024	00:04:66	da06fbb8-cca2-43ed-b987-965d23c0cddd	GET	/charcer	http://localhost:8080
04/24/2024	00:04:85	053cba24-e6bd-454f-bd8a-9e4e7992c9a2	OPTIONS	/users	http://localhost:8080
04/24/2024	00:04:02	8d68c818-937e-4ae5-a90d-bb0d2db10bc7	GET	/users	http://localhost:8080
04/24/2024	00:04:22	93ad3a03-c78e-4f7c-aa6c-9d36c968550f	OPTIONS	/storage_equipment	http://localhost:8080
04/24/2024	00:04:39	8a123b6a-a8d6-48af-a4b4-17520f23d81e	GET	/storage_equipment	http://localhost:8080
04/24/2024	00:04:57	1ac26ead-4639-4323-936b-f5491c29e9e4	OPTIONS	/type_of_storage	http://localhost:8080
04/24/2024	00:04:73	0130364e-c474-4b34-aefc-0ac985812a26	GET	/type_of_storage	http://localhost:8080
04/24/2024	00:04:90	15177892-12cc-4e50-ae8b-7983b3632183	OPTIONS	/swap_body	http://localhost:8080
04/24/2024	00:04:07	0dbabd66-2e69-4e83-93f2-05ce6158a926	GET	/swap_body	http://localhost:8080
04/24/2024	00:04:25	ffc7e1ce-2850-451c-9806-560205a02fed	OPTIONS	/trailer_info	http://localhost:8080
04/24/2024	00:04:41	dbe9a435-7f91-4eca-860f-41358af142ff	GET	/trailer_info	http://localhost:8080
04/24/2024	00:04:58	9646ddc7-499e-45e7-96cb-36a67c1d67b6	OPTIONS	/load_securing	http://localhost:8080
04/24/2024	00:04:75	7e496a34-2b87-4d3c-901e-72b8ba639523	GET	/load_securing	http://localhost:8080
04/24/2024	00:04:92	09746801-b995-406d-ab47-8f7b195ff8ee	OPTIONS	/type_of_settiement	http://localhost:8080
04/24/2024	00:04:08	6bcb2127-899a-4db3-af60-de0cecde5d60	GET	/type_of_settiement	http://localhost:8080
04/24/2024	00:04:25	87d14df9-df5c-40ef-b425-e9339c98680a	GET	/type_of_settiement	http://localhost:8080
04/24/2024	00:04:43	b642c1ed-6c1b-4ccd-a46c-f2aebdd22823	OPTIONS	/type_of_cargo	http://localhost:8080
04/24/2024	00:04:60	13c28dc1-b5cf-4355-b225-78499c78399d	GET	/type_of_cargo	http://localhost:8080
04/24/2024	00:04:78	f8b29198-f2af-44df-945c-71cc28ba4715	OPTIONS	/nature_cargo	http://localhost:8080
04/24/2024	00:04:95	a2cbac0e-945a-49f1-8314-4ed75d0dbc7c	GET	/nature_cargo	http://localhost:8080
04/24/2024	00:04:14	a1eed76f-d2be-46a8-b05d-5d21e737d3e0	OPTIONS	/type_of_transport	http://localhost:8080
04/24/2024	00:04:30	d66ec31f-b025-4c81-8005-2ffe18e5f756	GET	/type_of_transport	http://localhost:8080
04/24/2024	00:04:47	5d76a0a4-cd03-4c97-bc07-6f33dc87ac06	OPTIONS	/storage_facilities	http://localhost:8080
04/24/2024	00:04:64	21b9b6d0-30e0-4e43-ac3b-3de9e3525a79	GET	/storage_facilities	http://localhost:8080
04/24/2024	00:04:82	93cad2fc-d85b-4070-99dc-7ac5e0ae8c48	OPTIONS	/available_load	http://localhost:8080
04/24/2024	00:04:99	41730c52-dcff-4672-a932-5f1c75756fe9	GET	/available_load	http://localhost:8080
04/24/2024	00:04:00	b2ae5812-858a-422d-932b-eb18c96fbbae	OPTIONS	/freight	http://localhost:8080
04/24/2024	00:04:18	edff5cf6-1622-4d20-b43e-5373cb888936	GET	/freight	http://localhost:8080
04/24/2024	00:04:38	2a55ee24-7177-4fc0-a5b4-4a2423c39f88	OPTIONS	/freight_location	http://localhost:8080
04/24/2024	00:04:56	8738bd05-cdd0-493f-8e18-ef8ebd192a1e	POST	/freight_location	http://localhost:8080
04/24/2024	00:04:76	01a1372b-7a6f-4c98-8662-e43e813819c5	OPTIONS	/contact_details	http://localhost:8080
04/24/2024	00:04:93	d304b770-b7d8-436c-a6e1-fdbf25a775c1	POST	/contact_details	http://localhost:8080
04/24/2024	00:04:12	e67ed4c2-ce7f-4c7b-a173-74ab4a1efe67	GET	/contact_details	http://localhost:8080
04/24/2024	00:04:31	ced9984c-6b8f-4a95-81f5-bc12d3d9ac42	OPTIONS	/freight	http://localhost:8080
04/24/2024	00:04:48	30603ddf-9ab0-4a42-9d60-7ea4c2952b49	POST	/freight	http://localhost:8080
04/24/2024	00:04:99	7f119313-6aee-49db-80d6-0785db27870a	OPTIONS	/freight_location	http://localhost:8080
04/24/2024	00:04:16	8154cee3-c968-400e-bc3f-4153349bb850	POST	/freight_location	http://localhost:8080
04/24/2024	00:04:34	35001bdb-245f-425f-a8cb-883f0c8756cd	OPTIONS	/contact_details	http://localhost:8080
04/24/2024	00:04:51	516ca739-7f59-4871-9d8a-69a4b60b49d6	POST	/contact_details	http://localhost:8080
04/24/2024	00:04:69	48b5e8e3-ef9c-477f-8814-49cedd65e922	GET	/contact_details	http://localhost:8080
04/24/2024	00:04:87	e780b507-496f-4f29-8577-5ec593bbcf8d	OPTIONS	/freight	http://localhost:8080
04/24/2024	00:04:04	91bf924d-29b8-4a9a-808a-b4ff268c262d	POST	/freight	http://localhost:8080
04/24/2024	00:04:90	f04013d5-170b-4a41-9141-7b6fefd30996	OPTIONS	/type_of_vehicle	http://localhost:8080
04/24/2024	00:04:08	72ae0e05-a9f7-45b8-ad2d-977f00aae0a9	GET	/type_of_vehicle	http://localhost:8080
04/24/2024	00:04:26	23f0dc6b-6731-45ba-915e-c6d105284bf9	OPTIONS	/vehicle_equipment	http://localhost:8080
04/24/2024	00:04:43	e3097210-16f1-409c-a6a4-47a54b5c078a	GET	/vehicle_equipment	http://localhost:8080
04/24/2024	00:04:62	998edea6-98fa-4a1b-9f8e-f6a5a991fad5	OPTIONS	/vehicle_body	http://localhost:8080
04/24/2024	00:04:80	1a1c51dc-da7d-4303-9195-497cfce54c4e	GET	/vehicle_body	http://localhost:8080
04/24/2024	00:04:00	e5898c6e-2485-49ea-9d87-1d2fde6a6683	OPTIONS	/info	http://localhost:8080
04/24/2024	00:04:18	450844b1-a61f-4d71-9f20-5b4b5de55bcc	GET	/info	http://localhost:8080
04/24/2024	00:04:38	96a6c274-f386-4e66-9ab0-7cb69eca6d23	OPTIONS	/charcer	http://localhost:8080
04/24/2024	00:04:55	f38c72e7-6b62-42d7-afc5-9033f68d3195	GET	/charcer	http://localhost:8080
04/24/2024	00:04:73	4950127c-8407-459c-bdaa-81102953f3e7	OPTIONS	/users	http://localhost:8080
04/24/2024	00:04:91	7f1381de-1f84-44ad-b72c-27d43fc0baac	GET	/users	http://localhost:8080
04/24/2024	00:04:10	1624484d-55ae-457c-b97c-d161b43131d7	OPTIONS	/storage_equipment	http://localhost:8080
04/24/2024	00:04:27	e7a4707b-37ba-43d7-87d6-23a3826a6395	GET	/storage_equipment	http://localhost:8080
04/24/2024	00:04:44	943013b0-8748-4a41-992b-679240cad68d	OPTIONS	/type_of_storage	http://localhost:8080
04/24/2024	00:04:61	bab21909-7e97-4ec8-9d79-c7a9838aa3f0	GET	/type_of_storage	http://localhost:8080
04/24/2024	00:04:79	9b98a633-5434-4ebf-8672-f4bbf297011d	OPTIONS	/swap_body	http://localhost:8080
04/24/2024	00:04:96	da9bdc1f-7b26-46b9-9fbc-4aa07ae63f66	GET	/swap_body	http://localhost:8080
04/24/2024	00:04:15	fe10fc70-ef91-4351-b0e7-b3b22206f054	OPTIONS	/trailer_info	http://localhost:8080
04/24/2024	00:04:32	7eba9360-4f42-4614-ae54-81ef28f1913e	GET	/trailer_info	http://localhost:8080
04/24/2024	00:04:50	8e9f95ee-cfec-4973-a9bc-42dd328a791b	OPTIONS	/load_securing	http://localhost:8080
04/24/2024	00:04:67	17a7258f-02eb-4199-96cb-e5f8e6c87e2e	GET	/load_securing	http://localhost:8080
04/24/2024	00:04:85	3d025487-0bd7-4386-a317-1e67ac025973	OPTIONS	/type_of_settiement	http://localhost:8080
04/24/2024	00:04:01	32a6ca29-028b-4600-894d-f17fcce1c68b	GET	/type_of_settiement	http://localhost:8080
04/24/2024	00:04:19	aa86ba40-d52c-4591-90f6-61843fa77c80	GET	/type_of_settiement	http://localhost:8080
04/24/2024	00:04:36	c2f9fa60-a8da-47f7-9528-5b1636117640	OPTIONS	/type_of_cargo	http://localhost:8080
04/24/2024	00:04:54	80e9415d-ba76-4460-9d33-b2a67f98e803	GET	/type_of_cargo	http://localhost:8080
04/24/2024	00:04:71	1857de26-65df-4d97-bee0-c1e1cb2d8192	OPTIONS	/nature_cargo	http://localhost:8080
04/24/2024	00:04:88	7908a5e4-ed67-43fd-9133-0966a1126733	GET	/nature_cargo	http://localhost:8080
04/24/2024	00:04:06	5ba87119-7a18-4787-8aef-4f02ceead7c8	OPTIONS	/type_of_transport	http://localhost:8080
04/24/2024	00:04:23	9d206213-1505-4b89-99a9-a8cbd68f1113	GET	/type_of_transport	http://localhost:8080
04/24/2024	00:04:41	5c93bd4e-fc4b-461f-9f18-869288b07613	OPTIONS	/storage_facilities	http://localhost:8080
04/24/2024	00:04:58	d0d08d64-2e2a-43ca-bb58-21dfd236d6da	GET	/storage_facilities	http://localhost:8080
04/24/2024	00:04:76	2b9368fe-f2f3-48ad-b9cd-564bb1cb37ad	OPTIONS	/available_load	http://localhost:8080
04/24/2024	00:04:93	3af0106a-9218-4481-9c89-e02affe1daf2	GET	/available_load	http://localhost:8080
04/24/2024	00:04:53	57af5e5c-3f00-4a13-b5a1-8e94d9c13e4a	OPTIONS	/contact_details	http://localhost:8080
04/24/2024	00:04:71	d59b4ba8-5045-4da4-8a12-1a1745b9402b	POST	/contact_details	http://localhost:8080
04/24/2024	00:04:92	93a0d781-f1bf-4afa-ba53-a9dec16ad2a4	GET	/contact_details	http://localhost:8080
04/24/2024	00:04:91	51f2fd77-e0c1-45f3-878b-8ed23ce66b44	OPTIONS	/contact_details	http://localhost:8080
04/24/2024	00:04:09	2c54fa68-f097-4d4e-927a-a52c31d7b057	POST	/contact_details	http://localhost:8080
04/24/2024	00:04:27	27ad0ce1-a59e-4c57-b792-95e4bfe94ec3	GET	/contact_details	http://localhost:8080
04/24/2024	00:04:02	df643489-7527-4312-a64b-8deb4140c6c2	OPTIONS	/contact_details	http://localhost:8080
04/24/2024	00:04:19	a8ad77b4-87c6-4c00-abeb-99ea4d754087	POST	/contact_details	http://localhost:8080
04/24/2024	00:04:59	b0c119f3-2e64-4b7c-815e-01b25ed653e6	OPTIONS	/contact_details	http://localhost:8080
04/24/2024	00:04:76	7ed11702-8349-4874-bd54-244254444fd6	POST	/contact_details	http://localhost:8080
04/24/2024	00:04:37	6080de98-42e8-428d-892e-08b48fac8384	OPTIONS	/contact_details	http://localhost:8080
04/24/2024	00:04:54	8a90d87c-029a-4d90-a665-9976148d0ccb	POST	/contact_details	http://localhost:8080
04/24/2024	00:04:78	3cadadc0-921b-44db-8c99-492cd2e3ec60	GET	/contact_details	undefined
04/24/2024	00:04:57	3da4181b-d3ec-479c-9504-42dad0790923	GET	/favicon.ico	undefined
04/24/2024	00:04:14	9b98e228-34c9-42ab-a6d8-4ce1bfb7ed78	OPTIONS	/contact_details	http://localhost:8080
04/24/2024	00:04:32	1be46d84-f26f-47dc-8f89-edd015547246	POST	/contact_details	http://localhost:8080
04/24/2024	00:04:86	b1bc1862-5226-4364-aa5b-9635169df4b6	OPTIONS	/contact_details	http://localhost:8080
04/24/2024	00:04:05	d6f9b94b-e881-4f9c-811a-42cd54fdde9c	POST	/contact_details	http://localhost:8080
04/24/2024	00:04:40	0c8bd789-3283-4788-8b79-6a9030200208	POST	/contact_details	undefined
04/24/2024	00:04:07	b6bbe6c7-30f3-4c33-bee9-ddc958f8b37d	POST	/contact_details	undefined
04/24/2024	00:04:93	a9077c72-6766-470f-83c2-6c0467aeaafa	POST	/contact_details	undefined
04/24/2024	00:04:95	76e2d215-4b83-4b0f-ac0a-46528a7e1533	POST	/contact_details	undefined
04/24/2024	00:04:30	5c99bb64-c08a-4dbe-a112-bf78466b3b6e	OPTIONS	/type_of_vehicle	http://localhost:8080
04/24/2024	00:04:48	ea979734-9fab-4eb4-b116-888ebc23d1d2	GET	/type_of_vehicle	http://localhost:8080
04/24/2024	00:04:66	54bb0be8-e690-4519-a30b-248c72aa7be1	OPTIONS	/vehicle_equipment	http://localhost:8080
04/24/2024	00:04:83	186bc667-0fac-4607-ad16-abb78a17f68f	GET	/vehicle_equipment	http://localhost:8080
04/24/2024	00:04:01	8bb25698-3fc8-4b50-99e8-0b1bb508ec35	OPTIONS	/vehicle_body	http://localhost:8080
04/24/2024	00:04:18	94083603-55f6-433c-952c-b32d915dbfc1	GET	/vehicle_body	http://localhost:8080
04/24/2024	00:04:37	3bf339a6-8ef6-4a24-9094-db188ff95199	OPTIONS	/info	http://localhost:8080
04/24/2024	00:04:53	29eceba9-d570-4662-99ff-dec614798462	GET	/info	http://localhost:8080
04/24/2024	00:04:72	f703e585-f820-404a-8b2a-09a9cf42bec3	OPTIONS	/charcer	http://localhost:8080
04/24/2024	00:04:88	a0b8372c-b878-4751-a729-2185b5a38503	GET	/charcer	http://localhost:8080
04/24/2024	00:04:06	c5eb4284-49eb-4b48-ac6a-df6c63916151	OPTIONS	/users	http://localhost:8080
04/24/2024	00:04:23	0216f7dd-ccba-4d88-ae04-63b8b0a80145	GET	/users	http://localhost:8080
04/24/2024	00:04:40	64e53e82-2f57-4a78-9e1a-7d1ed6437fef	OPTIONS	/storage_equipment	http://localhost:8080
04/24/2024	00:04:57	a3a61dc3-d41c-499f-8125-106b54013cb6	GET	/storage_equipment	http://localhost:8080
04/24/2024	00:04:74	44be9651-d179-4367-b523-622bfd5e8933	OPTIONS	/type_of_storage	http://localhost:8080
04/24/2024	00:04:90	596b2d85-0a53-4cf7-8cbb-3bf80954047d	GET	/type_of_storage	http://localhost:8080
04/24/2024	00:04:08	0a96223d-4493-4163-92b4-7c0fc1144460	OPTIONS	/swap_body	http://localhost:8080
04/24/2024	00:04:24	5beeeddb-2393-4f19-ba6c-cb6b7d23bca8	GET	/swap_body	http://localhost:8080
04/24/2024	00:04:42	aaf04526-502e-41f4-8a2d-5c5d6ad9499b	OPTIONS	/trailer_info	http://localhost:8080
04/24/2024	00:04:58	d7b6758c-5290-4838-b126-bf9ddc61f795	GET	/trailer_info	http://localhost:8080
04/24/2024	00:04:76	022e0b41-116d-4a66-8063-d7620b85809b	OPTIONS	/load_securing	http://localhost:8080
04/24/2024	00:04:92	769fd020-061c-4aeb-bc0e-232c11b288fa	GET	/load_securing	http://localhost:8080
04/24/2024	00:04:09	2b9907a6-81e1-4a9c-b426-4a9692d35056	OPTIONS	/type_of_settiement	http://localhost:8080
04/24/2024	00:04:27	5e6c9793-6219-4b4d-803d-590583a91265	GET	/type_of_settiement	http://localhost:8080
04/24/2024	00:04:44	eeec644b-beb9-45fa-a9ed-8d0506c96ee7	GET	/type_of_settiement	http://localhost:8080
04/24/2024	00:04:62	9bb38a56-d02a-4c45-b145-ae2259412f16	OPTIONS	/type_of_cargo	http://localhost:8080
04/24/2024	00:04:78	5f4783d2-a4a5-4b33-8955-3efdcf069520	GET	/type_of_cargo	http://localhost:8080
04/24/2024	00:04:96	9baf5024-8f5b-4112-9ae8-791993635d48	OPTIONS	/nature_cargo	http://localhost:8080
04/24/2024	00:04:12	64dc6d0c-2569-48b1-b79f-5c44e49077fc	GET	/nature_cargo	http://localhost:8080
04/24/2024	00:04:29	497e8b0f-d2e4-4129-aecf-ffc5a6666283	OPTIONS	/type_of_transport	http://localhost:8080
04/24/2024	00:04:46	866f3961-e11c-4d6a-9ccb-f85f26443829	GET	/type_of_transport	http://localhost:8080
04/24/2024	00:04:63	b2376e0a-20d6-4484-88f0-87595eb2416e	OPTIONS	/storage_facilities	http://localhost:8080
04/24/2024	00:04:79	ca0f3688-da7e-4700-8954-dcc188c694cd	GET	/storage_facilities	http://localhost:8080
04/24/2024	00:04:98	8c24e66a-c55d-43ea-8e7d-2c23471b1b71	OPTIONS	/available_load	http://localhost:8080
04/24/2024	00:04:15	cad2bc20-4d6f-4519-8167-101523a8c1dc	GET	/available_load	http://localhost:8080
04/24/2024	00:04:38	c55e53fe-175e-4e18-8f0b-156a73f69899	OPTIONS	/freight	http://localhost:8080
04/24/2024	00:04:56	2af6e3df-95c6-4298-b295-af00fee9528f	GET	/freight	http://localhost:8080
04/24/2024	00:04:78	d7210fa2-ba42-47b0-8be4-63a0999bf417	OPTIONS	/freight_location	http://localhost:8080
04/24/2024	00:04:95	1ab7d563-b6ff-454c-9037-38c74dec346a	POST	/freight_location	http://localhost:8080
04/24/2024	00:04:14	394dcec3-1f90-4c1f-9d6c-2b38b1572b9c	OPTIONS	/contact_details	http://localhost:8080
04/24/2024	00:04:30	6f210f7f-6511-4d0b-987b-aa9e844b88c6	POST	/contact_details	http://localhost:8080
04/24/2024	00:04:48	831924c3-9615-4d0c-b40f-6087049435b7	GET	/contact_details	http://localhost:8080
04/24/2024	00:04:65	7522449d-0ea8-4424-92a1-fa58aa738ece	OPTIONS	/freight	http://localhost:8080
04/24/2024	00:04:82	d327e72a-0b8d-4d7b-b82c-f173aae5e5be	POST	/freight	http://localhost:8080
04/24/2024	00:04:67	df7c89a2-e177-4e72-8021-5efa813658ab	GET	/freight	undefined
04/24/2024	00:04:47	4216f626-2a02-47a5-b6ac-e85cfb1bbfd3	GET	/contact_details	undefined
04/24/2024	00:04:63	9b588182-a1b6-4e92-977f-869d801d0b5e	OPTIONS	/freight_location	http://localhost:8080
04/24/2024	00:04:80	c164cf75-d121-45dc-a669-554b00b1c932	POST	/freight_location	http://localhost:8080
04/24/2024	00:04:99	62ade46d-b8ed-4377-8169-d30f70ba6c1d	OPTIONS	/contact_details	http://localhost:8080
04/24/2024	00:04:17	1659f352-c721-48c6-aa24-67ada0c36811	POST	/contact_details	http://localhost:8080
04/24/2024	00:04:34	ed7b30b4-7d20-4499-8e24-5554b386db2b	GET	/contact_details	http://localhost:8080
04/24/2024	00:04:53	cffa86d1-c85e-4af2-acf4-ddfd037c450d	OPTIONS	/freight	http://localhost:8080
04/24/2024	00:04:71	085c90f2-a5cd-404e-869f-56ad9da87f30	POST	/freight	http://localhost:8080
04/24/2024	00:04:42	dca9a36c-6709-4f85-bd0e-2698412a3c05	OPTIONS	/freight_location	http://localhost:8080
04/24/2024	00:04:62	564e8c8a-2c1f-493c-a790-132acd34f34d	POST	/freight_location	http://localhost:8080
04/24/2024	00:04:82	fb6e454d-56af-48e9-b9a9-be1783c4f9fe	OPTIONS	/contact_details	http://localhost:8080
04/24/2024	00:04:00	cc12b4cd-6c1b-4df9-bfe7-2e760fb5659c	POST	/contact_details	http://localhost:8080
04/24/2024	00:04:19	a840b0fd-e5dd-4404-86ee-d9fecb1e13e3	GET	/contact_details	http://localhost:8080
04/24/2024	00:04:38	33a150fb-956a-430e-bbeb-bf2dd6850101	OPTIONS	/freight	http://localhost:8080
04/24/2024	00:04:56	a45afff7-ca6f-4002-a843-0510fbbde824	POST	/freight	http://localhost:8080
04/24/2024	00:04:88	dd4c712d-83b7-4e23-8676-825ceb151784	OPTIONS	/type_of_vehicle	http://localhost:8080
04/24/2024	00:04:05	954de8ee-12dd-4f75-ac4c-12ed9927d595	GET	/type_of_vehicle	http://localhost:8080
04/24/2024	00:04:23	2d2c03b5-730b-48a0-8956-bcef5ed45944	OPTIONS	/vehicle_equipment	http://localhost:8080
04/24/2024	00:04:40	f5c35b16-6b1d-4d09-b68d-0b0efd2c8bdb	GET	/vehicle_equipment	http://localhost:8080
04/24/2024	00:04:58	944bb0b7-6e6a-4dfa-9a3d-a1fc525b3f3a	OPTIONS	/vehicle_body	http://localhost:8080
04/24/2024	00:04:75	7b680727-a2a5-4f51-a35a-22be76b7cb0f	GET	/vehicle_body	http://localhost:8080
04/24/2024	00:04:94	6480d305-a654-41f2-aebf-1a45cae555ae	OPTIONS	/info	http://localhost:8080
04/24/2024	00:04:11	0a60339c-ab7a-4990-be0e-11b43ccc0c65	GET	/info	http://localhost:8080
04/24/2024	00:04:29	5b916b3d-4e40-44e8-a466-4cab89caddad	OPTIONS	/charcer	http://localhost:8080
04/24/2024	00:04:46	a4645730-3f6a-462a-80e5-a33ef50c4c9e	GET	/charcer	http://localhost:8080
04/24/2024	00:04:64	09568e28-c398-426e-9fad-c840878b0c5b	OPTIONS	/users	http://localhost:8080
04/24/2024	00:04:81	3bed9788-23a2-4611-922d-baa1331245eb	GET	/users	http://localhost:8080
04/24/2024	00:04:99	19626c05-f72e-4919-bc29-3d724a7aa9a9	OPTIONS	/storage_equipment	http://localhost:8080
04/24/2024	00:04:17	bd1d8237-1107-40c1-b795-725895fe9e6c	GET	/storage_equipment	http://localhost:8080
04/24/2024	00:04:35	c993d5b1-e7ab-4ab8-8f97-f98bc4cb4e0f	OPTIONS	/type_of_storage	http://localhost:8080
04/24/2024	00:04:52	eb09431e-b72e-44ca-bdad-410b5ff4bb68	GET	/type_of_storage	http://localhost:8080
04/24/2024	00:04:69	5d8b19ef-f672-4698-b431-4251388c3bf8	OPTIONS	/swap_body	http://localhost:8080
04/24/2024	00:04:87	56e075d5-064b-40e3-8def-7bb387010971	GET	/swap_body	http://localhost:8080
04/24/2024	00:04:07	6031ce16-8847-4535-9502-0410262b60cd	OPTIONS	/trailer_info	http://localhost:8080
04/24/2024	00:04:24	a7f5196b-4980-45dd-949d-c2553a9175d8	GET	/trailer_info	http://localhost:8080
04/24/2024	00:04:44	3e3d806b-228f-4171-835a-b37c06fa6075	OPTIONS	/load_securing	http://localhost:8080
04/24/2024	00:04:62	fcb96a26-e1d8-47a4-80c8-e014c78c0244	GET	/load_securing	http://localhost:8080
04/24/2024	00:04:82	7e897c55-d970-470f-aca4-108f341244f9	OPTIONS	/type_of_settiement	http://localhost:8080
04/24/2024	00:04:99	50133b49-9bf5-44cc-92eb-9a5070db1b02	GET	/type_of_settiement	http://localhost:8080
04/24/2024	00:04:18	2f9a0862-3153-4f1d-a6fa-4039cd5b9726	GET	/type_of_settiement	http://localhost:8080
04/24/2024	00:04:36	e6554110-6fb3-48d7-b3fe-068f8751bfa0	OPTIONS	/type_of_cargo	http://localhost:8080
04/24/2024	00:04:53	ff69e1fb-e77a-42f4-91bf-162d0d353be3	GET	/type_of_cargo	http://localhost:8080
04/24/2024	00:04:71	4b47c09f-ebd1-4dbe-ab60-b117973cb4ca	OPTIONS	/nature_cargo	http://localhost:8080
04/24/2024	00:04:88	9719fef9-4181-4bbb-beb2-a3a53d01acfb	GET	/nature_cargo	http://localhost:8080
04/24/2024	00:04:06	ef5fa9da-19be-4e44-8890-0855bba394fc	OPTIONS	/type_of_transport	http://localhost:8080
04/24/2024	00:04:23	fbf8c959-8545-4d23-b042-8bc3e3526e3a	GET	/type_of_transport	http://localhost:8080
04/24/2024	00:04:40	84e4bd0c-1522-4e80-b411-ba3cdd744646	OPTIONS	/storage_facilities	http://localhost:8080
04/24/2024	00:04:57	14acdf2b-1dd7-4c04-a401-b901eed33b5c	GET	/storage_facilities	http://localhost:8080
04/24/2024	00:04:74	f169d918-a22d-47ad-b7d9-033edbf43ace	OPTIONS	/available_load	http://localhost:8080
04/24/2024	00:04:91	fafcba5d-2d49-4c6f-85d1-13e7c5969311	GET	/available_load	http://localhost:8080
04/24/2024	00:04:91	d443dee2-aaf5-475e-9393-2fe784f8709c	OPTIONS	/freight	http://localhost:8080
04/24/2024	00:04:13	c4598686-3a69-4351-8895-1d2d59c07f18	GET	/freight	http://localhost:8080
04/24/2024	00:04:31	86190371-0dc7-486d-97b0-42e6f35e58de	POST	/freight_location	http://localhost:8080
04/24/2024	00:04:52	849b8950-a5df-42e0-87ff-91fc5382627a	POST	/contact_details	http://localhost:8080
04/24/2024	00:04:70	d912c3b1-1b8f-4e44-8ef5-7548563539e5	OPTIONS	/contact_details	http://localhost:8080
04/24/2024	00:04:87	466fc6f5-d830-4de0-9e48-ed071cbf0c22	GET	/contact_details	http://localhost:8080
04/24/2024	00:04:06	1e02f772-1b2d-48cc-ac67-6827f9eb72a3	POST	/freight	http://localhost:8080
04/24/2024	00:04:21	6fb26956-cd76-4ed9-af37-fc52d8ca1862	POST	/contact_details	http://localhost:8080
04/24/2024	00:04:39	59670b4c-4c9f-48c5-a61b-51415d08fe15	OPTIONS	/contact_details	http://localhost:8080
04/24/2024	00:04:58	c9e40f60-c7f6-4188-a642-15a1c6c031d5	GET	/contact_details	http://localhost:8080
04/24/2024	00:04:59	cb47377f-fe90-418c-8e74-9a8c85c1d756	OPTIONS	/type_of_vehicle	http://localhost:8080
04/24/2024	00:04:77	8669d9c9-dace-4316-8e4f-7deed6a45406	GET	/type_of_vehicle	http://localhost:8080
04/24/2024	00:04:95	8cba858b-bb18-4530-83b2-9db4a898e641	OPTIONS	/vehicle_equipment	http://localhost:8080
04/24/2024	00:04:12	30eb4a4f-ce51-427b-b5b3-8e8bca1379c5	GET	/vehicle_equipment	http://localhost:8080
04/24/2024	00:04:30	dbdc26e0-4c41-4e68-a1eb-c069f874de3d	OPTIONS	/vehicle_body	http://localhost:8080
04/24/2024	00:04:46	23b669ed-294c-4af9-a956-299e95146ba6	GET	/vehicle_body	http://localhost:8080
04/24/2024	00:04:64	24bb1645-820b-428f-8740-c0fa7678defe	OPTIONS	/info	http://localhost:8080
04/24/2024	00:04:81	58f8391d-7986-40eb-a500-2a04c28584c2	GET	/info	http://localhost:8080
04/24/2024	00:04:99	6468ada8-5f51-4fd6-8727-d24a90331aeb	OPTIONS	/charcer	http://localhost:8080
04/24/2024	00:04:15	5ef2f442-dfbf-4a53-a5ba-bf482c713c4b	GET	/charcer	http://localhost:8080
04/24/2024	00:04:33	5b7f58cc-2711-4ec9-b139-80132e6c995f	OPTIONS	/users	http://localhost:8080
04/24/2024	00:04:50	df9feb07-2360-47a2-93da-4e0141031e77	GET	/users	http://localhost:8080
04/24/2024	00:04:68	72a53b8e-d8b6-4936-a4b0-daffa169dd22	OPTIONS	/storage_equipment	http://localhost:8080
04/24/2024	00:04:84	af331383-d772-4f19-994a-e3292db01372	GET	/storage_equipment	http://localhost:8080
04/24/2024	00:04:02	34f9addd-c008-4d0d-b876-6e87b3352f36	OPTIONS	/type_of_storage	http://localhost:8080
04/24/2024	00:04:19	e22b4cd4-b7b7-4bfb-8396-66f15946b06c	GET	/type_of_storage	http://localhost:8080
04/24/2024	00:04:37	e939ec3f-63fc-46bd-b99e-20bd98d9419e	OPTIONS	/swap_body	http://localhost:8080
04/24/2024	00:04:54	5fad68ce-e5f6-40d4-9bd9-a42d7b8e69f1	GET	/swap_body	http://localhost:8080
04/24/2024	00:04:72	08764a1e-5e7b-4980-8202-5d550e24354e	OPTIONS	/trailer_info	http://localhost:8080
04/24/2024	00:04:88	9b563364-c701-4fc9-b1df-0f7675086c20	GET	/trailer_info	http://localhost:8080
04/24/2024	00:04:06	4710e176-adb0-4a7c-bd4c-61213c8ca067	OPTIONS	/load_securing	http://localhost:8080
04/24/2024	00:04:23	fee69914-ec51-4389-8ce1-af9a26025d4d	GET	/load_securing	http://localhost:8080
04/24/2024	00:04:40	7e3c818f-3d75-4ab3-9e1e-79133c4f09eb	OPTIONS	/type_of_settiement	http://localhost:8080
04/24/2024	00:04:56	9a85d10c-c418-4575-8890-3c0d2a814d28	GET	/type_of_settiement	http://localhost:8080
04/24/2024	00:04:74	a5c07a5b-dc49-4388-8be1-4ae72fafd910	GET	/type_of_settiement	http://localhost:8080
04/24/2024	00:04:92	5d04ec70-fa33-46c8-857e-5a062c4e4c20	OPTIONS	/type_of_cargo	http://localhost:8080
04/24/2024	00:04:08	00a1f02f-147e-474b-a5df-ca1eb1a17110	GET	/type_of_cargo	http://localhost:8080
04/24/2024	00:04:26	d95ed005-6dab-47d9-8be4-3ec30aad504a	OPTIONS	/nature_cargo	http://localhost:8080
04/24/2024	00:04:42	6405e4e1-026d-463b-a83c-43313d23a1a9	GET	/nature_cargo	http://localhost:8080
04/24/2024	00:04:61	acb2445d-2e3b-4169-9a43-dffe24144eb6	OPTIONS	/type_of_transport	http://localhost:8080
04/24/2024	00:04:78	42a445a4-f3e2-4fbe-afdb-04bb1fb863ab	GET	/type_of_transport	http://localhost:8080
04/24/2024	00:04:95	b06d0dea-62ac-4ee5-bb89-f0e4d74f747e	OPTIONS	/storage_facilities	http://localhost:8080
04/24/2024	00:04:11	4082be74-920c-451d-9577-aa95fa7588ba	GET	/storage_facilities	http://localhost:8080
04/24/2024	00:04:30	d759e39c-8cf6-4dc6-aebe-737ae21d363b	OPTIONS	/available_load	http://localhost:8080
04/24/2024	00:04:46	6bde5dd2-2ac6-48a1-97ba-9495860f744e	GET	/available_load	http://localhost:8080
04/24/2024	00:04:01	e8d6f82f-06ee-48d9-9fde-bc66e356334b	POST	/contact_details	http://localhost:8080
04/24/2024	00:04:19	ae7709e1-ecaf-48aa-983b-49fe61b13727	OPTIONS	/contact_details	http://localhost:8080
04/24/2024	00:04:36	fb04ae34-a15c-4161-b104-e6f589fed3bb	GET	/contact_details	http://localhost:8080
04/24/2024	00:04:00	0b70a025-2ffa-454e-b566-748cf7ac4752	POST	/contact_details	undefined
04/24/2024	00:04:55	02c14886-7769-4d65-9fe0-22681ce2abc4	POST	/contact_details	undefined
04/24/2024	00:04:30	9af2aa80-6c97-465d-8cfc-686a54054b76	POST	/contact_details	undefined
04/24/2024	00:04:78	196f961a-8dff-4523-9f59-55a5397f21b0	POST	/contact_details	undefined
04/24/2024	00:04:64	840b4af1-d01f-4d1a-a6bd-153fe519e399	OPTIONS	/type_of_vehicle	http://localhost:8080
04/24/2024	00:04:82	a027d789-3ff7-49f7-8872-32941e7690d6	GET	/type_of_vehicle	http://localhost:8080
04/24/2024	00:04:02	44cc0438-d15f-4d79-bdec-38def9a53bb7	OPTIONS	/vehicle_equipment	http://localhost:8080
04/24/2024	00:04:18	a4cc655c-b745-4ec7-9221-4d56358c84e5	GET	/vehicle_equipment	http://localhost:8080
04/24/2024	00:04:36	6086c52c-6080-479a-8fca-7e03bd2147f8	OPTIONS	/vehicle_body	http://localhost:8080
04/24/2024	00:04:53	9edfaa8b-dc83-4703-999a-ed24b0c09b3e	GET	/vehicle_body	http://localhost:8080
04/24/2024	00:04:73	87af9176-818e-499c-a5ab-4432ade370e9	OPTIONS	/info	http://localhost:8080
04/24/2024	00:04:89	028331b5-cf86-43b6-b949-a3456b12f0f8	GET	/info	http://localhost:8080
04/24/2024	00:04:07	4f4c540c-4d8c-4358-94c7-fb48fda4a97d	OPTIONS	/charcer	http://localhost:8080
04/24/2024	00:04:24	e28861c8-f6af-47b1-a066-2898c99ae49b	GET	/charcer	http://localhost:8080
04/24/2024	00:04:41	3db57861-0a49-494c-9e11-e828b41ed0e9	OPTIONS	/users	http://localhost:8080
04/24/2024	00:04:58	3f6985a6-1b77-47c8-bf1b-1ee71247cbfb	GET	/users	http://localhost:8080
04/24/2024	00:04:76	af2d5b00-ff66-4a39-980c-28f215781135	OPTIONS	/storage_equipment	http://localhost:8080
04/24/2024	00:04:92	893d9d20-5ece-4df2-aabc-1fc3c657fcad	GET	/storage_equipment	http://localhost:8080
04/24/2024	00:04:09	0111e7f3-7b56-429c-851e-b51698b35abb	OPTIONS	/type_of_storage	http://localhost:8080
04/24/2024	00:04:26	5e93f5c2-a164-428e-a3e9-5baa39f60000	GET	/type_of_storage	http://localhost:8080
04/24/2024	00:04:44	9c0bbb43-cb0a-42eb-83d3-7eec82678d08	OPTIONS	/swap_body	http://localhost:8080
04/24/2024	00:04:60	363ad32a-03c3-4849-b870-0d68fd969d35	GET	/swap_body	http://localhost:8080
04/24/2024	00:04:78	38e8d127-08f0-4f8a-9102-5351a9342bbb	OPTIONS	/trailer_info	http://localhost:8080
04/24/2024	00:04:95	dd3c9166-e942-4ee9-a7e2-659b54984588	GET	/trailer_info	http://localhost:8080
04/24/2024	00:04:13	c3fa1e7a-bf2d-4aa8-bab2-d323fee7b03b	OPTIONS	/load_securing	http://localhost:8080
04/24/2024	00:04:29	4d2a9da5-160b-4ee7-ac7d-908810208b73	GET	/load_securing	http://localhost:8080
04/24/2024	00:04:46	6bda5190-2509-4415-a548-64ea3cb0a319	OPTIONS	/type_of_settiement	http://localhost:8080
04/24/2024	00:04:63	b1c763cf-3a4e-43a1-a8e5-5aeb7a1d28f6	GET	/type_of_settiement	http://localhost:8080
04/24/2024	00:04:80	1cc266cf-cc60-4eec-ae8b-66033077ed47	GET	/type_of_settiement	http://localhost:8080
04/24/2024	00:04:98	7e7707cd-6f83-48c9-95ba-db870d3794f7	OPTIONS	/type_of_cargo	http://localhost:8080
04/24/2024	00:04:14	355d40a1-3d47-4475-b73c-3c1464a11705	GET	/type_of_cargo	http://localhost:8080
04/24/2024	00:04:31	5afff84b-5fb6-406b-b088-3ad93d69038c	OPTIONS	/nature_cargo	http://localhost:8080
04/24/2024	00:04:48	20202218-b488-4a3e-b43e-f141191246fa	GET	/nature_cargo	http://localhost:8080
04/24/2024	00:04:65	bc70d0a6-98d8-4868-9d03-bc87eca69932	OPTIONS	/type_of_transport	http://localhost:8080
04/24/2024	00:04:81	0278d7ce-4c68-41b6-a3dc-f1a19c8c3ac5	GET	/type_of_transport	http://localhost:8080
04/24/2024	00:04:99	93435546-5f5a-416f-8f0e-c53008fe4296	OPTIONS	/storage_facilities	http://localhost:8080
04/24/2024	00:04:15	390379d3-9a91-4c19-8177-bf56d3f7b954	GET	/storage_facilities	http://localhost:8080
04/24/2024	00:04:33	5751416a-091c-492d-9a8a-f9d8e65eeb87	OPTIONS	/available_load	http://localhost:8080
04/24/2024	00:04:49	17c538dc-67dd-4fdd-9448-09a6b41a0d9a	GET	/available_load	http://localhost:8080
04/24/2024	00:04:10	516e7b20-115d-4bba-8109-319e3c189e3e	OPTIONS	/contact_details	http://localhost:8080
04/24/2024	00:04:27	45a7b3b7-2687-47ca-b47b-0782d16f4ce6	POST	/contact_details	http://localhost:8080
04/24/2024	00:04:46	bc2d3416-435e-437e-9f58-7c2048730fbb	GET	/contact_details	http://localhost:8080
04/24/2024	00:04:56	0fb59539-45a5-447a-a8f2-d56e2fe345a4	OPTIONS	/contact_details	http://localhost:8080
04/24/2024	00:04:73	67cc4d3f-1eda-4421-bfea-896a7ccea19a	POST	/contact_details	http://localhost:8080
04/24/2024	00:04:90	3aca9fa3-2ca9-456d-943f-dc9c9eda3127	GET	/contact_details	http://localhost:8080
04/24/2024	00:04:49	c1162c7f-e3a4-431f-a23a-36dbfbb7a9d8	OPTIONS	/type_of_vehicle	http://localhost:8080
04/24/2024	00:04:66	45c33bac-df10-4b31-afbf-409f317be5bb	GET	/type_of_vehicle	http://localhost:8080
04/24/2024	00:04:86	12a19e0b-99f0-4d4c-bb8b-dde1a7dfb455	OPTIONS	/vehicle_equipment	http://localhost:8080
04/24/2024	00:04:02	6f28d6c3-3189-4c12-b567-bf9875459e8a	GET	/vehicle_equipment	http://localhost:8080
04/24/2024	00:04:20	36e64ea2-310c-41ef-9962-64bd9c16bc95	OPTIONS	/vehicle_body	http://localhost:8080
04/24/2024	00:04:37	98dbb794-7154-4a0d-bd7b-0f74a2ee6fae	GET	/vehicle_body	http://localhost:8080
04/24/2024	00:04:54	e40ee581-5ed1-4bb4-b6cb-1c00575dc581	OPTIONS	/info	http://localhost:8080
04/24/2024	00:04:70	e377b7e4-3e59-48d6-8841-69481eef1378	GET	/info	http://localhost:8080
04/24/2024	00:04:88	4c641ef8-dec4-4399-ae31-510e9098efde	OPTIONS	/charcer	http://localhost:8080
04/24/2024	00:04:04	beb41043-99a1-4c7c-9770-a1edb487ccbb	GET	/charcer	http://localhost:8080
04/24/2024	00:04:21	ff994a3d-805e-4eb3-9aa2-91206543d139	OPTIONS	/users	http://localhost:8080
04/24/2024	00:04:38	a19aa3bb-941d-4ae0-9782-89f4e08d8346	GET	/users	http://localhost:8080
04/24/2024	00:04:54	5d86f378-8514-47ad-9592-bdd7a8131b0d	OPTIONS	/storage_equipment	http://localhost:8080
04/24/2024	00:04:71	6eb61349-fe22-4ca8-8cb1-b9162096b5c9	GET	/storage_equipment	http://localhost:8080
04/24/2024	00:04:88	15d00f76-dbca-4537-8f4e-333884d58bda	OPTIONS	/type_of_storage	http://localhost:8080
04/24/2024	00:04:04	4fb42bcc-c4e1-4527-bb7e-498b74944751	GET	/type_of_storage	http://localhost:8080
04/24/2024	00:04:23	7994fecb-c4c9-40cc-b707-6feec6a5b2bb	OPTIONS	/swap_body	http://localhost:8080
04/24/2024	00:04:40	d1a84faa-5673-40d0-bbbf-59acf119c01d	GET	/swap_body	http://localhost:8080
04/24/2024	00:04:58	4acfcc63-698b-4cf1-bb8e-fd538dd65233	OPTIONS	/trailer_info	http://localhost:8080
04/24/2024	00:04:74	e5c4ea0d-0e94-4f0b-a9a3-50f50f2cb8c4	GET	/trailer_info	http://localhost:8080
04/24/2024	00:04:93	4bb27a60-7bdd-4f0c-b6a5-52ee91f55f15	OPTIONS	/load_securing	http://localhost:8080
04/24/2024	00:04:09	defc713d-2020-4948-8c55-74c2a337c034	GET	/load_securing	http://localhost:8080
04/24/2024	00:04:27	18beb06e-ec32-4166-9404-a59d128558d3	OPTIONS	/type_of_settiement	http://localhost:8080
04/24/2024	00:04:43	e98e9c59-189c-4bcf-a593-b7630e84dc82	GET	/type_of_settiement	http://localhost:8080
04/24/2024	00:04:61	281815f7-75e9-4f33-ab47-e87f06f5ea22	GET	/type_of_settiement	http://localhost:8080
04/24/2024	00:04:79	b66a4259-48c1-4973-bec8-8dc25dbc7587	OPTIONS	/type_of_cargo	http://localhost:8080
04/24/2024	00:04:96	9a38f418-d9e0-4cbe-9b3f-ccff47ebd7a5	GET	/type_of_cargo	http://localhost:8080
04/24/2024	00:04:12	39786549-5d68-4eb8-aab2-001c6890d418	OPTIONS	/nature_cargo	http://localhost:8080
04/24/2024	00:04:29	6251f5d8-1b07-46f4-bc61-fd82f4d42993	GET	/nature_cargo	http://localhost:8080
04/24/2024	00:04:45	c0b74764-8563-458a-bde2-b2a8108497da	OPTIONS	/type_of_transport	http://localhost:8080
04/24/2024	00:04:62	5160917e-688e-4ec7-9c7b-fe5bfb55127e	GET	/type_of_transport	http://localhost:8080
04/24/2024	00:04:79	d9081447-50e6-4657-b76a-ef9907206d47	OPTIONS	/storage_facilities	http://localhost:8080
04/24/2024	00:04:96	1cdbc508-0e6a-4711-ba76-f56927340997	GET	/storage_facilities	http://localhost:8080
04/24/2024	00:04:14	57b0f5fd-10f6-4db8-8bfb-4424b9bd6c32	OPTIONS	/available_load	http://localhost:8080
04/24/2024	00:04:31	78a8af06-bc46-41f0-8de8-24ea1e606c19	GET	/available_load	http://localhost:8080
04/24/2024	00:04:74	373f1ccb-7a91-4557-b8e9-20544e5439c1	OPTIONS	/freight	http://localhost:8080
04/24/2024	00:04:91	54c69411-ca75-42cd-9aa9-98096508bbe9	GET	/freight	http://localhost:8080
04/24/2024	00:04:10	04298dc5-6903-463b-9680-1b3f8526e2b5	OPTIONS	/freight_location	http://localhost:8080
04/24/2024	00:04:27	9e2897ff-f7de-470f-acd2-0afc4aa02e0d	POST	/freight_location	http://localhost:8080
04/24/2024	00:04:46	2012a25c-daa9-4972-844a-94b8bde83a52	OPTIONS	/contact_details	http://localhost:8080
04/24/2024	00:04:63	7e71bebd-1d32-4d7f-9148-0667fa757921	POST	/contact_details	http://localhost:8080
04/24/2024	00:04:81	c6b88351-a5b3-4051-ad9e-7d5a0d83967c	GET	/contact_details	http://localhost:8080
04/24/2024	00:04:22	8afa8aa3-530b-41d1-8eb7-3d645ac6652c	OPTIONS	/type_of_vehicle	http://localhost:8080
04/24/2024	00:04:39	78737afc-6006-4828-b9d5-832646346244	GET	/type_of_vehicle	http://localhost:8080
04/24/2024	00:04:57	2902b7ab-352d-41e1-b200-d920c55ba360	OPTIONS	/vehicle_equipment	http://localhost:8080
04/24/2024	00:04:73	fdfe5c7e-3e13-43c0-920d-36d97696c925	GET	/vehicle_equipment	http://localhost:8080
04/24/2024	00:04:91	96beca42-e666-46b6-a498-d78d24569164	OPTIONS	/vehicle_body	http://localhost:8080
04/24/2024	00:04:07	ff4a6315-53de-4347-a52a-83681c9dff40	GET	/vehicle_body	http://localhost:8080
04/24/2024	00:04:25	04c435a6-2140-46b0-b8f5-329459bf0a7b	OPTIONS	/info	http://localhost:8080
04/24/2024	00:04:42	fdc4bf32-10c9-41f4-8bae-6429cb74d91f	GET	/info	http://localhost:8080
04/24/2024	00:04:59	b6aff698-3055-42f2-90c7-20364ece2ad1	OPTIONS	/charcer	http://localhost:8080
04/24/2024	00:04:75	86618764-e4d3-4cd1-9502-c27fea70923e	GET	/charcer	http://localhost:8080
04/24/2024	00:04:94	ef76f590-863f-48e7-9321-0f64331f4881	OPTIONS	/users	http://localhost:8080
04/24/2024	00:04:10	80ff010f-7cac-4f73-824c-f8ba7c6c422a	GET	/users	http://localhost:8080
04/24/2024	00:04:28	4ed88bd1-e7b4-4cf9-bb10-56382e4b79f4	OPTIONS	/storage_equipment	http://localhost:8080
04/24/2024	00:04:45	412cce8f-919b-4b91-8585-588408b2fd4a	GET	/storage_equipment	http://localhost:8080
04/24/2024	00:04:62	6e9edb96-dff4-4c95-99e3-39c15ea93c25	OPTIONS	/type_of_storage	http://localhost:8080
04/24/2024	00:04:78	ba1306f4-f3af-4f2c-ac95-f4a3c2fe70b3	GET	/type_of_storage	http://localhost:8080
04/24/2024	00:04:96	02f9013f-6ed0-420e-b160-0cd8e9c1af7e	OPTIONS	/swap_body	http://localhost:8080
04/24/2024	00:04:12	49271bb2-d215-4b2a-aa5a-85d82bce58d1	GET	/swap_body	http://localhost:8080
04/24/2024	00:04:30	e14f66c4-666b-466e-bbc2-ea233ebdb697	OPTIONS	/trailer_info	http://localhost:8080
04/24/2024	00:04:46	a78ae397-c876-4725-83a3-56426431af8b	GET	/trailer_info	http://localhost:8080
04/24/2024	00:04:63	aede6d92-dc78-4c5b-9768-b3bdf9f6b1a1	OPTIONS	/load_securing	http://localhost:8080
04/24/2024	00:04:80	97e4ca88-e76d-4cf3-9527-136920be8c5a	GET	/load_securing	http://localhost:8080
04/24/2024	00:04:97	4023022b-a0e0-4001-b19c-40cb94052278	OPTIONS	/type_of_settiement	http://localhost:8080
04/24/2024	00:04:13	fe01cb4a-73c9-487b-9914-f8528d21ca2c	GET	/type_of_settiement	http://localhost:8080
04/24/2024	00:04:30	55663f16-735f-473f-9cf6-75f3cf1968a4	GET	/type_of_settiement	http://localhost:8080
04/24/2024	00:04:48	2eb03c1a-2a94-42c0-94a4-e660341cd26f	OPTIONS	/type_of_cargo	http://localhost:8080
04/24/2024	00:04:65	146d8160-ecbe-45cc-8d88-56daf7f77f51	GET	/type_of_cargo	http://localhost:8080
04/24/2024	00:04:82	e3e243d9-dfe5-4448-b79c-289e6dc7143a	OPTIONS	/nature_cargo	http://localhost:8080
04/24/2024	00:04:99	8376f7e9-9b82-4978-84dc-fd3a85ef9afd	GET	/nature_cargo	http://localhost:8080
04/24/2024	00:04:16	a2ff0bb6-0385-4a46-a388-c62a50f386a9	OPTIONS	/type_of_transport	http://localhost:8080
04/24/2024	00:04:33	c2dc8828-5c82-43b4-85d9-22961725051f	GET	/type_of_transport	http://localhost:8080
04/24/2024	00:04:50	3ebcd6b7-2041-4528-874a-2a8560c06b93	OPTIONS	/storage_facilities	http://localhost:8080
04/24/2024	00:04:67	587b6b87-8957-41e4-b2b6-46ac70c462c7	GET	/storage_facilities	http://localhost:8080
04/24/2024	00:04:84	7109433e-d237-4523-88f5-140e681c6f69	OPTIONS	/available_load	http://localhost:8080
04/24/2024	00:04:03	6bdda096-1478-48a0-83e8-443fc14ebc61	GET	/available_load	http://localhost:8080
04/24/2024	00:04:71	3afe3344-9d89-4c22-a327-623db4efd5b4	GET	/contact_details	undefined
04/24/2024	00:04:94	50ac994c-f5fa-4fef-9db4-3065fd3e72d3	OPTIONS	/freight	http://localhost:8080
04/24/2024	00:04:10	e0a12910-6355-423c-a6a3-81deaedecded	GET	/freight	http://localhost:8080
04/24/2024	00:04:28	7fe16265-7201-4163-a666-cfb5e639dd46	OPTIONS	/freight_location	http://localhost:8080
04/24/2024	00:04:44	f3e7051a-f463-4044-a4c1-a9c03ffc5e8b	POST	/freight_location	http://localhost:8080
04/24/2024	00:04:62	037f5e57-f3db-4b13-9a81-96c511a5e811	OPTIONS	/contact_details	http://localhost:8080
04/24/2024	00:04:78	6424691e-c4d0-49d4-aa6f-a04a75c22467	POST	/contact_details	http://localhost:8080
04/24/2024	00:04:96	cd5c55a7-d651-4fb7-bf6d-f57ce53cd03b	GET	/contact_details	http://localhost:8080
04/24/2024	00:04:13	0759d8a1-8617-4bce-abb7-94e217b1b0e2	OPTIONS	/freight	http://localhost:8080
04/24/2024	00:04:29	a965cc07-e1f2-4fd2-b5aa-86d2e6b02d6d	POST	/freight	http://localhost:8080
04/24/2024	00:04:03	3702e7d0-620e-4271-a100-74d8c18a4f87	GET	/contact_details	undefined
04/24/2024	00:04:26	7db65f75-bba0-4e93-8e3c-d98a9e000a72	OPTIONS	/freight_location	http://localhost:8080
04/24/2024	00:04:43	72acb931-3afe-4628-9df2-2b29a0f553e2	POST	/freight_location	http://localhost:8080
04/24/2024	00:04:60	07d871e3-2663-4ec1-b6f2-364e6b3bc889	OPTIONS	/contact_details	http://localhost:8080
04/24/2024	00:04:76	98a7fd5a-4b66-40b0-9fad-ad84b6dfb565	POST	/contact_details	http://localhost:8080
04/24/2024	00:04:94	4ccba42f-1ad7-43d6-ac52-68fd884b31a7	GET	/contact_details	http://localhost:8080
04/24/2024	00:04:13	a9084d2c-ea74-4df3-96e0-ed5ef403c3aa	OPTIONS	/freight	http://localhost:8080
04/24/2024	00:04:29	dfb9bb46-899d-458c-bed1-b08488e37b4d	POST	/freight	http://localhost:8080
04/24/2024	00:04:01	eabff2f2-61ee-4b84-8906-85a3aa5707b7	GET	/contact_details	undefined
04/24/2024	00:04:70	5ec03ebd-229e-4a81-905f-9226afcffa6c	GET	/freight	undefined
04/24/2024	00:04:33	6d275dfa-a793-4b5b-979b-637b2a5704fc	OPTIONS	/freight_location	http://localhost:8080
04/24/2024	00:04:50	6d30dea5-8d35-446e-9e96-3afd84583bc4	POST	/freight_location	http://localhost:8080
04/24/2024	00:04:68	f221e6bf-541b-482d-b881-c373984aafc3	OPTIONS	/contact_details	http://localhost:8080
04/24/2024	00:04:85	4eb64351-468c-42b5-88ce-6a4a80a483f9	POST	/contact_details	http://localhost:8080
04/24/2024	00:04:02	188ccc10-a872-47ab-a07c-d22068757a43	GET	/contact_details	http://localhost:8080
04/24/2024	00:04:21	31766e29-bbe2-4483-8b90-51728964d6cc	OPTIONS	/freight	http://localhost:8080
04/24/2024	00:04:38	aec65079-5443-4d5b-b8a5-26de6268885b	POST	/freight	http://localhost:8080
04/24/2024	00:04:88	c3461bd0-5226-4c15-8a27-3bf3db8a8e12	OPTIONS	/freight_location	http://localhost:8080
04/24/2024	00:04:04	babafd79-3c8e-4d77-b7bc-3d890d57b09c	POST	/freight_location	http://localhost:8080
04/24/2024	00:04:32	1083ec83-27dc-4b29-93d3-db930f3cefcf	OPTIONS	/contact_details	http://localhost:8080
04/24/2024	00:04:48	445fbe16-5189-475f-9965-efd89da88e8f	POST	/contact_details	http://localhost:8080
04/24/2024	00:04:70	2c437f15-ca5f-4a2e-b38c-8eb6068ba110	GET	/contact_details	http://localhost:8080
04/24/2024	00:04:89	3efae57d-c0ec-4a38-bb40-b981aa565d5b	OPTIONS	/freight	http://localhost:8080
04/24/2024	00:04:05	f4c21958-d9c9-4628-ac0f-a544c82ab14e	POST	/freight	http://localhost:8080
04/24/2024	00:04:52	b2675f00-1f79-4ef3-b7dc-8afe026bf888	GET	/contact_details	undefined
04/24/2024	00:04:35	c3222802-7351-414d-b66e-020902569510	POST	/freight	undefined
04/24/2024	00:04:57	39a8d339-d315-4734-afa0-ca71b377ea96	POST	/freight	undefined
04/24/2024	01:04:79	77b7cf85-2f4d-453f-bfde-14c652b4fbcc	GET	/contact_person	undefined
04/24/2024	01:04:48	468afb98-31da-4c3a-8c93-731bea69aef0	GET	/vehicle	undefined
04/24/2024	01:04:67	409ed176-b5dc-49b7-aac5-5cabb36e6dae	POST	/vehicle	undefined
04/24/2024	01:04:51	fb731239-2004-496d-8fb9-3f7c0e0d7238	OPTIONS	/type_of_vehicle	http://localhost:8080
04/24/2024	01:04:68	4675560c-7896-4a22-8f1e-52c343a932ad	GET	/type_of_vehicle	http://localhost:8080
04/24/2024	01:04:87	2b7f1c38-d695-40ff-a341-f3ddef41167a	OPTIONS	/vehicle_equipment	http://localhost:8080
04/24/2024	01:04:03	5df7638f-417d-4219-bfd2-c4de15f44726	GET	/vehicle_equipment	http://localhost:8080
04/24/2024	01:04:20	79ec73b5-02c3-4872-8a65-d326835eb643	OPTIONS	/vehicle_body	http://localhost:8080
04/24/2024	01:04:36	368b1f6e-4358-41e9-84ec-23c8a3c59f13	GET	/vehicle_body	http://localhost:8080
04/24/2024	01:04:53	ce316ecf-4c01-4e85-a609-b280089520ea	OPTIONS	/info	http://localhost:8080
04/24/2024	01:04:69	efeda7d2-0ff2-47dc-8fff-bfeb8b61b7b9	GET	/info	http://localhost:8080
04/24/2024	01:04:86	04373097-fc49-4ba4-affe-53b0feb73510	OPTIONS	/charcer	http://localhost:8080
04/24/2024	01:04:02	ab9f5e6b-7903-45dc-ad3f-ed1207dae83a	GET	/charcer	http://localhost:8080
04/24/2024	01:04:19	21848ab4-8013-4561-8bc6-29cf99246f4c	OPTIONS	/users	http://localhost:8080
04/24/2024	01:04:35	a0926ec4-6c93-4d69-9642-91d3e86fca4f	GET	/users	http://localhost:8080
04/24/2024	01:04:52	49369f61-e0f5-4cc8-9ab9-9b2a8b31d6f4	OPTIONS	/storage_equipment	http://localhost:8080
04/24/2024	01:04:67	5abaabfb-f67c-4dde-8d98-1d4d952fb90f	GET	/storage_equipment	http://localhost:8080
04/24/2024	01:04:84	0a9c3ea8-5171-4859-94f1-7915c9c3883e	OPTIONS	/type_of_storage	http://localhost:8080
04/24/2024	01:04:00	42315a42-8d74-4abd-8c46-4b91feff61d7	GET	/type_of_storage	http://localhost:8080
04/24/2024	01:04:17	43f10be9-32ec-4c20-8c16-438077c92367	OPTIONS	/swap_body	http://localhost:8080
04/24/2024	01:04:33	61a0395a-a5f7-42b9-9bcd-12cac873bbcc	GET	/swap_body	http://localhost:8080
04/24/2024	01:04:50	84b1b493-e4c3-475c-9bf1-0500c6fc4d98	OPTIONS	/trailer_info	http://localhost:8080
04/24/2024	01:04:66	56e5b616-49f5-4ebc-bc2b-ffc2634d792c	GET	/trailer_info	http://localhost:8080
04/24/2024	01:04:83	efc839b3-06a3-410f-b9f1-0a4ee14b1d19	OPTIONS	/load_securing	http://localhost:8080
04/24/2024	01:04:99	93cf1496-f39c-48ee-8215-01047a1e3f38	GET	/load_securing	http://localhost:8080
04/24/2024	01:04:15	227c9c5a-5c8d-4c6c-b1ca-2a9eb391297e	OPTIONS	/type_of_settiement	http://localhost:8080
04/24/2024	01:04:31	3a695165-ced6-42f5-b59f-04f862c73caf	GET	/type_of_settiement	http://localhost:8080
04/24/2024	01:04:48	f14a6274-5ac5-4ae6-b9e9-83818e772dd7	GET	/type_of_settiement	http://localhost:8080
04/24/2024	01:04:65	153efdac-9f0b-40f5-9818-2e0a68f86ac3	OPTIONS	/type_of_cargo	http://localhost:8080
04/24/2024	01:04:81	40e2a451-4045-4229-9483-d41cb283ccc5	GET	/type_of_cargo	http://localhost:8080
04/24/2024	01:04:98	054a1059-ce73-4397-a5a0-5424935273fd	OPTIONS	/nature_cargo	http://localhost:8080
04/24/2024	01:04:14	83387cde-1f60-4dd1-8394-66bbb87b3b84	GET	/nature_cargo	http://localhost:8080
04/24/2024	01:04:30	be69f372-90f5-45fd-914b-98b7d2a953ca	OPTIONS	/type_of_transport	http://localhost:8080
04/24/2024	01:04:47	0fb9a269-ee35-4648-91f9-736ffdcfa4ab	GET	/type_of_transport	http://localhost:8080
04/24/2024	01:04:64	06c62ca4-2316-4e76-b42f-ff732aa7dbcf	OPTIONS	/storage_facilities	http://localhost:8080
04/24/2024	01:04:80	945fe9d5-55eb-45d9-af9d-a7f4be1304ec	GET	/storage_facilities	http://localhost:8080
04/24/2024	01:04:97	8464eaa8-a01e-4123-8d10-b2a01dd8c9fc	OPTIONS	/available_load	http://localhost:8080
04/24/2024	01:04:13	2b84c764-f1b3-45c9-828e-994f25b889f2	GET	/available_load	http://localhost:8080
04/24/2024	01:04:08	b649bc45-ee19-4ff0-8336-a2bcd3988f29	OPTIONS	/type_of_vehicle	http://localhost:8080
04/24/2024	01:04:25	fff16eda-f981-40a5-8bad-10380ad0433e	GET	/type_of_vehicle	http://localhost:8080
04/24/2024	01:04:47	13625b5a-7d43-487d-a532-c47ab7233fd6	OPTIONS	/vehicle_equipment	http://localhost:8080
04/24/2024	01:04:64	1a82b55a-99c8-48f4-a41a-45f093b806e4	GET	/vehicle_equipment	http://localhost:8080
04/24/2024	01:04:82	e10a4b10-fffa-4874-b748-b7a2f810c5b3	OPTIONS	/vehicle_body	http://localhost:8080
04/24/2024	01:04:99	b7cb9cba-f488-4e8b-93a4-3d753cbeda69	GET	/vehicle_body	http://localhost:8080
04/24/2024	01:04:16	f0fccffc-3228-4f1c-a1cc-62c0d83f6505	OPTIONS	/info	http://localhost:8080
04/24/2024	01:04:33	da393001-538d-4bf1-b957-4e2eae083f84	GET	/info	http://localhost:8080
04/24/2024	01:04:52	abe33f14-de68-4d44-9f12-410f820589fe	OPTIONS	/charcer	http://localhost:8080
04/24/2024	01:04:69	d65971d6-dcaf-4690-bdfb-e5412242a309	GET	/charcer	http://localhost:8080
04/24/2024	01:04:87	0818e016-3536-42af-a2cd-1f864271f833	OPTIONS	/users	http://localhost:8080
04/24/2024	01:04:03	2e2490dd-d57a-41fe-a594-9af46e52096c	GET	/users	http://localhost:8080
04/24/2024	01:04:21	97119eb5-0a28-4acc-8335-a020dfe083bc	OPTIONS	/storage_equipment	http://localhost:8080
04/24/2024	01:04:38	a92feeba-97aa-4ea2-b487-8438bddb27cf	GET	/storage_equipment	http://localhost:8080
04/24/2024	01:04:57	b468c24c-2efa-4f6f-8bf8-e05eec797d1c	OPTIONS	/type_of_storage	http://localhost:8080
04/24/2024	01:04:75	b4ef2289-8dff-4b93-ac24-1c2278a859c0	GET	/type_of_storage	http://localhost:8080
04/24/2024	01:04:92	460f04cd-2641-407d-a8bd-243096109a46	OPTIONS	/swap_body	http://localhost:8080
04/24/2024	01:04:10	a5c466b3-b28a-4cf1-b12f-52871bad1b18	GET	/swap_body	http://localhost:8080
04/24/2024	01:04:29	454f8aea-93b4-4112-98d9-b2e4b281662c	OPTIONS	/trailer_info	http://localhost:8080
04/24/2024	01:04:46	41662e47-7a07-44ba-bc2f-2483387d4933	GET	/trailer_info	http://localhost:8080
04/24/2024	01:04:64	0aa3c147-064c-49e7-83aa-b60032fa83e4	OPTIONS	/load_securing	http://localhost:8080
04/24/2024	01:04:81	2d675979-3609-499c-be0c-16055d36bc7c	GET	/load_securing	http://localhost:8080
04/24/2024	01:04:00	b7e1470e-ce4c-4adf-9ee5-10be379c3848	OPTIONS	/type_of_settiement	http://localhost:8080
04/24/2024	01:04:17	d08a8148-280c-4ae2-ada5-90233f384914	GET	/type_of_settiement	http://localhost:8080
04/24/2024	01:04:36	922d2514-8876-4b36-a43c-3d7e5900152a	GET	/type_of_settiement	http://localhost:8080
04/24/2024	01:04:53	b058c4b7-81f1-46ba-ac0a-a7e8d3ac016c	OPTIONS	/type_of_cargo	http://localhost:8080
04/24/2024	01:04:70	e2dc05e0-403f-43ea-940a-d2f207f4d9a1	GET	/type_of_cargo	http://localhost:8080
04/24/2024	01:04:89	f0c6dde5-708e-435c-9bd8-20f2e5db143e	OPTIONS	/nature_cargo	http://localhost:8080
04/24/2024	01:04:06	6061241e-15d7-4854-8d26-d699c806408a	GET	/nature_cargo	http://localhost:8080
04/24/2024	01:04:23	686530cd-464e-4665-9067-2c5f8cd3494d	OPTIONS	/type_of_transport	http://localhost:8080
04/24/2024	01:04:41	3c327324-195b-4829-95c3-265ebc1af474	GET	/type_of_transport	http://localhost:8080
04/24/2024	01:04:60	660a9afd-74f2-4550-a7fe-adac6a7c22ff	OPTIONS	/storage_facilities	http://localhost:8080
04/24/2024	01:04:77	33e02384-1b87-44f6-98c1-de71dc0e6471	GET	/storage_facilities	http://localhost:8080
04/24/2024	01:04:96	3e093cce-c6d4-4891-9366-5a6bcf52bbde	OPTIONS	/available_load	http://localhost:8080
04/24/2024	01:04:14	342e4fda-88de-4c88-9ce8-0dda63ec1e5a	GET	/available_load	http://localhost:8080
04/24/2024	01:04:52	c6675c15-aa9c-4cd9-8b7f-88b1627e028c	OPTIONS	/contact_details	http://localhost:8080
04/24/2024	01:04:71	6bcbd2ea-343a-42f1-a522-0cb11af9e071	POST	/contact_details	http://localhost:8080
04/24/2024	01:04:52	95cb49fa-0cb4-45b1-b096-282d5cbed799	OPTIONS	/type_of_vehicle	http://localhost:8080
04/24/2024	01:04:70	c49ff2e5-7165-487c-b4d0-8a84a42c8b09	GET	/type_of_vehicle	http://localhost:8080
04/24/2024	01:04:87	49493f1b-d971-41bc-b60c-f65362336998	OPTIONS	/vehicle_equipment	http://localhost:8080
04/24/2024	01:04:04	69144ed3-24e4-42b2-85d4-61f984af06eb	GET	/vehicle_equipment	http://localhost:8080
04/24/2024	01:04:22	7a51e6f9-bfca-49ae-aa31-05b0a3843e83	OPTIONS	/vehicle_body	http://localhost:8080
04/24/2024	01:04:38	27805889-2ac9-42c6-ae18-35605e4ab17a	GET	/vehicle_body	http://localhost:8080
04/24/2024	01:04:56	c2316652-b264-4b5e-8f67-88f69f40f5ee	OPTIONS	/info	http://localhost:8080
04/24/2024	01:04:73	37eaba68-98ea-4069-bd25-4b9e945c5275	GET	/info	http://localhost:8080
04/24/2024	01:04:91	7e609c21-11a6-4597-9e12-03ee11b5d050	OPTIONS	/charcer	http://localhost:8080
04/24/2024	01:04:08	8ed01c7d-0bff-4a63-9e8d-8ef2cea5cf0b	GET	/charcer	http://localhost:8080
04/24/2024	01:04:25	988fd0da-60bf-4a1c-b3b4-f3114a8db6ff	OPTIONS	/users	http://localhost:8080
04/24/2024	01:04:42	3ac9de57-5834-472e-82ef-1034c24f76f2	GET	/users	http://localhost:8080
04/24/2024	01:04:59	cd319116-e938-4918-bcdb-fcba3349ffb5	OPTIONS	/storage_equipment	http://localhost:8080
04/24/2024	01:04:75	a8dc7c93-a9d2-4de0-a61f-e0d6e3941681	GET	/storage_equipment	http://localhost:8080
04/24/2024	01:04:92	f4dbeab4-f40e-417b-bfba-ece237191468	OPTIONS	/type_of_storage	http://localhost:8080
04/24/2024	01:04:09	97bedf40-acdb-4294-aeec-c42a53041149	GET	/type_of_storage	http://localhost:8080
04/24/2024	01:04:26	2646dc14-04ef-45cb-8929-a58dd11abc68	OPTIONS	/swap_body	http://localhost:8080
04/24/2024	01:04:42	52354504-fbba-4f10-9fa2-f351a6462bbc	GET	/swap_body	http://localhost:8080
04/24/2024	01:04:59	cb3721f0-cdf5-4944-985a-69c60a601f50	OPTIONS	/trailer_info	http://localhost:8080
04/24/2024	01:04:75	6a08f51e-3602-4ecd-a8e8-a1d79ed31fe2	GET	/trailer_info	http://localhost:8080
04/24/2024	01:04:93	565eecc3-efba-425d-9f84-23a3bdda0c2d	OPTIONS	/load_securing	http://localhost:8080
04/24/2024	01:04:09	17e6d971-8d94-4ab3-98cd-ac07b8780671	GET	/load_securing	http://localhost:8080
04/24/2024	01:04:27	bec65e23-37c5-406e-a89d-dfa346a52968	OPTIONS	/type_of_settiement	http://localhost:8080
04/24/2024	01:04:43	08d0b877-2aa6-47ce-9164-e3482b8b4d58	GET	/type_of_settiement	http://localhost:8080
04/24/2024	01:04:60	eee72d48-aed7-4443-9cd8-c65fdfd75f62	GET	/type_of_settiement	http://localhost:8080
04/24/2024	01:04:77	e30151cd-41c2-4bf7-832f-08e5059de83a	OPTIONS	/type_of_cargo	http://localhost:8080
04/24/2024	01:04:93	d57ee001-ab8a-42e6-8367-09699731caf9	GET	/type_of_cargo	http://localhost:8080
04/24/2024	01:04:11	7c224a38-b122-45f6-8bcd-b0659f4aa5f0	OPTIONS	/nature_cargo	http://localhost:8080
04/24/2024	01:04:27	8ad8ef3b-02aa-4972-b4da-d6b7d827ef74	GET	/nature_cargo	http://localhost:8080
04/24/2024	01:04:44	7f103b95-7a33-49e3-b807-491f5cf41d2f	OPTIONS	/type_of_transport	http://localhost:8080
04/24/2024	01:04:60	d4c9ce6a-c6b7-404b-bef2-791bfd3e4415	GET	/type_of_transport	http://localhost:8080
04/24/2024	01:04:77	69a79917-ef90-45e0-aaeb-a9b0040ed4f1	OPTIONS	/storage_facilities	http://localhost:8080
04/24/2024	01:04:93	f7869ad5-a9c1-47b0-939e-9ba89141ff77	GET	/storage_facilities	http://localhost:8080
04/24/2024	01:04:11	948afda8-6dcb-436b-bd43-56cc93df1693	OPTIONS	/available_load	http://localhost:8080
04/24/2024	01:04:27	b529bc1e-1fc1-41b4-8d64-1fa851d05df2	GET	/available_load	http://localhost:8080
04/24/2024	01:04:69	c9e87714-5d9e-4edb-9466-f315904561e2	OPTIONS	/contact_details	http://localhost:8080
04/24/2024	01:04:87	889e9a36-ce04-4613-a605-19cb1a3db98f	POST	/contact_details	http://localhost:8080
04/24/2024	01:04:05	6d862020-633d-4c9f-92b8-3cb81b00c6be	GET	/contact_details	http://localhost:8080
04/24/2024	01:04:23	812fd100-e1b7-48d3-a1da-db3490b605f9	OPTIONS	/vehicle	http://localhost:8080
04/24/2024	01:04:40	deb67deb-4b88-416b-a0b2-fda71cc4f3da	POST	/vehicle	http://localhost:8080
04/24/2024	01:04:69	2b9397b3-3775-4cc0-8acc-92acb96e377d	GET	/vehicle	undefined
04/24/2024	01:04:71	179081e3-c803-4f1f-96e0-3fe9ac421f33	OPTIONS	/type_of_vehicle	http://localhost:8080
04/24/2024	01:04:88	a2dc1476-545b-4e6e-88a5-054a629a4e89	GET	/type_of_vehicle	http://localhost:8080
04/24/2024	01:04:05	cabf7f98-7fea-44c5-a87f-34edffc683dd	OPTIONS	/vehicle_equipment	http://localhost:8080
04/24/2024	01:04:21	3653bbaa-0e5e-4924-8ca2-10ae6a598ba1	GET	/vehicle_equipment	http://localhost:8080
04/24/2024	01:04:40	ad213f88-cb52-40e2-b0d0-1d580f1ddc9b	OPTIONS	/vehicle_body	http://localhost:8080
04/24/2024	01:04:58	9400e9a1-c988-4d95-86be-ee7745c849ed	GET	/vehicle_body	http://localhost:8080
04/24/2024	01:04:77	311c2e99-9a9e-4adb-b8e0-f32e4a1bd5fd	OPTIONS	/info	http://localhost:8080
04/24/2024	01:04:93	b6366f42-a833-4c7a-82d0-9515e81c59ca	GET	/info	http://localhost:8080
04/24/2024	01:04:12	3ecb521f-b6b7-46a1-9c98-f31636d23de8	OPTIONS	/charcer	http://localhost:8080
04/24/2024	01:04:28	5a83dbfa-6acb-43d8-8c56-239ca3b79bf2	GET	/charcer	http://localhost:8080
04/24/2024	01:04:46	30d99627-2429-4191-98ee-92f0bc8b3924	OPTIONS	/users	http://localhost:8080
04/24/2024	01:04:63	1bcb1a38-f2ee-4a11-9592-798b8d597489	GET	/users	http://localhost:8080
04/24/2024	01:04:79	be7bba4b-f3c7-45f0-add2-86d4e27768e5	OPTIONS	/storage_equipment	http://localhost:8080
04/24/2024	01:04:96	70c21e0a-6a6e-4b52-abeb-a5cec3e1ed45	GET	/storage_equipment	http://localhost:8080
04/24/2024	01:04:13	2e644402-adcb-4d2c-9e46-fdcb5bf9ee44	OPTIONS	/type_of_storage	http://localhost:8080
04/24/2024	01:04:29	cf772f51-9122-447c-a068-8cd83b486d95	GET	/type_of_storage	http://localhost:8080
04/24/2024	01:04:46	9df869de-eeee-4c3b-b8fd-5e295f15a9b5	OPTIONS	/swap_body	http://localhost:8080
04/24/2024	01:04:62	847cbf78-4ee3-42de-a459-61342a4df55b	GET	/swap_body	http://localhost:8080
04/24/2024	01:04:79	8a9f64bd-8f39-4766-bb5f-3ab2d1f8e9bc	OPTIONS	/trailer_info	http://localhost:8080
04/24/2024	01:04:95	99e06e12-b55b-45b1-aae1-79dbb02adee5	GET	/trailer_info	http://localhost:8080
04/24/2024	01:04:13	53d60c10-fcb7-4cc7-a9a1-adefcbe527c8	OPTIONS	/load_securing	http://localhost:8080
04/24/2024	01:04:29	d61e5b4b-9d90-4b8f-bca4-5c305896c4aa	GET	/load_securing	http://localhost:8080
04/24/2024	01:04:46	072baa1b-92bb-4f0c-9d05-c0da8257c6de	OPTIONS	/type_of_settiement	http://localhost:8080
04/24/2024	01:04:62	4b660533-e3ee-4e28-8b21-f92e24bf7993	GET	/type_of_settiement	http://localhost:8080
04/24/2024	01:04:79	c7144641-ca0d-48af-866d-4c01d14d3250	GET	/type_of_settiement	http://localhost:8080
04/24/2024	01:04:96	0879a7e1-cbcb-4510-8c01-686c67ae5a55	OPTIONS	/type_of_cargo	http://localhost:8080
04/24/2024	01:04:13	261f8d5d-5676-4882-b741-ed8c955b2670	GET	/type_of_cargo	http://localhost:8080
04/24/2024	01:04:29	f298f825-1172-4cc3-9ca2-cdd5c7ee029e	OPTIONS	/nature_cargo	http://localhost:8080
04/24/2024	01:04:46	fe4a4231-cf43-4b57-b135-79b23b278595	GET	/nature_cargo	http://localhost:8080
04/24/2024	01:04:63	5783ccbc-1081-4e48-8072-c04ffc738add	OPTIONS	/type_of_transport	http://localhost:8080
04/24/2024	01:04:80	4e6a0631-9c76-4880-88d6-fd1cf4d05682	GET	/type_of_transport	http://localhost:8080
04/24/2024	01:04:97	bf9829ee-b2be-496f-9dcb-485a7ef40ab5	OPTIONS	/storage_facilities	http://localhost:8080
04/24/2024	01:04:13	9449df72-6b06-47ae-aafb-04236f89f4f1	GET	/storage_facilities	http://localhost:8080
04/24/2024	01:04:31	234b9729-b0cb-405d-b512-00ee58b404a8	OPTIONS	/available_load	http://localhost:8080
04/24/2024	01:04:47	cf36d0c2-c157-4232-9b11-aeb6d2302502	GET	/available_load	http://localhost:8080
04/24/2024	01:04:26	98b00530-c51b-45ad-8f59-34cb4144fbc6	OPTIONS	/type_of_vehicle	http://localhost:8080
04/24/2024	01:04:43	b75362e2-e325-4dbe-8d44-7cb16fa749ca	GET	/type_of_vehicle	http://localhost:8080
04/24/2024	01:04:61	955693ef-5dc8-4a80-80bb-8b50f226bbe3	OPTIONS	/vehicle_equipment	http://localhost:8080
04/24/2024	01:04:77	b989ebff-c2ad-4dc7-89ba-017f0fa9e66a	GET	/vehicle_equipment	http://localhost:8080
04/24/2024	01:04:95	0f4f12b1-733f-4503-9d99-a70d7a8edca7	OPTIONS	/vehicle_body	http://localhost:8080
04/24/2024	01:04:12	0fe8265c-8e44-4872-a8bd-11add644bb33	GET	/vehicle_body	http://localhost:8080
04/24/2024	01:04:30	c4e4be08-b139-4120-a113-744e8fca57fa	OPTIONS	/info	http://localhost:8080
04/24/2024	01:04:47	598a6f16-43bb-4b43-91ad-5e8a176fc99f	GET	/info	http://localhost:8080
04/24/2024	01:04:66	ab18c6d0-850b-47b8-8be6-b314566bf102	OPTIONS	/charcer	http://localhost:8080
04/24/2024	01:04:83	88eb563d-67c6-4664-b7ed-54b0141cf4ba	GET	/charcer	http://localhost:8080
04/24/2024	01:04:03	d20b309b-86a4-4fe3-8039-f3138cec2683	OPTIONS	/users	http://localhost:8080
04/24/2024	01:04:21	b95ef2b8-c55b-43ab-bae8-2612fcc6a8f1	GET	/users	http://localhost:8080
04/24/2024	01:04:40	2076bd37-74c7-4e85-9797-9d6ba17ccf6d	OPTIONS	/storage_equipment	http://localhost:8080
04/24/2024	01:04:57	549be53b-d7ba-49d3-821b-61d8e939bc0b	GET	/storage_equipment	http://localhost:8080
04/24/2024	01:04:77	46987563-f75b-4103-bc11-b83a6bf22ef5	OPTIONS	/type_of_storage	http://localhost:8080
04/24/2024	01:04:95	9ec71b45-de85-409e-8936-a449a837de67	GET	/type_of_storage	http://localhost:8080
04/24/2024	01:04:15	3516ea3a-93ec-485a-a075-2aff7919614f	OPTIONS	/swap_body	http://localhost:8080
04/24/2024	01:04:32	02978d15-bea9-43d9-acd2-39da467876b6	GET	/swap_body	http://localhost:8080
04/24/2024	01:04:51	ec1ac67c-cf7f-4074-98d1-19881b7144fc	OPTIONS	/trailer_info	http://localhost:8080
04/24/2024	01:04:69	1c1412d6-4e85-4820-88ee-e0d9f0a0c7cd	GET	/trailer_info	http://localhost:8080
04/24/2024	01:04:87	a05180b9-081f-4686-a210-425d094b1b82	OPTIONS	/load_securing	http://localhost:8080
04/24/2024	01:04:04	afb1f073-b6a1-4189-a4a3-86ee17e29c6a	GET	/load_securing	http://localhost:8080
04/24/2024	01:04:23	5b0a411a-2d7e-4843-89ee-23e1ccb6d0c5	OPTIONS	/type_of_settiement	http://localhost:8080
04/24/2024	01:04:42	2c2485b9-20a1-4196-9736-d7e8d3bc8a62	GET	/type_of_settiement	http://localhost:8080
04/24/2024	01:04:60	78cdd08d-8de6-49c3-8061-f64371d3da8a	GET	/type_of_settiement	http://localhost:8080
04/24/2024	01:04:77	77edc7db-6926-4e6b-9b22-7e57432f70e3	OPTIONS	/type_of_cargo	http://localhost:8080
04/24/2024	01:04:94	f5b02da8-7a77-4341-944a-4933e0903421	GET	/type_of_cargo	http://localhost:8080
04/24/2024	01:04:14	1c14940d-180e-474c-be72-b5a73168bc0f	OPTIONS	/nature_cargo	http://localhost:8080
04/24/2024	01:04:31	899652f0-32bf-496c-b230-7f22cc7cb2b6	GET	/nature_cargo	http://localhost:8080
04/24/2024	01:04:49	ceadd793-693b-40af-a846-c2763296109f	OPTIONS	/type_of_transport	http://localhost:8080
04/24/2024	01:04:66	aa5044d8-58c5-42b4-9cff-9033d39c7239	GET	/type_of_transport	http://localhost:8080
04/24/2024	01:04:83	c311ee99-7509-4c41-b059-5d90c19b9657	OPTIONS	/storage_facilities	http://localhost:8080
04/24/2024	01:04:00	6bfed8ab-ac2a-487f-a725-11908dcd3cb7	GET	/storage_facilities	http://localhost:8080
04/24/2024	01:04:18	635c1063-d3f7-4033-bb07-3d9bd8720919	OPTIONS	/available_load	http://localhost:8080
04/24/2024	01:04:35	d6509b64-5fb3-44a6-9a66-2f6d2f110ef3	GET	/available_load	http://localhost:8080
04/24/2024	02:04:11	7ca23ace-f2b7-48cf-9f5f-7911be5c209f	OPTIONS	/contact_details	http://localhost:8080
04/24/2024	02:04:29	16bbd43c-336c-450f-8626-bd7a1c6c596a	POST	/contact_details	http://localhost:8080
04/24/2024	02:04:50	a3075746-5415-4f25-aeae-945fadf52b7d	GET	/contact_details	http://localhost:8080
04/24/2024	02:04:69	1acfe348-7c03-4cf7-8ebb-c6717164565d	OPTIONS	/warehousing	http://localhost:8080
04/24/2024	02:04:90	154411a2-7c0f-40ff-997e-4304e712e270	POST	/warehousing	http://localhost:8080
04/24/2024	02:04:42	181e93d3-eee4-4a08-91f5-19cfbfae7942	OPTIONS	/type_of_vehicle	http://localhost:8080
04/24/2024	02:04:61	cdfa2f12-601d-40cb-b690-682c30bbf7b9	GET	/type_of_vehicle	http://localhost:8080
04/24/2024	02:04:80	cfa61703-8267-4dbb-b9ce-1ca534e927be	OPTIONS	/vehicle_equipment	http://localhost:8080
04/24/2024	02:04:96	bac57557-bcb0-4bcd-81e4-74265ff696a1	GET	/vehicle_equipment	http://localhost:8080
04/24/2024	02:04:15	741ff85b-9cce-4a95-9465-dc0b4688742b	OPTIONS	/vehicle_body	http://localhost:8080
04/24/2024	02:04:32	65bebbdf-7291-428b-8329-8ce7a63f8d4a	GET	/vehicle_body	http://localhost:8080
04/24/2024	02:04:50	ca338a8f-3b52-41bb-9e87-16e3fac28a2f	OPTIONS	/info	http://localhost:8080
04/24/2024	02:04:67	8756a9ea-a68d-4085-800a-d97676451b01	GET	/info	http://localhost:8080
04/24/2024	02:04:86	4d48dd8f-0c1e-477d-a274-3367ea4356e9	OPTIONS	/charcer	http://localhost:8080
04/24/2024	02:04:03	f4c6940b-8127-4e2a-9e6b-7bd4de638019	GET	/charcer	http://localhost:8080
04/24/2024	02:04:22	ceb1a7ac-6b43-4c12-a57d-92dcdb46f3d0	OPTIONS	/users	http://localhost:8080
04/24/2024	02:04:39	0f47d961-12a6-456b-b1aa-421561daccd1	GET	/users	http://localhost:8080
04/24/2024	02:04:58	3fb19975-5c90-4f47-b826-5c668245db42	OPTIONS	/storage_equipment	http://localhost:8080
04/24/2024	02:04:75	3b64d711-fc40-42bf-966b-2f66a52f85ac	GET	/storage_equipment	http://localhost:8080
04/24/2024	02:04:98	afd9304a-76f6-4e2e-95be-4bb11394a4bb	OPTIONS	/type_of_storage	http://localhost:8080
04/24/2024	02:04:19	d22ed393-ac4a-4db0-935c-96e4b80fb791	GET	/type_of_storage	http://localhost:8080
04/24/2024	02:04:37	50e18d51-1f8d-4152-9cdb-f2ee2392ee1a	OPTIONS	/swap_body	http://localhost:8080
04/24/2024	02:04:55	5c89b081-4e9b-4485-9f42-da39c8b1fe02	GET	/swap_body	http://localhost:8080
04/24/2024	02:04:73	89f47f83-607e-4b1e-8ec1-c4fc31b81a82	OPTIONS	/trailer_info	http://localhost:8080
04/24/2024	02:04:90	90bad75a-cbbe-40d3-8962-9739c501d6b8	GET	/trailer_info	http://localhost:8080
04/24/2024	02:04:08	4a3cae81-a3d2-4548-b461-2854aaad139a	OPTIONS	/load_securing	http://localhost:8080
04/24/2024	02:04:25	dadd7069-cc3c-431c-b066-6fa46929df2a	GET	/load_securing	http://localhost:8080
04/24/2024	02:04:43	dc2ea78a-9c36-46b2-b640-11f092534c8a	OPTIONS	/type_of_settiement	http://localhost:8080
04/24/2024	02:04:60	e3966ca5-a71a-413a-94b9-1937ac5cd7c5	GET	/type_of_settiement	http://localhost:8080
04/24/2024	02:04:80	768b8a19-369a-421e-b4d4-e06aaabe0ba4	GET	/type_of_settiement	http://localhost:8080
04/24/2024	02:04:98	a11dd41b-0111-4d32-b977-2fd80837bcb8	OPTIONS	/type_of_cargo	http://localhost:8080
04/24/2024	02:04:15	94e8f470-7b9f-43fc-bc1a-9305e7d9f47c	GET	/type_of_cargo	http://localhost:8080
04/24/2024	02:04:33	57205f72-aa8d-4052-bf20-323fc425e363	OPTIONS	/nature_cargo	http://localhost:8080
04/24/2024	02:04:50	61fe5719-c766-48c6-865c-be5adf510671	GET	/nature_cargo	http://localhost:8080
04/24/2024	02:04:68	d5a100cd-a828-440a-a8a4-c0a2af24d117	OPTIONS	/type_of_transport	http://localhost:8080
04/24/2024	02:04:86	6605eb87-ce51-450b-b084-bcc850ccf487	GET	/type_of_transport	http://localhost:8080
04/24/2024	02:04:04	ab19810d-c9f6-48ad-80ec-5e0a201aef56	OPTIONS	/storage_facilities	http://localhost:8080
04/24/2024	02:04:21	28790920-dc9a-40f9-9884-cef42d72cbd1	GET	/storage_facilities	http://localhost:8080
04/24/2024	02:04:39	33913857-42f9-43a2-807c-ea144147a730	OPTIONS	/available_load	http://localhost:8080
04/24/2024	02:04:58	ec9bddf9-b0db-4f10-ad75-a7a19b83f018	GET	/available_load	http://localhost:8080
04/24/2024	02:04:72	15c385af-d390-48f9-82e9-43aa4029773c	POST	/freight	undefined
04/24/2024	02:04:02	b26ef43a-cab9-4493-b7cf-f707f63fcc15	POST	/freight	undefined
04/24/2024	02:04:46	ec6a57a3-9719-41cb-8ef7-32ab2d2224d7	GET	/vehicle	undefined
04/24/2024	02:04:85	aacd59b0-41ed-46ed-8fdc-64607e62ed33	OPTIONS	/contact_details	http://localhost:8080
04/24/2024	02:04:03	be2591db-757d-452a-8d72-bc45395b1ded	POST	/contact_details	http://localhost:8080
04/24/2024	02:04:23	24827d46-1781-4269-89c6-60d76ec49893	GET	/contact_details	http://localhost:8080
04/24/2024	02:04:42	65e2cfb5-85a1-4807-befd-8bfecdb13276	OPTIONS	/vehicle	http://localhost:8080
04/24/2024	02:04:75	e91e4a4c-a71f-4c2f-b1fc-f14b8884f4fa	POST	/vehicle	http://localhost:8080
04/24/2024	02:04:11	5f9f20d3-c911-4da4-9817-31a1e206b849	GET	/vehicle	undefined
04/24/2024	02:04:49	08ff3a75-79b5-4fb7-bf2d-356a2bbf05d2	OPTIONS	/contact_details	http://localhost:8080
04/24/2024	02:04:66	abadd1ec-9dd1-4c77-8c3d-25e65638d79c	POST	/contact_details	http://localhost:8080
04/24/2024	02:04:86	3b18ea5b-de96-499c-a569-c5e5a35a8221	GET	/contact_details	http://localhost:8080
04/24/2024	02:04:05	f4c42a78-dd77-4865-b683-8006d941d50b	OPTIONS	/warehousing	http://localhost:8080
04/24/2024	02:04:23	2bb5ddbb-d021-4e92-8e08-3513faacd3e8	POST	/warehousing	http://localhost:8080
04/24/2024	02:04:22	4b004889-66d5-417c-8673-97b354755e44	GET	/warehousing	undefined
04/24/2024	03:04:30	d82bbc18-031e-4387-8a91-d7dca7a133b6	GET	/	undefined
04/24/2024	03:04:52	f1a1ea04-2abe-46a4-88e2-c661d1d77125	GET	/favicon.ico	undefined
04/24/2024	03:04:25	8084e241-00b1-4e7e-a1a6-a7db452ff6c9	GET	/freight	undefined
04/24/2024	03:04:60	4f1a6750-f062-4af8-80ab-e4986bbfc15c	POST	/freight	undefined
04/24/2024	11:04:61	e75af63a-5440-4539-b26c-753811bf257f	POST	/countries	undefined
04/24/2024	11:04:38	f6c90282-5d62-496a-84ab-bfdd441c084d	GET	/	undefined
04/24/2024	11:04:53	6bbadc22-0651-441e-af07-6f852b276336	GET	/countries	undefined
04/24/2024	11:04:35	c25ad190-5080-4236-a18e-204cd81abc78	POST	/countries	undefined
04/24/2024	11:04:39	054bf405-6283-4f04-bb65-3ef856a219a7	POST	/countries	undefined
04/24/2024	11:04:41	c7761247-f4a2-4531-9e36-e6e998e7944f	POST	/countries	undefined
04/24/2024	11:04:30	5860064f-1de7-45ee-81e5-28cb382e177c	POST	/countries	undefined
04/24/2024	11:04:24	dbb3642c-aeac-4c46-9058-ba30c919fa09	POST	/countries	undefined
04/24/2024	11:04:23	2bf2d70d-3624-4089-9c94-d984b348f4df	POST	/countries	undefined
04/24/2024	11:04:43	9c218aaf-d550-45f3-86ae-2da6a648aa39	POST	/countries	undefined
04/24/2024	11:04:58	a5b3b8b5-1286-487f-a748-d14ab9b5c6b3	POST	/countries	undefined
04/24/2024	11:04:10	04fe1ec0-9411-4329-a5a3-1671b9f266cb	POST	/countries	undefined
04/24/2024	11:04:22	00122fc7-fa45-4e1e-8243-a37115c45eef	POST	/countries	undefined
04/24/2024	11:04:12	1acdfca2-82f6-46a8-acb2-35aae5a766f1	POST	/countries	undefined
04/24/2024	11:04:83	5db71c3c-ae56-4ee4-9503-f18dc360fd19	POST	/countries	undefined
04/24/2024	11:04:61	c18ab2b1-1367-4941-b80d-9c9d13af19dd	POST	/countries	undefined
04/24/2024	11:04:17	88425b78-52fa-4e86-9c10-bb7c9fecbf0b	POST	/countries	undefined
04/24/2024	11:04:40	519b6cf3-063d-4010-889a-75ca1dfeec39	POST	/countries	undefined
04/24/2024	11:04:27	6643afa4-7b16-44ea-bfcf-628c702f082c	POST	/countries	undefined
04/24/2024	11:04:42	02685f71-77bb-4e6f-b5ff-ea59d607da9d	POST	/countries	undefined
04/24/2024	11:04:54	7dfa75e7-5daf-40ec-a642-2aff0f9ef531	POST	/countries	undefined
04/24/2024	11:04:48	6cae783d-3ef7-4520-8f56-1434e824ec63	POST	/countries	undefined
04/24/2024	11:04:99	90b4c6a6-1d9e-43a6-aa5d-2d9b618329ee	POST	/countries	undefined
04/24/2024	11:04:53	bf63d598-ee49-45ce-b4df-bee3cfc6159f	POST	/countries	undefined
04/24/2024	11:04:01	18733b77-8691-4eff-a5bd-047fff25f53a	POST	/countries	undefined
04/24/2024	11:04:28	987e6430-04db-4d30-a64d-93475ba3e7de	POST	/countries	undefined
04/24/2024	11:04:84	45fc7a26-7c2e-4305-aaa8-18d77cf04986	POST	/countries	undefined
04/24/2024	11:04:14	83eabfc4-7f01-408c-b396-10055a4124c0	POST	/countries	undefined
04/24/2024	11:04:80	6064cd74-2b3a-4496-8ba2-dc475ffe13df	POST	/countries	undefined
04/24/2024	11:04:70	d58ba8af-a9f0-44e7-a4a6-44137c314b90	POST	/countries	undefined
04/24/2024	11:04:88	d82e8a2f-d7b4-4c51-9adb-5e5a34f6d65b	POST	/countries	undefined
04/24/2024	11:04:18	0c4acf7b-3dd1-4744-a144-28c8505b6198	POST	/countries	undefined
04/24/2024	11:04:64	a5dfecf8-65df-4995-85a5-c4eae4a73954	POST	/countries	undefined
04/24/2024	11:04:60	d4dbcf9e-34ff-4f9f-b11b-f304751250b4	POST	/countries	undefined
04/24/2024	11:04:76	15c980d2-9e6c-4451-ab57-f91d04d7a551	POST	/countries	undefined
04/24/2024	11:04:14	fb59b1a4-97e5-4bd3-aa42-8145c8b60017	POST	/countries	undefined
04/24/2024	11:04:78	3fe245d3-101b-476c-8d96-f474323dd392	POST	/countries	undefined
04/24/2024	11:04:84	2e69250a-cb06-48e5-8f2d-e74353db45d6	POST	/countries	undefined
04/24/2024	11:04:16	31817f26-a53c-4512-b70c-96365c9d9790	POST	/countries	undefined
04/24/2024	11:04:94	9c5e9a97-277e-4b3e-a2d2-96775dbe7e06	POST	/countries	undefined
04/24/2024	11:04:62	e8d2b377-e440-4287-81b2-c397654b5a82	POST	/countries	undefined
04/24/2024	11:04:77	8154419e-a094-4db5-99a9-111da596db48	POST	/countries	undefined
04/24/2024	11:04:82	5511a500-c96f-45ac-8379-df49d8a8785b	POST	/countries	undefined
04/24/2024	11:04:39	ac15e488-bf0e-46dd-aa2a-431876903e16	POST	/countries	undefined
04/24/2024	11:04:94	34ca045d-0197-4c48-af6c-5ced3bebc610	POST	/countries	undefined
04/24/2024	11:04:94	38972b33-3676-4222-a7b6-7bb0682c117b	POST	/countries	undefined
04/24/2024	11:04:41	070acb17-6194-4b23-a0e9-ea6b2744a031	POST	/countries	undefined
04/24/2024	11:04:88	bab893de-afc2-4b48-8493-9018b379826f	POST	/countries	undefined
04/24/2024	11:04:88	e6d0fad9-672c-4bf3-92e0-d6feeea5d058	GET	/countries/country	undefined
04/24/2024	11:04:40	77460597-b2a4-4db7-8337-fc57b7f88875	GET	/countries/country	undefined
04/24/2024	11:04:83	e1f5705f-d8fc-491f-94d0-552c2e72ee8a	GET	/countries	undefined
04/24/2024	14:04:83	dd3f3e69-27a0-4161-a817-62c62e320866	POST	/freight	undefined
04/24/2024	14:04:25	d4a47af3-44c7-4fc3-9677-c49f7e03dfdb	GET	/freight	undefined
04/24/2024	14:04:50	08336466-45c5-4ace-9e25-fe3f5793d120	OPTIONS	/type_of_vehicle	http://localhost:8080
04/24/2024	14:04:04	37ad5266-a520-4721-9919-881cb6e3face	GET	/type_of_vehicle	http://localhost:8080
04/24/2024	14:04:33	3be3a532-6e1a-4830-90b0-a10427e78c20	OPTIONS	/vehicle_equipment	http://localhost:8080
04/24/2024	14:04:67	a55e4b9d-2dfd-49ae-9f5a-ebffec7a4ca2	GET	/vehicle_equipment	http://localhost:8080
04/24/2024	14:04:89	174f4905-724e-4d37-9d36-03cd6a6eb148	OPTIONS	/vehicle_body	http://localhost:8080
04/24/2024	14:04:18	841c51f9-df67-4fb5-821d-4edca24da40d	GET	/vehicle_body	http://localhost:8080
04/24/2024	14:04:44	5865f119-5b05-4c60-b631-4e19d6a6b728	OPTIONS	/info	http://localhost:8080
04/24/2024	14:04:65	994b070d-921f-49e3-b691-7e02df85e66d	GET	/info	http://localhost:8080
04/24/2024	14:04:86	927735de-1686-4806-b840-e921ec29dd84	OPTIONS	/charcer	http://localhost:8080
04/24/2024	14:04:03	61bc37b8-d514-4668-9465-726b6ac99fc5	GET	/charcer	http://localhost:8080
04/24/2024	14:04:29	bfca3b9a-2cb9-452b-b4fc-9592c3613755	OPTIONS	/users	http://localhost:8080
04/24/2024	14:04:51	a3870b13-1ed7-4b6d-89d6-43595a915406	GET	/users	http://localhost:8080
04/24/2024	14:04:72	fc34d748-53fa-4216-bbc2-36553b028d8c	OPTIONS	/storage_equipment	http://localhost:8080
04/24/2024	14:04:89	4a7d7736-cb72-43a6-a951-c4e3a478eb01	GET	/storage_equipment	http://localhost:8080
04/24/2024	14:04:14	8b6786b5-a369-4dc6-938d-cfec0af03ac3	OPTIONS	/type_of_storage	http://localhost:8080
04/24/2024	14:04:31	e58644df-337c-4775-b161-ec27d8a0014e	GET	/type_of_storage	http://localhost:8080
04/24/2024	14:04:48	3ef2df7a-8ddd-4f3d-84a6-fda4548ba98b	OPTIONS	/swap_body	http://localhost:8080
04/24/2024	14:04:66	d6d126bf-371d-478a-8fda-7b628a5cf8a6	GET	/swap_body	http://localhost:8080
04/24/2024	14:04:89	1ed9d9e1-7eb0-46ef-847f-c01072eab279	OPTIONS	/trailer_info	http://localhost:8080
04/24/2024	14:04:06	224e563c-c7b5-40dd-88ab-2235b842f548	GET	/trailer_info	http://localhost:8080
04/24/2024	14:04:31	1227f33b-2339-47eb-be71-69c844b60184	OPTIONS	/load_securing	http://localhost:8080
04/24/2024	14:04:49	1fc0f84d-47ef-4112-b94f-b55c74a3be8f	GET	/load_securing	http://localhost:8080
04/24/2024	14:04:70	2198a2b0-067b-40cd-b418-4bd0b54ce0bf	OPTIONS	/type_of_settiement	http://localhost:8080
04/24/2024	14:04:88	203974d1-e323-46c3-90af-56d4c15f88ae	GET	/type_of_settiement	http://localhost:8080
04/24/2024	14:04:06	96d530ff-fc64-45e1-b9c1-d38c862239fa	GET	/type_of_settiement	http://localhost:8080
04/24/2024	14:04:27	88025725-5a0b-4f58-88f3-0e365c62bf23	OPTIONS	/type_of_cargo	http://localhost:8080
04/24/2024	14:04:44	f9f561bf-9b9b-4d68-8d2e-7af29ba14365	GET	/type_of_cargo	http://localhost:8080
04/24/2024	14:04:64	5a937177-b7b6-49aa-aa3c-fa9e8100b843	OPTIONS	/nature_cargo	http://localhost:8080
04/24/2024	14:04:82	8b2b2ae0-dcdc-44a6-8a47-a6c640a1ff60	GET	/nature_cargo	http://localhost:8080
04/24/2024	14:04:04	f000b72e-0b25-4c7e-808e-374e55153eed	OPTIONS	/type_of_transport	http://localhost:8080
04/24/2024	14:04:21	f73bc08c-e5b6-47de-a4d9-b295ea8062bb	GET	/type_of_transport	http://localhost:8080
04/24/2024	14:04:42	a2462e88-c376-4d2f-94b8-07eff785b7ad	OPTIONS	/storage_facilities	http://localhost:8080
04/24/2024	14:04:59	7669133b-3571-4b14-93c0-f9e0cf51e70c	GET	/storage_facilities	http://localhost:8080
04/24/2024	14:04:85	0c2b9a8d-cc13-443b-adc2-dad89e15223e	OPTIONS	/available_load	http://localhost:8080
04/24/2024	14:04:16	6a59851a-5e33-457a-ba40-2c59e85ef0ff	GET	/available_load	http://localhost:8080
04/24/2024	14:04:24	d0456dbc-53c6-47a8-a863-fcdeaba9b7c8	OPTIONS	/freight	http://localhost:8080
04/24/2024	14:04:41	1160c5ec-d252-47b9-9a40-58976c623746	GET	/freight	http://localhost:8080
04/24/2024	14:04:59	6748b13e-7446-476c-b888-ad433816008b	OPTIONS	/freight_location	http://localhost:8080
04/24/2024	14:04:75	7484a490-e571-4077-bca8-6a493c1ce9d1	POST	/freight_location	http://localhost:8080
04/24/2024	14:04:97	ed944344-9cb0-4532-9939-bacde4d14caa	OPTIONS	/contact_details	http://localhost:8080
04/24/2024	14:04:14	37c582fb-76bc-4961-a15c-0dbd7cf92573	POST	/contact_details	http://localhost:8080
04/24/2024	14:04:32	19f4a827-9165-421d-b537-e75c4faac1a7	GET	/contact_details	http://localhost:8080
04/24/2024	14:04:52	836bdceb-e7c5-429b-905c-1d872237be5a	OPTIONS	/freight	http://localhost:8080
04/24/2024	14:04:69	df96935e-cfc1-4208-9b5d-abcc31574f2d	POST	/freight	http://localhost:8080
04/24/2024	14:04:78	66b2e5de-3f64-4997-8f44-c1748066647a	GET	/freight	undefined
04/24/2024	14:04:62	a3d9c003-d48c-4524-9192-419c627189d7	OPTIONS	/type_of_vehicle	http://localhost:8080
04/24/2024	14:04:66	20a7ed2a-b580-430b-9733-307d3532347d	GET	/type_of_vehicle	http://localhost:8080
04/24/2024	14:04:84	23b69a16-5555-4573-8815-a4b97bc2cc87	OPTIONS	/vehicle_equipment	http://localhost:8080
04/24/2024	14:04:15	1ba1b8cc-f200-4932-82da-3f7da24d9193	GET	/vehicle_equipment	http://localhost:8080
04/24/2024	14:04:46	25a74385-6d47-48ed-8394-1756ccd1b33b	OPTIONS	/vehicle_body	http://localhost:8080
04/24/2024	14:04:63	08730003-0a49-459c-b005-4c92c8eab9a8	GET	/vehicle_body	http://localhost:8080
04/24/2024	14:04:83	96998d16-d0c5-429c-b5cd-8d2af6523e0f	OPTIONS	/info	http://localhost:8080
04/24/2024	14:04:00	37479e9d-27c5-4104-b590-eedce907fcc9	GET	/info	http://localhost:8080
04/24/2024	14:04:18	33e071d2-e151-43a3-8b02-8f7d32457b79	OPTIONS	/charcer	http://localhost:8080
04/24/2024	14:04:35	ec19786d-df06-4f1c-8ead-ecd9a343503a	GET	/charcer	http://localhost:8080
04/24/2024	14:04:53	eb066430-1bd6-462a-87d0-39a46bfad626	OPTIONS	/users	http://localhost:8080
04/24/2024	14:04:82	3fff06a6-3efe-49c6-bb42-539dc820c7e1	GET	/users	http://localhost:8080
04/24/2024	14:04:08	b90ac6b5-f9c9-4b6b-92cf-a1be0e0b5f59	OPTIONS	/storage_equipment	http://localhost:8080
04/24/2024	14:04:25	db4970cb-edb5-481a-892a-697e7a3288e5	GET	/storage_equipment	http://localhost:8080
04/24/2024	14:04:42	496f4f86-7580-4af7-a027-ede9bd57d6f2	OPTIONS	/type_of_storage	http://localhost:8080
04/24/2024	14:04:60	61fc6935-aa11-40f8-b3f6-a2dbfaec015d	GET	/type_of_storage	http://localhost:8080
04/24/2024	14:04:78	57c20953-c362-40d8-9b19-ffea8c64a7ce	OPTIONS	/swap_body	http://localhost:8080
04/24/2024	14:04:95	d06df823-41ae-4c65-b3ce-792ac9bc302f	GET	/swap_body	http://localhost:8080
04/24/2024	14:04:12	e845f0e6-8e97-4da1-ba1e-1aa4fe3d04b5	OPTIONS	/trailer_info	http://localhost:8080
04/24/2024	14:04:46	c93d7da7-72eb-40cb-9328-7c03e9fa4850	GET	/trailer_info	http://localhost:8080
04/24/2024	14:04:65	1cdcd8b0-ea2d-45fc-8f33-912da2592d63	OPTIONS	/load_securing	http://localhost:8080
04/24/2024	14:04:82	3a3f3878-879f-4c05-b37f-a0a39ac4a3ea	GET	/load_securing	http://localhost:8080
04/24/2024	14:04:99	369102d2-2a2c-4b41-ab84-21ea1f9b9c57	OPTIONS	/type_of_settiement	http://localhost:8080
04/24/2024	14:04:16	0fb76999-3b59-43c6-969f-10b657eab54b	GET	/type_of_settiement	http://localhost:8080
04/24/2024	14:04:34	9a19b3e3-f8bf-4561-8511-2922ea3aa042	GET	/type_of_settiement	http://localhost:8080
04/24/2024	14:04:54	1c8c5c32-93b8-4b8e-9a8c-6cdda5b3bb83	OPTIONS	/type_of_cargo	http://localhost:8080
04/24/2024	14:04:71	f8df7a32-67c8-40e4-9a85-ad15dea2e1a2	GET	/type_of_cargo	http://localhost:8080
04/24/2024	14:04:88	632b7484-2270-48db-b50a-668599fb8f4d	OPTIONS	/nature_cargo	http://localhost:8080
04/24/2024	14:04:06	80b316d3-1d20-468c-a5ec-76cbff315288	GET	/nature_cargo	http://localhost:8080
04/24/2024	14:04:23	7a8ef09e-9b3f-4731-9ec5-089c88596a5d	OPTIONS	/type_of_transport	http://localhost:8080
04/24/2024	14:04:40	31845cf5-15ae-4c5c-8f87-e3d2794ae248	GET	/type_of_transport	http://localhost:8080
04/24/2024	14:04:57	b57d0260-c220-4c1b-a497-c0bf4f5ea84f	OPTIONS	/storage_facilities	http://localhost:8080
04/24/2024	14:04:80	4fd9ffdb-ccb6-489f-9a44-40399dfa5bc1	GET	/storage_facilities	http://localhost:8080
04/24/2024	14:04:29	65f3d1e5-9bcc-474b-86b4-c0df5bb6ba85	OPTIONS	/available_load	http://localhost:8080
04/24/2024	14:04:47	6b1f6c59-5095-4e8b-8046-1d0b2f09613b	GET	/available_load	http://localhost:8080
04/24/2024	14:04:44	6c5156f7-fbc0-4918-aec5-ff0d07da8991	OPTIONS	/freight	http://localhost:8080
04/24/2024	14:04:17	24ae2142-be07-448a-baf6-6b7663f5c225	GET	/freight	http://localhost:8080
04/24/2024	14:04:51	d97e287c-8368-4c19-a975-7e3a11995ea4	OPTIONS	/freight_location	http://localhost:8080
04/24/2024	14:04:52	30783505-cb96-43e3-a408-873ff0782b84	POST	/freight_location	http://localhost:8080
04/24/2024	14:04:65	a6f5af18-55fc-4174-a17e-db5582cf2ced	OPTIONS	/contact_details	http://localhost:8080
04/24/2024	14:04:80	6feae207-fbb5-4d45-b04b-26148f4bf726	POST	/contact_details	http://localhost:8080
04/24/2024	14:04:33	338fbe5f-2e67-4483-8df7-2d2134de167d	GET	/contact_details	http://localhost:8080
04/24/2024	14:04:37	dabab5ec-c0ab-4b79-8894-577275915f6c	OPTIONS	/freight	http://localhost:8080
04/24/2024	14:04:07	0bc11bd8-b361-4939-8502-92aea613c2d0	POST	/freight	http://localhost:8080
04/24/2024	14:04:77	19e0ab9a-3972-4608-8fd3-6a7f4ef6637a	GET	/freight	undefined
04/24/2024	16:04:50	b62053ca-de06-4c5e-9dad-845cca63a147	GET	/freight	undefined
04/24/2024	16:04:40	f6132a95-6c45-41ba-b787-8b0338c1fa88	GET	/warehousing	undefined
04/24/2024	16:04:46	7a5f342e-f285-4b36-bb28-95b977d12805	GET	/vehicle	undefined
04/24/2024	16:04:59	ace284f5-9bbe-408d-bd8a-e71d2927ccb3	GET	/contact_details	undefined
04/24/2024	16:04:78	15910dd9-3ed8-4b45-98b1-247b625a5dbc	POST	/contact_details	undefined
04/24/2024	16:04:08	d0223d62-1bb5-4191-aac7-94beb8194867	POST	/contact_details	undefined
04/24/2024	16:04:94	fc06d5c0-5664-40da-a244-6721cb38541f	GET	/freight	undefined
04/24/2024	16:04:55	cac3d57d-97ff-4d09-932a-33e07007fd93	GET	/freight_location	undefined
04/24/2024	16:04:15	828ab9e9-19c2-463e-985f-da2e36702bed	OPTIONS	/freight_location	http://localhost:8080
04/24/2024	16:04:33	48569370-f016-4fd2-8cba-673f4a8cf2fa	POST	/freight_location	http://localhost:8080
04/24/2024	16:04:54	a3efec7f-b5cf-4ae1-9d3c-663517c736c7	POST	/freight_location	http://localhost:8080
04/24/2024	16:04:72	f0de178a-02a6-4e1b-b20a-33120334e1bf	OPTIONS	/contact_details	http://localhost:8080
04/24/2024	16:04:88	3c4e8d10-dba5-4878-990b-9ed3a2832e06	POST	/contact_details	http://localhost:8080
04/24/2024	16:04:31	03808239-559e-496e-a1a4-beb3e5d6f522	GET	/contact_details	http://localhost:8080
04/24/2024	16:04:52	6ea89420-755f-4b19-a15e-b964cd89a1e7	OPTIONS	/freight	http://localhost:8080
04/24/2024	16:04:69	c32d804e-58ef-41f4-94ab-74bc027d61e8	POST	/freight	http://localhost:8080
04/24/2024	16:04:60	3e59e367-a2b0-4713-b5f0-94744d36288c	GET	/freight_location	undefined
04/24/2024	17:04:51	acf15199-b67a-4736-ade0-b5224b66a8d5	GET	/freight	undefined
04/24/2024	17:04:41	8cb9c566-7024-4c9b-b888-a0b0306bf09d	GET	/users	undefined
04/24/2024	17:04:22	fe7fa5d9-3e9d-4c11-be62-21477441e71a	GET	/users_info	undefined
04/24/2024	17:04:43	f5a1008d-090f-43b7-a9b7-ee732596cc66	GET	/settings?	undefined
04/24/2024	17:04:26	aea6835e-f4b7-409d-a540-8db74dd3b97e	GET	/company_info	undefined
04/24/2024	17:04:95	43fb3009-e1e9-42e9-9af5-765632414251	GET	/documents/	undefined
04/24/2024	17:04:47	8cfa1bce-e07b-43be-823b-832ea88e5aee	GET	/contact_person	undefined
04/24/2024	17:04:83	9aaa1611-cd8f-4d85-a27a-98045bb952db	GET	/fav_black	undefined
04/24/2024	17:04:49	93efbc75-6cb4-46c9-9dee-490caf4d9d02	POST	/fav_black	undefined
04/24/2024	19:04:52	7b8b62fb-f9ef-4aa5-b798-f45908b7ee2f	GET	/freight	undefined
04/24/2024	19:04:82	96608d0d-2172-4ed0-8009-99b0ab890a93	OPTIONS	/type_of_vehicle	http://localhost:8080
04/24/2024	19:04:98	900941cd-5efe-46e1-96c3-1d713d56be28	GET	/type_of_vehicle	http://localhost:8080
04/24/2024	19:04:50	6da714dd-72bb-43c2-a88b-ca8134be6110	OPTIONS	/vehicle_equipment	http://localhost:8080
04/24/2024	19:04:67	dfa60921-f9b6-4eee-9637-997b930c49f5	GET	/vehicle_equipment	http://localhost:8080
04/24/2024	19:04:85	843ebc08-f086-4a8e-980d-71ae7cc01719	OPTIONS	/vehicle_body	http://localhost:8080
04/24/2024	19:04:02	29f827f0-9855-4e04-b91f-653975296aa6	GET	/vehicle_body	http://localhost:8080
04/24/2024	19:04:19	e992c796-31a3-4601-85a8-cb5fdb15fc2d	OPTIONS	/info	http://localhost:8080
04/24/2024	19:04:35	f3358050-d342-4f9a-be5c-d7255f313174	GET	/info	http://localhost:8080
04/24/2024	19:04:52	71176443-1be3-4bc4-900c-5a68b07eb2d0	OPTIONS	/charcer	http://localhost:8080
04/24/2024	19:04:68	f6bcbf60-64aa-4e49-8b10-b43ae4888cba	GET	/charcer	http://localhost:8080
04/24/2024	19:04:85	3a893aaa-7944-4b04-9abc-2e83ec29210b	OPTIONS	/users	http://localhost:8080
04/24/2024	19:04:01	e04ad537-32a0-4ca7-b017-aea1db4370fc	GET	/users	http://localhost:8080
04/24/2024	19:04:22	478310b8-6049-45ae-8dec-d83ed4550df6	OPTIONS	/storage_equipment	http://localhost:8080
04/24/2024	19:04:98	a60df4f8-90c2-4238-be87-1c6547aa6ea0	GET	/storage_equipment	http://localhost:8080
04/24/2024	19:04:15	436bab5c-601a-4863-97ac-cce0ce6c4813	OPTIONS	/type_of_storage	http://localhost:8080
04/24/2024	19:04:30	7563b48c-1079-47f4-b7ba-153b5bd5b1f0	GET	/type_of_storage	http://localhost:8080
04/24/2024	19:04:47	fdddf7db-bd2b-4fe2-8d6c-2d4e58580561	OPTIONS	/swap_body	http://localhost:8080
04/24/2024	19:04:63	c68a4ff0-3b6c-4917-ada2-9f841c6afcbf	GET	/swap_body	http://localhost:8080
04/24/2024	19:04:79	892c6082-b9c2-46ed-9383-9c291b716f5c	OPTIONS	/trailer_info	http://localhost:8080
04/24/2024	19:04:95	90145c16-a81e-42f5-ab5a-efd02de09a6d	GET	/trailer_info	http://localhost:8080
04/24/2024	19:04:18	a21beceb-e153-4ab6-a2bd-f7229b2856e5	OPTIONS	/load_securing	http://localhost:8080
04/24/2024	19:04:34	47dc732b-6438-4e05-bdaf-bf8b8f293b88	GET	/load_securing	http://localhost:8080
04/24/2024	19:04:50	3bf7ca64-fa66-4482-a19f-b06e0e512c74	OPTIONS	/type_of_settiement	http://localhost:8080
04/24/2024	19:04:66	a435229a-295b-4161-9afd-10aa59968627	GET	/type_of_settiement	http://localhost:8080
04/24/2024	19:04:82	69c2a41b-e82e-4a00-96f4-fc95821ba3d0	GET	/type_of_settiement	http://localhost:8080
04/24/2024	19:04:03	54713314-d8a5-44fa-b7f5-b8d78d82d028	OPTIONS	/type_of_cargo	http://localhost:8080
04/24/2024	19:04:20	2049fbd0-176e-4ef7-8f19-b093bd88a2ad	GET	/type_of_cargo	http://localhost:8080
04/24/2024	19:04:37	35c2ea63-f793-4ba4-a307-4d4e3b6bd5ec	OPTIONS	/nature_cargo	http://localhost:8080
04/24/2024	19:04:52	839106d9-7b92-494a-9d22-d422507c9d78	GET	/nature_cargo	http://localhost:8080
04/24/2024	19:04:69	048b90cc-b4ba-4069-9cac-dee7dd29f4e8	OPTIONS	/type_of_transport	http://localhost:8080
04/24/2024	19:04:86	ef320497-1ee3-4446-aca0-f06a814c85de	GET	/type_of_transport	http://localhost:8080
04/24/2024	19:04:04	cc59a416-c00e-4dd0-827c-acdb2b0c52be	OPTIONS	/storage_facilities	http://localhost:8080
04/24/2024	19:04:20	e03cdcc4-b241-4ea3-bd58-c1c18606c8f1	GET	/storage_facilities	http://localhost:8080
04/24/2024	19:04:67	8e563d0e-4a87-40e6-9fc4-1ccd3494bf6e	OPTIONS	/available_load	http://localhost:8080
04/24/2024	19:04:84	3d71c045-b638-45a1-adb6-b840880a45d0	GET	/available_load	http://localhost:8080
04/24/2024	19:04:81	a8c52841-853f-4f5f-becb-09eace1d8a9b	OPTIONS	/freight	http://localhost:8080
04/24/2024	19:04:96	a35ccd21-0a4c-4e7a-a5bf-b9f4b24d2d59	GET	/freight	http://localhost:8080
04/24/2024	19:04:60	0b6980c9-8aa5-4ab6-b693-4e2c73273a0a	OPTIONS	/freight_location	http://localhost:8080
04/24/2024	19:04:77	7288595e-b6dc-406c-965b-a1f66b6f9657	POST	/freight_location	http://localhost:8080
04/24/2024	19:04:97	de4621c7-2ce4-4af0-a02d-e6877fc57592	OPTIONS	/contact_details	http://localhost:8080
04/24/2024	19:04:13	b80af0e9-f080-47a9-a21c-dd6d8e801fe1	POST	/contact_details	http://localhost:8080
04/24/2024	19:04:29	5421b575-dc1d-4288-8206-39f28230ccc7	GET	/contact_details	http://localhost:8080
04/24/2024	19:04:61	50a1cf80-2652-415f-93f6-925a9be1fc78	GET	/freight_location	undefined
04/24/2024	19:04:11	7b2aa82a-8058-4426-841f-323261ee6ac9	GET	/freight	undefined
04/24/2024	19:04:95	ab27f868-bf82-4f76-844d-960aa0d1cf17	GET	/freight	undefined
04/24/2024	19:04:69	5a4ada37-05ae-4bbe-8bd3-bf9c5041ab31	OPTIONS	/freight_location	http://localhost:8080
04/24/2024	19:04:86	c65389a0-56d9-4662-8a40-c60c2c2ce686	POST	/freight_location	http://localhost:8080
04/24/2024	19:04:03	c5193fbc-4f9f-4c5b-9832-e608e309a5ac	OPTIONS	/contact_details	http://localhost:8080
04/24/2024	19:04:21	90f2ad29-9e00-494a-b479-ad4acb960d7b	POST	/contact_details	http://localhost:8080
04/24/2024	19:04:39	ee981e13-a46e-4ac5-80e8-6d2fe1bd6721	GET	/contact_details	http://localhost:8080
04/24/2024	19:04:58	4475443c-b98e-494d-be91-db6e19d73068	OPTIONS	/freight	http://localhost:8080
04/24/2024	19:04:75	5f629d9b-31a1-401f-ba79-fb46df21db18	POST	/freight	http://localhost:8080
04/24/2024	19:04:18	88f9eb28-d0db-4d34-94c4-0160d0cb25ab	GET	/freight_location	undefined
04/24/2024	19:04:56	d4d5e11c-06d6-43bd-a7bd-a287f624836e	GET	/freight	undefined
04/24/2024	19:04:33	d4423be8-4000-4cc3-80c7-31efc9625f6c	OPTIONS	/freight_location	http://localhost:8080
04/24/2024	19:04:50	a62084d0-b8a5-45c2-9c5d-d1f805b43423	POST	/freight_location	http://localhost:8080
04/24/2024	19:04:70	5088ccf1-1356-4fca-a9ec-88da1b9cb07b	OPTIONS	/contact_details	http://localhost:8080
04/24/2024	19:04:87	c90cc298-6bcf-4253-bee2-06c1708adb7f	POST	/contact_details	http://localhost:8080
04/24/2024	19:04:09	37b29c8d-ab93-43a8-9672-2708d98649c9	GET	/contact_details	http://localhost:8080
04/24/2024	19:04:41	6d2d2d1b-d2df-44d5-bab6-7b2837cf57a6	OPTIONS	/freight	http://localhost:8080
04/24/2024	19:04:59	d3ac672c-2d1e-4a3d-8c30-d40ed31d87e9	POST	/freight	http://localhost:8080
04/24/2024	19:04:65	d3fcf63e-0f23-490f-929e-dc9056f0bab3	GET	/freight	undefined
04/24/2024	19:04:25	45272f5d-b3ec-4039-915b-3f3bce19c666	GET	/freight_location	undefined
04/24/2024	19:04:54	59ef81b5-f65f-4e94-8dff-8f4a014ac4a5	OPTIONS	/type_of_vehicle	http://localhost:8080
04/24/2024	19:04:74	a33b9e16-a839-43c9-b5ba-b3da74eb122f	GET	/type_of_vehicle	http://localhost:8080
04/24/2024	19:04:93	1b1d045c-56b1-405e-80e7-f03738549312	OPTIONS	/vehicle_equipment	http://localhost:8080
04/24/2024	19:04:10	233597b3-825b-4974-8508-b4f2a2fdc496	GET	/vehicle_equipment	http://localhost:8080
04/24/2024	19:04:34	dc57e4ba-fac2-4f07-b363-d489f2cfe220	OPTIONS	/vehicle_body	http://localhost:8080
04/24/2024	19:04:51	418f34c0-66f4-4a53-8d22-2c7b9bc49d3d	GET	/vehicle_body	http://localhost:8080
04/24/2024	19:04:72	a3697f00-9169-4093-a94f-4bdbd78060df	OPTIONS	/info	http://localhost:8080
04/24/2024	19:04:90	5b3bd8df-778c-45db-822e-4d261109a883	GET	/info	http://localhost:8080
04/24/2024	19:04:10	5353f7aa-ae6d-400c-9933-cd862f656a40	OPTIONS	/charcer	http://localhost:8080
04/24/2024	19:04:28	80042603-39c8-483b-98a3-29f47592419c	GET	/charcer	http://localhost:8080
04/24/2024	19:04:49	e2b7ad61-6060-4f92-8102-abfaeaf1f41d	OPTIONS	/users	http://localhost:8080
04/24/2024	19:04:66	913091f8-925a-477a-bc29-93b61b62b61a	GET	/users	http://localhost:8080
04/24/2024	19:04:90	a0b35196-fabe-4463-90be-ecea4b5d33ea	OPTIONS	/storage_equipment	http://localhost:8080
04/24/2024	19:04:08	88d1209c-b4fe-40b4-82da-d9043a354aa9	GET	/storage_equipment	http://localhost:8080
04/24/2024	19:04:28	52098c75-e11e-4c84-97a9-1518d90d5d81	OPTIONS	/type_of_storage	http://localhost:8080
04/24/2024	19:04:45	b6f63050-8395-48f9-b08c-af0cbcd76433	GET	/type_of_storage	http://localhost:8080
04/24/2024	19:04:65	3fe402d2-256c-42ac-aa0b-ffae154051f6	OPTIONS	/swap_body	http://localhost:8080
04/24/2024	19:04:82	f98b15d8-b1af-488a-aa3f-0edb7ed44df3	GET	/swap_body	http://localhost:8080
04/24/2024	19:04:01	bad0115a-9669-4e81-ab70-7ef91f9ac8b4	OPTIONS	/trailer_info	http://localhost:8080
04/24/2024	19:04:19	12c52d1b-932b-4f08-8aed-b353aa3fc700	GET	/trailer_info	http://localhost:8080
04/24/2024	19:04:40	0e771d35-9768-4792-9af1-8a1634d56c9e	OPTIONS	/load_securing	http://localhost:8080
04/24/2024	19:04:57	ffcd8f7e-a265-4a78-8550-b94e41bb0c8b	GET	/load_securing	http://localhost:8080
04/24/2024	19:04:75	75e1591a-6907-49a4-9bc0-d9a64834b83f	OPTIONS	/type_of_settiement	http://localhost:8080
04/24/2024	19:04:92	05f574c7-86a9-4d6a-a67e-255a5ef52a6f	GET	/type_of_settiement	http://localhost:8080
04/24/2024	19:04:11	7fc08a9d-38b9-4ebf-b97b-6a884ae8ae25	GET	/type_of_settiement	http://localhost:8080
04/24/2024	19:04:30	b88eab40-2236-4e43-8200-9964ecd921aa	OPTIONS	/type_of_cargo	http://localhost:8080
04/24/2024	19:04:47	596b324c-5e9f-403e-bba9-19a4232a5919	GET	/type_of_cargo	http://localhost:8080
04/24/2024	19:04:67	a63cee1d-9951-406f-9124-6f89b2852f7b	OPTIONS	/nature_cargo	http://localhost:8080
04/24/2024	19:04:84	c10d8c3d-f8eb-4b65-85bc-aee16de3e117	GET	/nature_cargo	http://localhost:8080
04/24/2024	19:04:01	cb54d8eb-ac9f-4efd-8e19-e255ed8fc388	OPTIONS	/type_of_transport	http://localhost:8080
04/24/2024	19:04:19	7c23d85a-9996-49d4-91fa-da8f50cdf6cd	GET	/type_of_transport	http://localhost:8080
04/24/2024	19:04:36	cb0e0adc-7f18-4f45-a4ca-251887f743cf	OPTIONS	/storage_facilities	http://localhost:8080
04/24/2024	19:04:53	93b0647c-864b-437b-b293-aaf2e4f42625	GET	/storage_facilities	http://localhost:8080
04/24/2024	19:04:71	722b1d8e-0ae4-433b-8ff5-beef6896b1f5	OPTIONS	/available_load	http://localhost:8080
04/24/2024	19:04:87	2d223c91-efab-4ef9-a965-7ef2d0ae98f3	GET	/available_load	http://localhost:8080
04/24/2024	19:04:69	03664c18-50c6-4e0c-9765-2746098d11c5	OPTIONS	/freight	http://localhost:8080
04/24/2024	19:04:86	c96445eb-d847-461e-bbda-0fec98362428	GET	/freight	http://localhost:8080
04/24/2024	19:04:09	7d4dde5b-3ed7-42ec-b918-c0cecd850bf3	OPTIONS	/freight_location	http://localhost:8080
04/24/2024	19:04:25	c9a8c720-491c-4164-b61f-0dd86073a375	POST	/freight_location	http://localhost:8080
04/24/2024	19:04:44	30c618ae-b2e3-4bd4-9044-022da9d8302c	OPTIONS	/contact_details	http://localhost:8080
04/24/2024	19:04:61	ce623027-ef98-4a7a-a273-1be075a4a9e3	POST	/contact_details	http://localhost:8080
04/24/2024	19:04:78	8fb473b9-2b90-43de-961e-6a20207bce09	GET	/contact_details	http://localhost:8080
04/24/2024	19:04:95	dd9440bb-cbc8-4ee6-929b-b7203cb124be	OPTIONS	/freight	http://localhost:8080
04/24/2024	19:04:12	db0e9275-ef81-4025-8b2f-57bd3f3e354f	POST	/freight	http://localhost:8080
04/24/2024	19:04:80	1dae2f57-4393-4371-8154-0fad3d3d4ae4	GET	/freight	undefined
04/24/2024	19:04:78	6bfb66af-0c06-4c6c-af0a-9d6d068c6c7a	GET	/freight_location	undefined
04/24/2024	19:04:84	5a84b534-f0df-4c55-bacd-5b8a9d4ecf33	OPTIONS	/freight_location	http://localhost:8080
04/24/2024	19:04:00	71d2a11c-c4c3-489f-be2b-7aa0f52ae2e0	POST	/freight_location	http://localhost:8080
04/24/2024	19:04:17	9d0824af-f339-44fb-98f2-4de7267081f4	POST	/freight_location	http://localhost:8080
04/24/2024	19:04:35	406c880c-734d-4095-989e-457ba3411062	OPTIONS	/contact_details	http://localhost:8080
04/24/2024	19:04:55	63180ac0-e127-4074-aa09-0f6672bba1ad	POST	/contact_details	http://localhost:8080
04/24/2024	19:04:74	31aba021-3efb-4246-a0a1-dbc4b5e665dd	GET	/contact_details	http://localhost:8080
04/24/2024	19:04:91	708ca8fd-9987-4ea0-875f-8f6743768a80	OPTIONS	/freight	http://localhost:8080
04/24/2024	19:04:08	c7f78df3-dada-4daa-a50e-53908ed190d5	POST	/freight	http://localhost:8080
04/24/2024	19:04:79	65469b94-1ca3-4e9a-9279-136be9eb855a	GET	/freight_location	undefined
04/24/2024	19:04:05	5e124cb1-e8a2-4077-a96c-2412b31b32f9	OPTIONS	/freight_location	http://localhost:8080
04/24/2024	19:04:22	82594941-3056-47bd-80ca-8893f7360349	POST	/freight_location	http://localhost:8080
04/24/2024	19:04:45	8d4ca12e-6f91-47a2-a941-fc8150734a8b	POST	/freight_location	http://localhost:8080
04/24/2024	19:04:62	4ac8690b-5396-4e17-98bf-f917c931623c	OPTIONS	/contact_details	http://localhost:8080
04/24/2024	19:04:80	1d093186-276a-4473-b51d-fc9bddaf347c	POST	/contact_details	http://localhost:8080
04/24/2024	19:04:98	71b0bcb6-43e0-47a0-8044-04c2d9b83511	GET	/contact_details	http://localhost:8080
04/24/2024	19:04:17	ee6e3350-578f-4489-a0fe-122d700c2d5a	OPTIONS	/freight	http://localhost:8080
04/24/2024	19:04:34	22cf64f3-7765-45ff-b20e-a88ecb8e1360	POST	/freight	http://localhost:8080
04/24/2024	19:04:07	0f469717-9421-4b1f-8e18-cc13f13add4c	GET	/freight_location	undefined
04/24/2024	19:04:01	02962812-7b5b-42e8-8eb2-09cd41d9ecf1	GET	/documents/	undefined
04/24/2024	19:04:73	ca2cf533-58e0-45a5-a362-b73b70c6f33e	GET	/documents/	undefined
04/24/2024	19:04:80	172d8244-9db9-4861-ad3c-7ac4a9ba2f52	GET	/documents/	undefined
04/24/2024	19:04:16	809f87cd-4edc-4232-8432-4b51c04f4a25	GET	/documents/	undefined
04/24/2024	19:04:29	05e471a3-6fea-421a-aecf-41b7bf428cc4	GET	/documents/	undefined
04/24/2024	19:04:82	b930a02f-dd37-4e6f-9264-fe9bb36be7fa	GET	/documents/	undefined
04/24/2024	19:04:79	c00fc4e5-e97e-4426-98c6-5bd736abe3c8	GET	/documents/	undefined
04/24/2024	20:04:77	cd3221f2-2898-4410-b84e-9f26fbfdc711	GET	/documents/	undefined
04/24/2024	20:04:42	43887cd7-2bc6-4933-bef2-985d09489a89	GET	/documents/	undefined
04/24/2024	20:04:79	745ef0f7-0d68-4355-b0e3-361dfe95c431	GET	/users_info	undefined
04/24/2024	20:04:73	f0d77d08-4566-405a-8923-07a7fa6a84ed	OPTIONS	/type_of_vehicle	http://localhost:8080
04/24/2024	20:04:90	ac8c5338-a0d9-40d8-a3d6-fb3abe5f39fc	GET	/type_of_vehicle	http://localhost:8080
04/24/2024	20:04:07	52a64806-c8ed-4e08-9342-d441d528a564	OPTIONS	/vehicle_equipment	http://localhost:8080
04/24/2024	20:04:28	1381437d-6d0a-48d5-886b-c0094ab36f6b	GET	/vehicle_equipment	http://localhost:8080
04/24/2024	20:04:47	46fd0217-3137-4ec0-b618-17dddbe1d9af	OPTIONS	/vehicle_body	http://localhost:8080
04/24/2024	20:04:65	12cf6837-9f75-48be-9df8-2acab6ff52db	GET	/vehicle_body	http://localhost:8080
04/24/2024	20:04:84	e373c240-d44c-4265-b865-483f2e4b7051	OPTIONS	/info	http://localhost:8080
04/24/2024	20:04:01	8efcc1bb-fc02-4c87-87b6-9ee84c0d17a4	GET	/info	http://localhost:8080
04/24/2024	20:04:18	18453fa1-90dd-46e1-921e-1dc547b3cdbf	OPTIONS	/charcer	http://localhost:8080
04/24/2024	20:04:37	736f2d5e-bb30-4668-bfc6-1da4d1f9820b	GET	/charcer	http://localhost:8080
04/24/2024	20:04:55	f1ff0284-e0cb-4d9d-bb53-ee874bd38de2	OPTIONS	/users	http://localhost:8080
04/24/2024	20:04:73	2d576c42-8c94-4f03-8fcd-cb621a99d483	GET	/users	http://localhost:8080
04/24/2024	20:04:91	8de220ce-1502-40e0-8b36-400f9f1e3e54	OPTIONS	/storage_equipment	http://localhost:8080
04/24/2024	20:04:07	0edcb2d5-d0fb-481b-99d7-1898070c8c63	GET	/storage_equipment	http://localhost:8080
04/24/2024	20:04:24	1ec74317-98d3-4081-8154-1d078d6a82fc	OPTIONS	/type_of_storage	http://localhost:8080
04/24/2024	20:04:42	9316c69b-6941-4bd7-8363-97a446433106	GET	/type_of_storage	http://localhost:8080
04/24/2024	20:04:59	da7cf6cb-fd46-4314-b0ce-b94afa5dfcbd	OPTIONS	/swap_body	http://localhost:8080
04/24/2024	20:04:76	04563027-3998-4a02-b612-6de0ee25418c	GET	/swap_body	http://localhost:8080
04/24/2024	20:04:94	2e157dc9-36dc-4d40-a834-741bae41bbe4	OPTIONS	/trailer_info	http://localhost:8080
04/24/2024	20:04:12	9ded0e1c-f63c-4836-bf96-e30fbe43bd27	GET	/trailer_info	http://localhost:8080
04/24/2024	20:04:29	0a2806bf-10e7-455d-8086-a80cf6a0fdfe	OPTIONS	/load_securing	http://localhost:8080
04/24/2024	20:04:46	723e1472-f214-4e32-98f5-6e22d2b63391	GET	/load_securing	http://localhost:8080
04/24/2024	20:04:63	1592ad3a-740c-414c-a509-3f4e8e855244	OPTIONS	/type_of_settiement	http://localhost:8080
04/24/2024	20:04:80	76316cd7-c5b2-4b2c-b995-3b2625f7639a	GET	/type_of_settiement	http://localhost:8080
04/24/2024	20:04:99	27941fcd-2b57-4b6a-9c6d-d3239c7b402c	GET	/type_of_settiement	http://localhost:8080
04/24/2024	20:04:17	19c38ddc-8c8a-43bb-a68a-edfda9063deb	OPTIONS	/type_of_cargo	http://localhost:8080
04/24/2024	20:04:34	c3b23616-24df-4be4-bbeb-4b71964b5e16	GET	/type_of_cargo	http://localhost:8080
04/24/2024	20:04:52	9b3af999-52aa-4733-ba12-767a633e2ec0	OPTIONS	/nature_cargo	http://localhost:8080
04/24/2024	20:04:70	49f601a8-8af4-47bb-bf6d-5c0429c47a69	GET	/nature_cargo	http://localhost:8080
04/24/2024	20:04:89	a6422e5b-6626-40ab-950d-4eb2d1f0d984	OPTIONS	/type_of_transport	http://localhost:8080
04/24/2024	20:04:05	b54aa647-44c6-4168-88de-13cff8996aa2	GET	/type_of_transport	http://localhost:8080
04/24/2024	20:04:24	cc05d659-d76c-4096-ab0f-c7cbc5d1bedc	OPTIONS	/storage_facilities	http://localhost:8080
04/24/2024	20:04:40	b6a5983b-4682-4920-82e6-8e6075b9db4e	GET	/storage_facilities	http://localhost:8080
04/24/2024	20:04:60	10f04eca-5db1-4648-92f5-91104ec40212	OPTIONS	/available_load	http://localhost:8080
04/24/2024	20:04:77	7216cf11-d8e4-467b-8a83-c758d01f1897	GET	/available_load	http://localhost:8080
04/24/2024	20:04:31	4cb93b38-b958-4883-b4b2-5bd091973817	POST	/users_info	undefined
04/24/2024	20:04:81	3dde0298-d7dc-46bf-b0fd-0ce981e03d32	POST	/users_info	undefined
04/24/2024	20:04:26	b09a629c-e186-41d5-921a-4a74f6b6ae36	GET	/users_info	undefined
04/24/2024	20:04:71	3df19c9d-5daa-44dd-b0e4-a0b9dcce8516	POST	/users_info	undefined
04/24/2024	20:04:08	d4173342-3efc-4c72-880a-e31180f584b5	POST	/users_info	undefined
04/24/2024	20:04:61	8eb462d5-80ee-4b1e-9334-ac3c8b968c7a	POST	/users_info	undefined
04/24/2024	20:04:51	3e98c4e6-beac-4ac3-836c-18636635a396	POST	/users_info	undefined
04/24/2024	20:04:82	85e03904-8920-498e-85df-26b64ba990e7	POST	/company_info	undefined
04/24/2024	20:04:38	cd3dab19-6df8-465a-a198-79b7706962ae	POST	/company_info	undefined
04/24/2024	20:04:53	cc2d5e93-b71d-4447-a785-e4bbade75856	POST	/company_info	undefined
04/24/2024	20:04:62	ccf90bcb-ccd4-4b3c-bef3-62fce52b79dc	POST	/company_info	undefined
04/24/2024	20:04:16	3ab72a33-8ae6-4876-ab3b-ebd80e552460	POST	/settings	undefined
04/24/2024	20:04:60	8bc9f304-1c71-4502-875d-74c5ee3d372d	POST	/contact_person	undefined
04/24/2024	20:04:98	cdc29b5f-4597-4112-aecb-c5d2cb9de68d	GET	/contact_person	undefined
04/24/2024	20:04:73	0f1c6fa0-83ab-4965-a1ff-f0dc905beb46	POST	/contact_person	undefined
04/24/2024	20:04:58	ad87b52d-c95d-4bce-8981-83128960986d	POST	/contact_person	undefined
04/24/2024	20:04:78	d44e8073-fc0f-4ea3-bbd9-307571d6ab2c	POST	/contact_person	undefined
04/24/2024	21:04:76	fd6fb1ad-9591-4c4f-b772-b323c82141bd	POST	/users_info	undefined
04/24/2024	21:04:44	3f266094-22a7-42ca-afb4-4482d25211db	GET	/users_info	undefined
04/24/2024	21:04:27	597e8d39-210d-4f16-aa06-1ded11cf4273	GET	/profile-photos/logo2.jpg	undefined
04/24/2024	21:04:73	05b06f20-8ec9-45c8-af7e-b52b9b6e4c2f	GET	/favicon.ico	undefined
04/24/2024	21:04:36	1e7d7cac-1c6a-4b6c-af27-fecb898632e7	GET	/profile-photos/logo2.jpg	undefined
04/24/2024	21:04:98	03cc0c46-ef99-4c51-aa6a-2bb735a1e698	GET	/documents/	undefined
04/24/2024	21:04:69	4778c482-5342-4eba-9a9e-f487d69c1862	GET	/documents/	undefined
04/24/2024	21:04:19	282aa7d6-d36d-4d9a-b378-fdc89ae887fd	POST	/contact_person	undefined
04/24/2024	22:04:37	81afad01-990f-4d25-a617-26437179600b	POST	/users_info	http://localhost:8080
04/24/2024	22:04:85	2d153e23-610e-4555-8fcc-be470b9f310b	POST	/users_info	http://localhost:8080
04/24/2024	22:04:91	6e84070f-f029-4b27-93dc-17891d765b2f	GET	/users_info	undefined
04/24/2024	22:04:16	ebef050b-ac55-420a-b245-6d554066183c	GET	/profile-photos/logo.jpg	undefined
04/24/2024	22:04:97	2d31c9bc-a7f5-4c83-b791-b5b200ceb1dd	GET	/favicon.ico	undefined
04/24/2024	22:04:94	acd47ead-aa55-4983-8b05-64c74a2d4b40	POST	/users_info	http://localhost:8080
04/24/2024	22:04:56	3965f5aa-2754-4039-83c8-f7980a2365f6	POST	/users_info	http://localhost:8080
04/24/2024	22:04:95	7350de3f-ad19-4c10-86b0-3846203930ba	POST	/contact_person	undefined
04/24/2024	22:04:98	240c9c65-1a6f-4023-a267-98cdaf5d3d1f	POST	/contact_person	undefined
04/24/2024	22:04:93	4558df50-c247-4f63-b3e6-dbbbe276c339	POST	/users_info	undefined
04/24/2024	22:04:14	830c4df8-9731-4ad0-ba6d-cd76a81a82f3	POST	/users_info	undefined
04/24/2024	23:04:46	2fe75f83-7e5f-4939-9103-86f20da27d2b	GET	/users_info	undefined
04/24/2024	23:04:82	7a56aa04-7d7c-4259-b880-f6ae24e85e10	GET	/users_info	undefined
04/24/2024	23:04:49	8c2cef6c-0abc-4364-84a7-173544a6165a	POST	/users_info	http://localhost:8080
04/24/2024	23:04:48	ce2e7768-06af-4cd6-90e8-4141e529f654	POST	/users_info	http://localhost:8080
04/24/2024	23:04:31	2aaa94cd-2d19-4586-9558-ae41ca1a4595	POST	/users_info	http://localhost:8080
04/24/2024	23:04:50	91442019-9205-4298-8b0d-85e34fc5fecb	POST	/users_info	http://localhost:8080
04/24/2024	23:04:60	0b0543c2-9a21-4165-90a9-8809daa729c2	GET	/users_info	undefined
04/24/2024	23:04:06	cf9762d8-3591-44e6-acb7-b4a3ea8dccba	POST	/users_info	http://localhost:8080
04/24/2024	23:04:65	b3816482-aff0-426f-8aad-7f9f378ee7a5	GET	/users_info	undefined
04/24/2024	23:04:40	f4ce73d3-8479-42b5-9562-a996ab14b6a1	POST	/users_info	http://localhost:8080
04/24/2024	23:04:80	57381102-799d-4f39-9ef7-c9d259465b10	POST	/users_info	http://localhost:8080
04/25/2024	00:04:07	e41fc24d-ed98-4e3b-92d3-e858332c8913	POST	/contact_person	http://localhost:8080
04/25/2024	00:04:28	b2f4d560-5c45-4751-be86-727b0c9b3db7	POST	/contact_person	http://localhost:8080
04/25/2024	00:04:49	8b97718f-d5e3-430e-86c4-cd100d5301a3	GET	/contact_person	undefined
04/25/2024	00:04:11	c041c21e-cb64-44e2-9e0e-bfaeb6face30	POST	/contact_person	http://localhost:8080
04/25/2024	00:04:73	b9849906-629f-404d-ad44-55a931209721	POST	/contact_person	http://localhost:8080
04/25/2024	00:04:11	c5846ced-6bff-4d02-99d3-04441fe13b28	POST	/contact_person	http://localhost:8080
04/25/2024	00:04:64	fbba4d80-b7de-4098-a519-05037768e77f	GET	/contact_person	undefined
04/25/2024	00:04:37	8a71c0f2-2e86-4195-a840-05587cf14429	GET	/	undefined
04/25/2024	00:04:57	456ba08b-2ff8-4695-851e-29d9e912ec9b	OPTIONS	/type_of_vehicle	http://localhost:8080
04/25/2024	00:04:75	44e801bd-7b5d-4cfc-8c2a-68d9c1374ad9	GET	/type_of_vehicle	http://localhost:8080
04/25/2024	00:04:91	691667d8-0621-481c-91f6-d181d33b0aea	OPTIONS	/vehicle_equipment	http://localhost:8080
04/25/2024	00:04:08	aae675dd-d421-49e8-aa94-33732c5e3835	GET	/vehicle_equipment	http://localhost:8080
04/25/2024	00:04:26	312e11e2-fee8-42b7-b62c-5858fdc67028	OPTIONS	/vehicle_body	http://localhost:8080
04/25/2024	00:04:41	00d003a1-8a06-4a75-933b-a435b1615d6f	GET	/vehicle_body	http://localhost:8080
04/25/2024	00:04:56	b4a4e36d-6b3b-42ab-8466-f60d4bb25d4a	OPTIONS	/info	http://localhost:8080
04/25/2024	00:04:71	cd24a05e-89dd-456a-8a4f-536373fd3c10	GET	/info	http://localhost:8080
04/25/2024	00:04:86	a95a1fa5-1699-452b-b75e-b4d7d7f3eeea	OPTIONS	/charcer	http://localhost:8080
04/25/2024	00:04:01	f7f45a69-80b6-4840-8196-d8d0093a4a62	GET	/charcer	http://localhost:8080
04/25/2024	00:04:17	d32d13c2-b886-4f67-97bd-8a7ecb073a76	OPTIONS	/users	http://localhost:8080
04/25/2024	00:04:31	70aa1eb1-6d00-4e76-86de-6cb0e8424ae6	GET	/users	http://localhost:8080
04/25/2024	00:04:48	6fb4dc42-aa19-493b-8a89-29915ca5b76a	OPTIONS	/storage_equipment	http://localhost:8080
04/25/2024	00:04:62	e1bf10b2-5bde-4fca-b2fa-10152c85ed01	GET	/storage_equipment	http://localhost:8080
04/25/2024	00:04:78	62b39e74-8bbe-4b0b-9f62-91c96ed802a6	OPTIONS	/type_of_storage	http://localhost:8080
04/25/2024	00:04:93	ab1be1e1-d245-4fee-99fd-0e96f95263b9	GET	/type_of_storage	http://localhost:8080
04/25/2024	00:04:10	70137115-f9c2-41ba-8274-9db7d6108ba8	OPTIONS	/swap_body	http://localhost:8080
04/25/2024	00:04:27	dcf0396c-fb72-4815-b773-82c66df5c10b	GET	/swap_body	http://localhost:8080
04/25/2024	00:04:44	7b6cdb3d-873e-4158-b5f2-397f2a15a1c7	OPTIONS	/trailer_info	http://localhost:8080
04/25/2024	00:04:59	a289be4a-deeb-4dd4-ac2e-9d4b82fed668	GET	/trailer_info	http://localhost:8080
04/25/2024	00:04:75	551bbe9d-8380-452d-a09d-cd2b524cbef3	OPTIONS	/load_securing	http://localhost:8080
04/25/2024	00:04:89	056607a8-7f39-4080-85da-4eff0c7d34c5	GET	/load_securing	http://localhost:8080
04/25/2024	00:04:05	2554d411-018f-40b6-a29d-276094ef99b4	OPTIONS	/type_of_settiement	http://localhost:8080
04/25/2024	00:04:19	bac07f1a-aaf9-4b73-b3aa-06a47c9a2915	GET	/type_of_settiement	http://localhost:8080
04/25/2024	00:04:35	e5db1918-945f-4125-bcb4-f02a2a226f26	GET	/type_of_settiement	http://localhost:8080
04/25/2024	00:04:50	5346d392-314f-4069-b513-015a18d51cce	OPTIONS	/type_of_cargo	http://localhost:8080
04/25/2024	00:04:64	65898bae-be56-4aed-a0b3-bda93f1b1a95	GET	/type_of_cargo	http://localhost:8080
04/25/2024	00:04:80	2c51a9f7-7293-46e5-81d9-62be60ece917	OPTIONS	/nature_cargo	http://localhost:8080
04/25/2024	00:04:95	00bfac07-67c6-480d-a58b-6cc07fd80c4f	GET	/nature_cargo	http://localhost:8080
04/25/2024	00:04:11	b6705e09-1e09-4047-b92a-f4bd37a10d87	OPTIONS	/type_of_transport	http://localhost:8080
04/25/2024	00:04:25	18fc72ab-cbdd-4749-90da-a21088758e3d	GET	/type_of_transport	http://localhost:8080
04/25/2024	00:04:41	45232cce-8c75-4ec4-8cb6-8fe3df91f21d	OPTIONS	/storage_facilities	http://localhost:8080
04/25/2024	00:04:55	1f873b16-61d1-4d73-ac1b-e535e1401222	GET	/storage_facilities	http://localhost:8080
04/25/2024	00:04:72	f25706a8-1b7a-4cbd-8eb4-d3377e1d0970	OPTIONS	/available_load	http://localhost:8080
04/25/2024	00:04:87	903a6261-035a-448c-a306-d227b524e64d	GET	/available_load	http://localhost:8080
04/25/2024	00:04:96	777f5002-fbc9-4f26-ad4c-c263767753f2	OPTIONS	/type_of_vehicle	http://localhost:8080
04/25/2024	00:04:11	04ba6a4d-2bb5-491c-94c8-886f34a90dc9	GET	/type_of_vehicle	http://localhost:8080
04/25/2024	00:04:28	e23076e7-0d95-4168-bc0e-bdce74b10416	OPTIONS	/vehicle_equipment	http://localhost:8080
04/25/2024	00:04:43	03021c86-51d5-4f20-9865-7fa3942372c6	GET	/vehicle_equipment	http://localhost:8080
04/25/2024	00:04:59	c3c0a5c6-feef-4a4d-8903-f9f594a2320c	OPTIONS	/vehicle_body	http://localhost:8080
04/25/2024	00:04:74	2eed7e01-64d7-4336-9e26-109668d68e53	GET	/vehicle_body	http://localhost:8080
04/25/2024	00:04:91	39201509-6d22-4658-b2c0-82699f522631	OPTIONS	/info	http://localhost:8080
04/25/2024	00:04:07	7a735af7-b47c-487a-a747-fe338261ed9a	GET	/info	http://localhost:8080
04/25/2024	00:04:22	1174739f-4d61-475c-a894-493bbf2595a6	OPTIONS	/charcer	http://localhost:8080
04/25/2024	00:04:37	97c13659-8a0b-451e-ac2d-ba28b7a563c7	GET	/charcer	http://localhost:8080
04/25/2024	00:04:53	5f761652-2bba-4596-8d1d-881eaafaccc4	OPTIONS	/users	http://localhost:8080
04/25/2024	00:04:68	88bca70e-945d-41e2-80fa-458f515676db	GET	/users	http://localhost:8080
04/25/2024	00:04:84	c26a104f-d2e4-4584-bc9e-bc8a54a26b88	OPTIONS	/storage_equipment	http://localhost:8080
04/25/2024	00:04:01	a2b01cf0-7a5c-4e04-98f5-02f53728fea4	GET	/storage_equipment	http://localhost:8080
04/25/2024	00:04:16	11913df6-85fc-47c7-881d-3478d605eed2	OPTIONS	/type_of_storage	http://localhost:8080
04/25/2024	00:04:31	3e2bd10f-627a-4658-a51d-0c625f4c7dbb	GET	/type_of_storage	http://localhost:8080
04/25/2024	00:04:47	fd1b9529-f9d8-4c5f-be03-2c61a786c6be	OPTIONS	/swap_body	http://localhost:8080
04/25/2024	00:04:62	72710d62-aba1-4dfc-8367-1fddd3ac2eb0	GET	/swap_body	http://localhost:8080
04/25/2024	00:04:78	aff2d400-3deb-48c8-b485-d978b3971261	OPTIONS	/trailer_info	http://localhost:8080
04/25/2024	00:04:93	06bc0ee5-b08a-4e6e-b01d-5ffa072f33ab	GET	/trailer_info	http://localhost:8080
04/25/2024	00:04:09	1d764c5f-7810-47b0-891a-a92aa6967f5d	OPTIONS	/load_securing	http://localhost:8080
04/25/2024	00:04:25	770eb925-db7c-4b00-9000-2dfcf6e27b7d	GET	/load_securing	http://localhost:8080
04/25/2024	00:04:41	2af69aca-47bd-40ff-81f7-da2d51f0a9e5	OPTIONS	/type_of_settiement	http://localhost:8080
04/25/2024	00:04:56	8f3c5e93-dc0b-4cf6-a8b4-c063540ea93b	GET	/type_of_settiement	http://localhost:8080
04/25/2024	00:04:71	cb690489-00df-457a-ba53-aa7da8279115	GET	/type_of_settiement	http://localhost:8080
04/25/2024	00:04:87	41e8de46-7377-4c34-b32c-28014d842e96	OPTIONS	/type_of_cargo	http://localhost:8080
04/25/2024	00:04:02	ef16b067-be80-4bfd-ab8f-662c84bfe440	GET	/type_of_cargo	http://localhost:8080
04/25/2024	00:04:18	020eebfd-1973-4ef7-ac82-cf8c6837fc83	OPTIONS	/nature_cargo	http://localhost:8080
04/25/2024	00:04:33	d7f2c49d-4337-4e81-9f13-d7b40897fc8a	GET	/nature_cargo	http://localhost:8080
04/25/2024	00:04:50	9d26b65c-bc06-4dc6-b9cc-94ca0f893089	OPTIONS	/type_of_transport	http://localhost:8080
04/25/2024	00:04:65	8dd3c80a-e8f8-4d55-90cf-52829b7e9c7c	GET	/type_of_transport	http://localhost:8080
04/25/2024	00:04:80	d0e87257-82d0-4932-bf8e-04c757e0d29d	OPTIONS	/storage_facilities	http://localhost:8080
04/25/2024	00:04:95	62930437-be89-4f15-96f1-5e7ab5b3a5a4	GET	/storage_facilities	http://localhost:8080
04/25/2024	00:04:11	95a13989-9ecc-47a6-bdb9-00210b8d833d	OPTIONS	/available_load	http://localhost:8080
04/25/2024	00:04:26	62fd83b8-9867-4c65-97d3-bd4008dc2981	GET	/available_load	http://localhost:8080
04/25/2024	00:04:79	3327b7ac-118d-4cb7-838a-a2f700cc243a	OPTIONS	/type_of_vehicle	http://localhost:8080
04/25/2024	00:04:94	954d55d0-2c4a-40df-b99a-e6a479eb166d	GET	/type_of_vehicle	http://localhost:8080
04/25/2024	00:04:12	49dbc146-012c-4d5a-ae55-86b0d5e3f0de	OPTIONS	/vehicle_equipment	http://localhost:8080
04/25/2024	00:04:27	b9d0bfc6-7ae9-4f99-9b4e-6702efd01e45	GET	/vehicle_equipment	http://localhost:8080
04/25/2024	00:04:43	fb4b6f9e-e73f-4a69-b91e-1ba8c66261d8	OPTIONS	/vehicle_body	http://localhost:8080
04/25/2024	00:04:58	fdafe908-deb6-4ec1-8c2b-bf514ca55a88	GET	/vehicle_body	http://localhost:8080
04/25/2024	00:04:73	3f36982f-2519-4a61-bb78-b4238184d4d6	OPTIONS	/info	http://localhost:8080
04/25/2024	00:04:88	06afc327-bf9a-4e8b-a43d-1be58c84250d	GET	/info	http://localhost:8080
04/25/2024	00:04:04	415899df-d227-4997-8fcd-85391f85f33b	OPTIONS	/charcer	http://localhost:8080
04/25/2024	00:04:19	d1eadf8e-a8c9-417e-b9d4-8a985fd0c631	GET	/charcer	http://localhost:8080
04/25/2024	00:04:35	fb83a267-7f0b-4ebb-9ab5-2a94b31da25f	OPTIONS	/users	http://localhost:8080
04/25/2024	00:04:50	cc56f1f8-23a6-475c-9acb-059b8226229f	GET	/users	http://localhost:8080
04/25/2024	00:04:66	7e0abbcf-ab53-4412-936c-9885d33e5537	OPTIONS	/storage_equipment	http://localhost:8080
04/25/2024	00:04:81	997150dd-613f-41a6-a389-8a9f700030ae	GET	/storage_equipment	http://localhost:8080
04/25/2024	00:04:96	37671184-2f45-4f57-8f75-49cb9cd059fe	OPTIONS	/type_of_storage	http://localhost:8080
04/25/2024	00:04:12	74fdcb47-afd1-4cf8-b331-9ae7b3ce06a5	GET	/type_of_storage	http://localhost:8080
04/25/2024	00:04:27	47807e9d-eaca-42fd-94bc-3b9a8f7e8246	OPTIONS	/swap_body	http://localhost:8080
04/25/2024	00:04:42	335b55d4-a013-42f9-985a-3761d46dab0a	GET	/swap_body	http://localhost:8080
04/25/2024	00:04:69	2b431c87-d1e9-4496-9359-5a8f92b3c7e7	OPTIONS	/trailer_info	http://localhost:8080
04/25/2024	00:04:84	236e433b-84ae-4b62-9457-41ad9a21f5bf	GET	/trailer_info	http://localhost:8080
04/25/2024	00:04:03	e65ae61f-5c06-4268-bce6-f8bc480b4ecb	OPTIONS	/load_securing	http://localhost:8080
04/25/2024	00:04:18	df50fa28-8616-4e23-a7ed-0a81b4f6ea1b	GET	/load_securing	http://localhost:8080
04/25/2024	00:04:33	97e7cabb-81c1-46da-b90a-78e60b3fc7ef	OPTIONS	/type_of_settiement	http://localhost:8080
04/25/2024	00:04:48	bbd125b1-b890-4c6a-93d5-b90563e269fa	GET	/type_of_settiement	http://localhost:8080
04/25/2024	00:04:63	699f98d7-84fd-4925-bedd-9f132347334c	GET	/type_of_settiement	http://localhost:8080
04/25/2024	00:04:79	9f9d6135-b162-492c-ad2c-fdd8ac23219e	OPTIONS	/type_of_cargo	http://localhost:8080
04/25/2024	00:04:94	9cb92c4d-1f4d-4dce-924c-7b51fdd48530	GET	/type_of_cargo	http://localhost:8080
04/25/2024	00:04:10	47519625-d74a-44f7-8708-14d0fada8cdc	OPTIONS	/nature_cargo	http://localhost:8080
04/25/2024	00:04:24	ecf94da1-8285-46f2-a85e-b26478ae839f	GET	/nature_cargo	http://localhost:8080
04/25/2024	00:04:40	4bffb23a-35da-4d3d-82fc-49bd63bd2d9f	OPTIONS	/type_of_transport	http://localhost:8080
04/25/2024	00:04:55	a2311f5d-b86c-4c37-873b-d8447f1d0b83	GET	/type_of_transport	http://localhost:8080
04/25/2024	00:04:70	f3f722e8-a113-492c-a05e-fd5308a8a3ad	OPTIONS	/storage_facilities	http://localhost:8080
04/25/2024	00:04:85	1f1d70bf-3d68-45b2-9143-33f6aa08c27f	GET	/storage_facilities	http://localhost:8080
04/25/2024	00:04:01	5ea1b302-aeaa-4146-941b-81056a63ebdc	OPTIONS	/available_load	http://localhost:8080
04/25/2024	00:04:16	cb46f2b8-ccd1-4607-9d6c-9d294bb8e342	GET	/available_load	http://localhost:8080
04/25/2024	00:04:25	b84183c1-3028-415b-a723-989bf607b3f6	OPTIONS	/company_info	http://localhost:8080
04/25/2024	00:04:39	0731e4e9-2346-46cd-8522-9580c4d11251	POST	/company_info	http://localhost:8080
04/25/2024	00:04:25	e10a8112-aea8-4f78-9908-b57cf60f1a32	GET	/company_info	undefined
04/25/2024	00:04:64	7ecd30ca-a9af-42f4-b382-cd15d5d70138	GET	/settings?	undefined
04/25/2024	00:04:21	f4da96c6-4df0-4136-af8a-2b4b8c0e478e	POST	/settings	undefined
04/25/2024	00:04:57	645af97a-4c99-447a-a3d4-a75259dbb18f	GET	/settings?	undefined
04/25/2024	00:04:90	f7b9b276-fca3-49e8-ad24-d8b6abc23a3f	GET	/settings	undefined
04/25/2024	01:04:32	03a5bcd7-4498-4088-97c0-dc5808f06490	OPTIONS	/settings	http://localhost:8080
04/25/2024	01:04:47	86b5032f-0e92-4088-b1ce-86f3c3b6da09	POST	/settings	http://localhost:8080
04/25/2024	01:04:74	dcd86696-a19f-489c-9584-9ce3d78800db	POST	/settings	undefined
04/25/2024	01:04:38	e2af8b32-acb8-454d-b5ee-2ca056b7dc5e	GET	/settings	undefined
04/25/2024	01:04:63	50d6348d-72f9-4393-bb7b-f12d892f22b5	POST	/fav_black	undefined
04/25/2024	01:04:03	0d7b1b24-3c04-4409-a3c4-6a7338b8d501	GET	/fav_black	undefined
04/25/2024	02:04:71	5eb6d417-0c8d-4761-84cc-58d9630266ea	GET	/fav_black	undefined
04/25/2024	02:04:26	92b3e100-f4ef-41ed-8ef6-bd8a0fb5208f	OPTIONS	/fav_black	http://localhost:8080
04/25/2024	02:04:52	8936956a-73e2-42c2-b88b-fad418d4e6e9	POST	/fav_black	http://localhost:8080
04/25/2024	02:04:77	929af034-f649-4028-8b29-82341b2f36c2	POST	/fav_black	http://localhost:8080
04/25/2024	02:04:57	647d27bc-5097-4f1d-b5b4-a74fd95cb042	GET	/fav_black	undefined
04/25/2024	02:04:52	b0fe7152-dadb-493d-aa2e-ea807d37775c	OPTIONS	/fav_black	http://localhost:8080
04/25/2024	02:04:67	9d300c77-a056-4a43-88f5-5048fd9c05fb	POST	/fav_black	http://localhost:8080
04/25/2024	02:04:83	f791018d-63a7-4a8d-a0d5-3266a130317b	POST	/fav_black	http://localhost:8080
04/25/2024	02:04:99	67988951-8164-44c9-bf53-89e2add1cdad	POST	/fav_black	http://localhost:8080
04/25/2024	02:04:15	7767f0d2-f23e-4661-9689-d8870b722cf8	POST	/fav_black	http://localhost:8080
04/25/2024	02:04:09	b834a262-90b4-4862-aac0-311e2c259be0	GET	/fav_black	undefined
04/25/2024	02:04:04	75b4f5f7-daba-40c7-8bef-1b6453460d0b	OPTIONS	/type_of_vehicle	http://localhost:8080
04/25/2024	02:04:19	e2b33e36-6fe4-476a-95f1-743d7b56be12	GET	/type_of_vehicle	http://localhost:8080
04/25/2024	02:04:35	47ef7b45-3ce4-4520-ab5b-878a0ff48ab2	OPTIONS	/vehicle_equipment	http://localhost:8080
04/25/2024	02:04:50	fbde1910-4352-4211-b593-ac485d884c14	GET	/vehicle_equipment	http://localhost:8080
04/25/2024	02:04:66	d0a3e6ba-678b-4890-9026-8cd5e29c132d	OPTIONS	/vehicle_body	http://localhost:8080
04/25/2024	02:04:81	1c7bca52-5908-4d0c-88ed-b336b5eb2f90	GET	/vehicle_body	http://localhost:8080
04/25/2024	02:04:98	8ebafd7b-27bc-4e02-bbd0-fe417fd6ad2f	OPTIONS	/info	http://localhost:8080
04/25/2024	02:04:13	b6f9e60b-ad46-4d62-9f62-ba8500e5f9ac	GET	/info	http://localhost:8080
04/25/2024	02:04:29	afa32cb4-0ed4-4811-991b-06d75f1fd85d	OPTIONS	/charcer	http://localhost:8080
04/25/2024	02:04:44	9529b06c-4027-4048-93ec-7d7f8518e075	GET	/charcer	http://localhost:8080
04/25/2024	02:04:60	29e7b4f7-9508-44bf-be65-fa9ee270d491	OPTIONS	/users	http://localhost:8080
04/25/2024	02:04:76	a437fbe2-9a92-4d61-ab04-41f9183833ba	GET	/users	http://localhost:8080
04/25/2024	02:04:93	72d86572-cb75-47d8-85b0-65e445f8de06	OPTIONS	/storage_equipment	http://localhost:8080
04/25/2024	02:04:07	256c0242-fc0e-4593-9d32-e8566abf56da	GET	/storage_equipment	http://localhost:8080
04/25/2024	02:04:23	a20cf6b7-91da-422e-8125-2d10fecd0b70	OPTIONS	/type_of_storage	http://localhost:8080
04/25/2024	02:04:38	df0252d5-750b-4c00-96e1-87a9cd41ff9b	GET	/type_of_storage	http://localhost:8080
04/25/2024	02:04:55	90f6224a-0b62-4ea7-9337-84639d0c9348	OPTIONS	/swap_body	http://localhost:8080
04/25/2024	02:04:70	c16655fe-4aac-4e19-96a0-6568e1efba9a	GET	/swap_body	http://localhost:8080
04/25/2024	02:04:86	5e635b48-62f0-4cbf-8f46-a01873126d97	OPTIONS	/trailer_info	http://localhost:8080
04/25/2024	02:04:01	a5b08767-9050-45af-8315-4912bd562222	GET	/trailer_info	http://localhost:8080
04/25/2024	02:04:17	8dcf004f-45cb-49bb-8843-d90e1cf30fd7	OPTIONS	/load_securing	http://localhost:8080
04/25/2024	02:04:33	62f55ead-9780-423b-b317-e53674ba4a28	GET	/load_securing	http://localhost:8080
04/25/2024	02:04:49	55ef143d-e155-4e3b-9ad8-42b3d07029d0	OPTIONS	/type_of_settiement	http://localhost:8080
04/25/2024	02:04:64	8ee06a66-20d9-4ec1-bd77-450b284ace48	GET	/type_of_settiement	http://localhost:8080
04/25/2024	02:04:80	1d50a759-4aaf-4e68-b180-74dff37f8f34	GET	/type_of_settiement	http://localhost:8080
04/25/2024	02:04:95	1aee1e88-84b6-4e37-a443-14f769f7c5fb	OPTIONS	/type_of_cargo	http://localhost:8080
04/25/2024	02:04:11	1dc52db7-f4d8-493f-872d-e37776fca6db	GET	/type_of_cargo	http://localhost:8080
04/25/2024	02:04:28	2d20384c-394e-4b16-baae-56437fcb1c80	OPTIONS	/nature_cargo	http://localhost:8080
04/25/2024	02:04:43	d9ab43cc-f6da-4198-8d97-453482384234	GET	/nature_cargo	http://localhost:8080
04/25/2024	02:04:60	1f04a3e5-0023-40e2-89c0-8583cdc69c4a	OPTIONS	/type_of_transport	http://localhost:8080
04/25/2024	02:04:75	928992e4-f87f-49ca-8d0e-f3c6f767138c	GET	/type_of_transport	http://localhost:8080
04/25/2024	02:04:91	e32f1310-ac55-4943-a345-c072b58d2057	OPTIONS	/storage_facilities	http://localhost:8080
04/25/2024	02:04:06	ea0aa172-cf39-4334-a037-69cd00e2fdb0	GET	/storage_facilities	http://localhost:8080
04/25/2024	02:04:22	9e5a529c-e5fc-4ba4-89ff-5d900da382c9	OPTIONS	/available_load	http://localhost:8080
04/25/2024	02:04:37	6691e882-0a29-4a7a-95fd-a40b367ad226	GET	/available_load	http://localhost:8080
04/25/2024	02:04:51	b1a8b359-f70f-4850-ac7b-df4de7bcff44	GET	/settings	undefined
04/25/2024	02:04:71	44f3444f-cb9f-4942-b12a-f82b7e3c5ee9	GET	/users_info	undefined
04/25/2024	02:04:62	fc92e9c5-9ba3-4689-85c2-7d35f4ebc31c	GET	/company_info	undefined
04/25/2024	02:04:73	56ba4c87-3b52-4f24-b9a7-6f2b89c1b118	GET	/contact_person	undefined
04/25/2024	02:04:95	a03460f9-5938-4951-922e-34e8dfe97877	GET	/fav_black	undefined
04/25/2024	02:04:78	b8210f5f-824a-4cb4-bc6d-24f141cb6278	GET	/documents/	undefined
04/25/2024	02:04:95	d6dff62b-7ac1-4376-a548-5982fc92e3cd	GET	/documents/	undefined
04/25/2024	02:04:31	74dad8e7-411a-4fd5-8280-0decc70693fb	GET	/profile-photos/logo.jpg	undefined
04/25/2024	02:04:33	eb64736c-78e7-41a5-9abf-70babf63ddd2	GET	/favicon.ico	undefined
04/25/2024	02:04:49	bb33fe24-bcad-43b2-b493-3e5b4c3876e7	POST	/contact_person	http://localhost:8080
04/25/2024	02:04:82	65e53d7f-e347-4559-8c33-a737fd923ff7	POST	/users_info	http://localhost:8080
04/25/2024	02:04:17	793618c8-2577-44a4-9941-48b1df852bb0	POST	/users_info	http://localhost:8080
04/25/2024	02:04:50	fae14956-1fd6-4ab9-823b-c7abe273e3d5	POST	/users_info	http://localhost:8080
04/25/2024	02:04:68	bf4a1a3d-4a45-47b6-ac8d-e2d1617cd271	OPTIONS	/company_info	http://localhost:8080
04/25/2024	02:04:83	74cd73d1-5d19-4937-906e-f0dfbe1e521b	POST	/company_info	http://localhost:8080
04/25/2024	02:04:01	2c11e6ab-8b1e-44d6-a19f-8baff4d44cdd	OPTIONS	/settings	http://localhost:8080
04/25/2024	02:04:18	d6dcb5a4-2dd3-4517-b7f5-3693bf57393f	POST	/settings	http://localhost:8080
04/25/2024	02:04:81	5cc8757b-6f3c-410c-9e85-4fa0ff8e1378	GET	/users_info	undefined
04/25/2024	02:04:45	000096c0-1df9-456c-9591-26d8727e8239	POST	/users_info	http://localhost:8080
04/25/2024	02:04:78	415ca07f-5af9-43f0-a019-1fb2a1bf8c39	POST	/users_info	http://localhost:8080
04/25/2024	02:04:57	3093f880-cbcc-434d-bd75-9f66c5505557	POST	/users_info	http://localhost:8080
04/25/2024	02:04:90	1247e0b7-756d-4505-9f31-9545307b2f09	POST	/users_info	http://localhost:8080
04/25/2024	02:04:22	96915b00-f81b-46e5-a7a7-5a79ef7d010c	POST	/users_info	http://localhost:8080
04/25/2024	02:04:42	04bd7bd6-3789-4018-ba83-12f2c4af33a2	GET	/settings	undefined
04/25/2024	02:04:38	c71aa7f5-419a-4dac-9761-b7cec4879983	GET	/users_info	undefined
04/25/2024	02:04:87	36eaeac5-4a54-49dc-9684-1661b5a62b16	GET	/company_info	undefined
04/25/2024	02:04:48	d296e25e-7ba5-4e7f-8467-2f0388385254	GET	/contact_person	undefined
04/25/2024	02:04:77	c75d182e-85d7-4161-a121-9cc72487202c	GET	/fav_black	undefined
04/25/2024	02:04:89	0af04ded-749e-41aa-9778-52dfba5bec2b	GET	/documents/	undefined
04/25/2024	02:04:04	d8897855-1246-45f1-9753-1a6f4d8a60bc	GET	/documents/	undefined
04/25/2024	02:04:53	9a92fb93-8acc-45bd-aed9-1345186c069d	POST	/contact_person	http://localhost:8080
04/25/2024	02:04:87	84f693d7-a14d-4bb9-82f7-3ece724182d9	POST	/users_info	http://localhost:8080
04/25/2024	02:04:23	e51fd11f-9e85-434a-9628-543eef61935a	POST	/users_info	http://localhost:8080
04/25/2024	02:04:41	2d6e3588-d96a-4af8-ae84-bc7f042604c4	OPTIONS	/company_info	http://localhost:8080
04/25/2024	02:04:57	a71f2270-ba49-430b-8e58-67bfb7a932bd	POST	/company_info	http://localhost:8080
04/25/2024	02:04:75	7f983cb1-e0ad-4a9a-80b2-cc39a61fd251	OPTIONS	/settings	http://localhost:8080
04/25/2024	02:04:91	45282b91-73e1-4a9b-8965-811aaaf96cbf	POST	/settings	http://localhost:8080
04/25/2024	02:04:07	c935380d-2204-4ade-a249-0b72e933d692	OPTIONS	/fav_black	http://localhost:8080
04/25/2024	02:04:24	e0fb49dd-4765-4655-b248-99dbd12cf92d	POST	/fav_black	http://localhost:8080
04/25/2024	02:04:41	761c7be7-2747-4e3d-81d9-97034b8e8a77	POST	/fav_black	http://localhost:8080
04/25/2024	02:04:11	26549971-5ba0-4f42-a54a-60896bf73660	GET	/settings	undefined
04/25/2024	02:04:64	fa9584b6-2bec-42fa-a097-d5f21ce8e164	GET	/users_info	undefined
04/25/2024	02:04:96	47480225-93f3-4c29-9a85-ae7de1e8d8cb	GET	/company_info	undefined
04/25/2024	02:04:33	ae2d48e2-a306-4f16-876e-096283d5bbd0	GET	/contact_person	undefined
04/25/2024	02:04:25	f17a5d2f-25f0-4f22-879f-60e7a8933ba8	GET	/fav_black	undefined
04/25/2024	14:04:82	dcac6001-d6d1-4453-9364-7e0c23ab557a	GET	/documents/	undefined
04/25/2024	14:04:82	c77d1c7d-d936-4376-9a0c-b79f8b3d79bb	GET	/documents/	undefined
04/25/2024	15:04:30	59529c88-e04a-4306-a0a5-d52574154d4a	OPTIONS	/type_of_vehicle	http://localhost:8080
04/25/2024	15:04:45	4cacf3ac-ccec-4d85-8b9e-044c09e2d455	GET	/type_of_vehicle	http://localhost:8080
04/25/2024	15:04:65	7c3f61c2-715e-4da9-8854-29fbf7c15683	OPTIONS	/vehicle_equipment	http://localhost:8080
04/25/2024	15:04:81	4c20e8ae-ffaf-4d95-88bd-b869bbf6827b	GET	/vehicle_equipment	http://localhost:8080
04/25/2024	15:04:04	452270c7-5172-4bc1-b658-0c25a372ad28	OPTIONS	/vehicle_body	http://localhost:8080
04/25/2024	15:04:19	bd835de3-b09d-41f5-bd50-bf6481dcf713	GET	/vehicle_body	http://localhost:8080
04/25/2024	15:04:37	c15b52f3-6172-4be4-9a7e-d0bac6ab97ef	OPTIONS	/info	http://localhost:8080
04/25/2024	15:04:52	72da61fd-3b45-4ea5-923c-d78cb86ce246	GET	/info	http://localhost:8080
04/25/2024	15:04:69	9ae6cae7-df6b-42dd-b3fd-0869ce075f99	OPTIONS	/charcer	http://localhost:8080
04/25/2024	15:04:85	dcab9d10-e9d3-4898-b0ab-9f7fc099e065	GET	/charcer	http://localhost:8080
04/25/2024	15:04:04	c9e500ba-f8f8-42bf-9457-41546d3dfb44	OPTIONS	/users	http://localhost:8080
04/25/2024	15:04:19	f721e95d-fd4e-485e-b93f-e138845bde41	GET	/users	http://localhost:8080
04/25/2024	15:04:36	0628ca12-ca65-4ddf-80bd-917fea617182	OPTIONS	/storage_equipment	http://localhost:8080
04/25/2024	15:04:52	b9234bed-8758-4e36-ad82-d46e59ba1e94	GET	/storage_equipment	http://localhost:8080
04/25/2024	15:04:68	783f3eb3-9606-49e0-8b44-6cfc0031ed63	OPTIONS	/type_of_storage	http://localhost:8080
04/25/2024	15:04:85	52e37398-034b-48b6-a63b-711d0fe4faf8	GET	/type_of_storage	http://localhost:8080
04/25/2024	15:04:03	d24aef98-4876-4eef-a768-5503db014203	OPTIONS	/swap_body	http://localhost:8080
04/25/2024	15:04:19	b3658f15-7a10-4e63-9e6a-8a37e8057b24	GET	/swap_body	http://localhost:8080
04/25/2024	15:04:36	41a26b4a-0d67-4dff-8205-e00e48a62a5c	OPTIONS	/trailer_info	http://localhost:8080
04/25/2024	15:04:52	d5e177b8-d1cd-48c9-bdf2-a77096ed31c3	GET	/trailer_info	http://localhost:8080
04/25/2024	15:04:68	bdf8e5de-7a04-45be-b1b1-f35572a3a8cb	OPTIONS	/load_securing	http://localhost:8080
04/25/2024	15:04:84	57253a96-45d6-431b-bf86-a1073f2a48f6	GET	/load_securing	http://localhost:8080
04/25/2024	15:04:11	8bb86dc4-e4fa-4c54-afe1-573d534748aa	OPTIONS	/type_of_settiement	http://localhost:8080
04/25/2024	15:04:27	f3742477-7c95-4bb8-9572-43917f8f325a	GET	/type_of_settiement	http://localhost:8080
04/25/2024	15:04:45	0b5ad875-65e8-425c-8fd6-cd199feb8517	GET	/type_of_settiement	http://localhost:8080
04/25/2024	15:04:64	a02e98d0-a13a-4274-9b6a-28163c44cb7f	OPTIONS	/type_of_cargo	http://localhost:8080
04/25/2024	15:04:79	a0cd8506-c90e-4bd8-a4ea-fc65aa9076dc	GET	/type_of_cargo	http://localhost:8080
04/25/2024	15:04:95	f1b18e87-4694-42db-8aba-81747ddb8eaf	OPTIONS	/nature_cargo	http://localhost:8080
04/25/2024	15:04:11	5bcab490-eaf5-4260-ac5a-81cab3b7de1a	GET	/nature_cargo	http://localhost:8080
04/25/2024	15:04:27	3d9761f2-7288-4c8b-9064-fbc4fab455ae	OPTIONS	/type_of_transport	http://localhost:8080
04/25/2024	15:04:42	38f9b84c-01e5-4a93-a3ae-c7acd4f9c497	GET	/type_of_transport	http://localhost:8080
04/25/2024	15:04:60	809b8ef5-32f5-4fa9-b761-bbe1ed4882ff	OPTIONS	/storage_facilities	http://localhost:8080
04/25/2024	15:04:78	e1330ffb-af33-42bf-bba3-2cfbff3055ba	GET	/storage_facilities	http://localhost:8080
04/25/2024	15:04:97	5a92e21f-704b-44b9-880a-eeefded9cca6	OPTIONS	/available_load	http://localhost:8080
04/25/2024	15:04:12	55440b91-829d-418d-a8c7-b9ae821382ab	GET	/available_load	http://localhost:8080
04/25/2024	15:04:08	5a44a414-217e-43fc-83fd-361731ae2004	GET	/documents/	undefined
04/25/2024	15:04:72	141ea5ca-202a-4f04-9a84-6bb517b64f6f	GET	/warehousing	undefined
04/25/2024	17:04:23	8bdafc2f-8d5d-4196-a0d7-f108a5e4e508	GET	/warehousing	undefined
04/25/2024	17:04:17	62d261e1-b2e7-45ee-9f05-633d998e9019	GET	/documents/	undefined
04/25/2024	18:04:81	f9969c9d-50f4-4299-b144-2d776a5f0c3b	OPTIONS	/type_of_vehicle	http://localhost:8080
04/25/2024	18:04:96	03981dfe-78df-4621-8049-e3f8a7100279	GET	/type_of_vehicle	http://localhost:8080
04/25/2024	18:04:18	70304d24-cad9-46b1-a5d0-a7f87ec2fe4f	OPTIONS	/vehicle_equipment	http://localhost:8080
04/25/2024	18:04:33	26810b69-ece2-4b19-b487-a81590f6549f	GET	/vehicle_equipment	http://localhost:8080
04/25/2024	18:04:52	4e28b021-175d-4c48-8d74-9e4e219b86b5	OPTIONS	/vehicle_body	http://localhost:8080
04/25/2024	18:04:67	c21c768a-383b-450f-b694-cb38c5244fff	GET	/vehicle_body	http://localhost:8080
04/25/2024	18:04:84	ec42735f-4312-40c4-8a2a-feb64c6d8f55	OPTIONS	/info	http://localhost:8080
04/25/2024	18:04:00	3692eaf3-60c0-4ee3-b0c3-32f37da14694	GET	/info	http://localhost:8080
04/25/2024	18:04:16	8484a703-0622-489f-ac35-6b5723ff09ed	OPTIONS	/charcer	http://localhost:8080
04/25/2024	18:04:32	2e88a61e-d226-4e97-bfdb-9d8fddb48ce0	GET	/charcer	http://localhost:8080
04/25/2024	18:04:49	41206b82-3367-41c9-8270-f16e59a25acf	OPTIONS	/users	http://localhost:8080
04/25/2024	18:04:64	42a585f7-a8b2-4e29-8361-1e77240d7ae3	GET	/users	http://localhost:8080
04/25/2024	18:04:82	98f07c60-2d8c-4451-b384-d92f03e81dfe	OPTIONS	/storage_equipment	http://localhost:8080
04/25/2024	18:04:99	d41e4b83-5765-4b3a-bcaa-82170080ec32	GET	/storage_equipment	http://localhost:8080
04/25/2024	18:04:19	eecd9879-a578-4da2-953d-90bf2db7938d	OPTIONS	/type_of_storage	http://localhost:8080
04/25/2024	18:04:33	89e24309-df87-42dc-a123-52510d604586	GET	/type_of_storage	http://localhost:8080
04/25/2024	18:04:49	c4d2ef0d-2f1f-4b45-b526-488d18a0f9ac	OPTIONS	/swap_body	http://localhost:8080
04/25/2024	18:04:64	e0ca8fbe-6a05-4659-91b3-385443044116	GET	/swap_body	http://localhost:8080
04/25/2024	18:04:81	c9d37d9d-0adf-4775-9728-160b041f53b2	OPTIONS	/trailer_info	http://localhost:8080
04/25/2024	18:04:96	8e37cf26-84c6-4c94-bec5-730da6fd9f30	GET	/trailer_info	http://localhost:8080
04/25/2024	18:04:12	f1608d15-81aa-4cad-bfed-539c4bd30005	OPTIONS	/load_securing	http://localhost:8080
04/25/2024	18:04:27	84822a3d-8416-488c-b429-6e8918b6fe23	GET	/load_securing	http://localhost:8080
04/25/2024	18:04:58	eff19b50-87a1-425d-8629-ede9ae3788d2	OPTIONS	/type_of_settiement	http://localhost:8080
04/25/2024	18:04:73	817c8c35-0d14-4f24-a4aa-6a4d76e4dde6	GET	/type_of_settiement	http://localhost:8080
04/25/2024	18:04:92	df01b6d8-c771-4dab-87b9-45e76560b2d9	GET	/type_of_settiement	http://localhost:8080
04/25/2024	18:04:08	add07f3c-9c81-4a77-95ba-468140e14750	OPTIONS	/type_of_cargo	http://localhost:8080
04/25/2024	18:04:22	1c8243c4-3989-4259-b78c-9db9a0a15824	GET	/type_of_cargo	http://localhost:8080
04/25/2024	18:04:39	b320b178-7bb1-41f8-a3ba-464dfa0bba7c	OPTIONS	/nature_cargo	http://localhost:8080
04/25/2024	18:04:55	64bda925-2d97-4068-ae42-48eb0d51923e	GET	/nature_cargo	http://localhost:8080
04/25/2024	18:04:98	e1d67eda-9319-4af0-8553-046cb951a263	OPTIONS	/type_of_transport	http://localhost:8080
04/25/2024	18:04:13	82f85583-ebee-49ef-a01a-8bd3ac15cb31	GET	/type_of_transport	http://localhost:8080
04/25/2024	18:04:40	cab521be-54e7-42b7-a1b0-d8bcd2be6c12	OPTIONS	/storage_facilities	http://localhost:8080
04/25/2024	18:04:55	b8afe424-f87b-4178-980a-93baf0226c4f	GET	/storage_facilities	http://localhost:8080
04/25/2024	18:04:75	66eb32d4-0512-49eb-9f1b-0d9b28658477	OPTIONS	/available_load	http://localhost:8080
04/25/2024	18:04:91	90ac75c1-2b1c-41ac-acc4-b41697f0b904	GET	/available_load	http://localhost:8080
04/25/2024	18:04:71	033cf0a9-3e02-495c-8d43-ce34d97376cf	OPTIONS	/type_of_vehicle	http://localhost:8080
04/25/2024	18:04:86	94e92b09-af5f-420a-90dc-e7a13e54bafd	GET	/type_of_vehicle	http://localhost:8080
04/25/2024	18:04:17	b6f2425c-4314-4a80-a651-8c8468e6c98f	OPTIONS	/vehicle_equipment	http://localhost:8080
04/25/2024	18:04:32	49609625-834d-41b4-98dd-44f49b05ef93	GET	/vehicle_equipment	http://localhost:8080
04/25/2024	18:04:49	a3ef53d3-14bd-4a96-a44e-6cc3c7989b90	OPTIONS	/vehicle_body	http://localhost:8080
04/25/2024	18:04:64	00081de8-8584-471d-83eb-94a980d76f18	GET	/vehicle_body	http://localhost:8080
04/25/2024	18:04:79	a0d07337-e969-4dac-b2c5-08754e0fb066	OPTIONS	/info	http://localhost:8080
04/25/2024	18:04:96	ade681ae-ce82-4b61-be8f-6c4b3c078f4e	GET	/info	http://localhost:8080
04/25/2024	18:04:14	f577b649-4a8c-411e-865d-bdb68c63cb39	OPTIONS	/charcer	http://localhost:8080
04/25/2024	18:04:29	b35b07a5-c1c0-413c-89d0-fadfdc30510c	GET	/charcer	http://localhost:8080
04/25/2024	18:04:45	84c66559-e971-4a3e-bf65-ddd284b0431f	OPTIONS	/users	http://localhost:8080
04/25/2024	18:04:60	d9ac60d7-e98d-41a0-9604-ccc8507f133b	GET	/users	http://localhost:8080
04/25/2024	18:04:76	fc1df421-cce8-4519-9589-945e9cd8e371	OPTIONS	/storage_equipment	http://localhost:8080
04/25/2024	18:04:91	de6a15f7-6b31-4bc4-a063-0da1dcc3b035	GET	/storage_equipment	http://localhost:8080
04/25/2024	18:04:07	3e4efad5-d3af-459e-9cff-d1d128679cef	OPTIONS	/type_of_storage	http://localhost:8080
04/25/2024	18:04:22	aeae972e-a51c-483e-b4e9-345859864486	GET	/type_of_storage	http://localhost:8080
04/25/2024	18:04:38	742faa02-17ad-4eb9-8911-58bec7b50374	OPTIONS	/swap_body	http://localhost:8080
04/25/2024	18:04:53	db6ba7a4-be3c-442e-87f7-90f498a3e669	GET	/swap_body	http://localhost:8080
04/25/2024	18:04:69	3701c6b7-dd87-4908-8fb0-c997a20bc21f	OPTIONS	/trailer_info	http://localhost:8080
04/25/2024	18:04:85	b7fe1943-46be-497d-8581-b767dbdc4c2c	GET	/trailer_info	http://localhost:8080
04/25/2024	18:04:01	c848d1b8-d5c2-4ea1-a6fd-80f7b578d32f	OPTIONS	/load_securing	http://localhost:8080
04/25/2024	18:04:16	17a23f4d-c02c-428a-a0c7-b58e55183c72	GET	/load_securing	http://localhost:8080
04/25/2024	18:04:32	1406c92b-76c8-43a3-852b-d28a8199b374	OPTIONS	/type_of_settiement	http://localhost:8080
04/25/2024	18:04:47	29d734b1-abf4-4e1b-81a0-795ecadc8445	GET	/type_of_settiement	http://localhost:8080
04/25/2024	18:04:64	36e57aa5-5f12-4cf1-ad83-200efdae1ab4	GET	/type_of_settiement	http://localhost:8080
04/25/2024	18:04:80	829caabd-7ce2-4d76-987f-e6e4349198e0	OPTIONS	/type_of_cargo	http://localhost:8080
04/25/2024	18:04:95	72bb95c4-0210-42b2-bedf-6dba5b7889bd	GET	/type_of_cargo	http://localhost:8080
04/25/2024	18:04:11	5d6a63ba-4a0b-45d8-ae8d-fa1a47ab3f94	OPTIONS	/nature_cargo	http://localhost:8080
04/25/2024	18:04:26	e3606a47-d8e2-4761-a490-91fc6cf3a10a	GET	/nature_cargo	http://localhost:8080
04/25/2024	18:04:42	6c62f000-3e8e-4d99-92e0-15fd616ac2ed	OPTIONS	/type_of_transport	http://localhost:8080
04/25/2024	18:04:57	6dbe6bc7-e67b-44ca-a3d3-f7a0785e1757	GET	/type_of_transport	http://localhost:8080
04/25/2024	18:04:73	8386b57b-51a8-4515-8cea-a2fc94624a7e	OPTIONS	/storage_facilities	http://localhost:8080
04/25/2024	18:04:88	347296d6-033f-4207-90ce-859abbe76e58	GET	/storage_facilities	http://localhost:8080
04/25/2024	18:04:04	2577f5e4-2ada-4fde-b45a-8cdf52c8e06c	OPTIONS	/available_load	http://localhost:8080
04/25/2024	18:04:19	3c83f366-3142-4735-9ddc-4b74db8fd038	GET	/available_load	http://localhost:8080
04/25/2024	18:04:22	2836e2e4-035b-4e18-90de-83cc1085a8cb	OPTIONS	/type_of_vehicle	http://localhost:8080
04/25/2024	18:04:37	50024693-1e1b-40f8-a591-4b3e2cd38b12	GET	/type_of_vehicle	http://localhost:8080
04/25/2024	18:04:71	cc893c1e-e762-4ad5-ab78-444e91f68b67	OPTIONS	/vehicle_equipment	http://localhost:8080
04/25/2024	18:04:89	194819e3-dd8e-4360-9eac-1e71c6e628e6	GET	/vehicle_equipment	http://localhost:8080
04/25/2024	18:04:09	a2bb5516-4908-4283-8ddc-d07166953038	OPTIONS	/vehicle_body	http://localhost:8080
04/25/2024	18:04:24	8bf8b7d2-2618-4ecf-9d7a-2c2e1d4fb2df	GET	/vehicle_body	http://localhost:8080
04/25/2024	18:04:41	97ec5a9a-c486-4b5b-9709-2d717dd9d7bb	OPTIONS	/info	http://localhost:8080
04/25/2024	18:04:56	cf57e232-4070-4600-8b7c-25c96f7a1365	GET	/info	http://localhost:8080
04/25/2024	18:04:72	fb147fd5-db9c-4e42-88d8-340c6eb45613	OPTIONS	/charcer	http://localhost:8080
04/25/2024	18:04:87	e30d3617-8310-49b7-a700-c2624be8abac	GET	/charcer	http://localhost:8080
04/25/2024	18:04:04	0659f714-76be-4059-80d5-ec4d6a83185d	OPTIONS	/users	http://localhost:8080
04/25/2024	18:04:19	b9dee896-1daa-45f3-bbbb-eaa8db03b80e	GET	/users	http://localhost:8080
04/25/2024	18:04:35	145ffda1-be70-48cd-ae55-1ba74a0d0224	OPTIONS	/storage_equipment	http://localhost:8080
04/25/2024	18:04:50	d5fce8f6-4596-46d2-9266-77c28cd4c27a	GET	/storage_equipment	http://localhost:8080
04/25/2024	18:04:67	11770ca9-671c-4889-9061-abdf1d54b1d5	OPTIONS	/type_of_storage	http://localhost:8080
04/25/2024	18:04:82	1be8c20f-0400-4463-b83b-94c7a9f2b492	GET	/type_of_storage	http://localhost:8080
04/25/2024	18:04:99	7eb029c6-a915-45ec-97f2-38e7551f481e	OPTIONS	/swap_body	http://localhost:8080
04/25/2024	18:04:14	8a958447-60e5-424a-a13d-0368263d801f	GET	/swap_body	http://localhost:8080
04/25/2024	18:04:31	c4da86e0-7c11-4f4b-b573-4a133b59799e	OPTIONS	/trailer_info	http://localhost:8080
04/25/2024	18:04:46	4a268f18-1ade-4930-b393-f6f79d9d86fd	GET	/trailer_info	http://localhost:8080
04/25/2024	18:04:62	33396f66-c444-4074-a4a2-d764d1e375b2	OPTIONS	/load_securing	http://localhost:8080
04/25/2024	18:04:77	7475aa24-dae7-41ea-a434-867d786250c4	GET	/load_securing	http://localhost:8080
04/25/2024	18:04:94	f8ad2a7d-5642-4303-9880-77995435bd73	OPTIONS	/type_of_settiement	http://localhost:8080
04/25/2024	18:04:09	c2fdfcc5-a792-4dd1-bac1-46c07a09ead5	GET	/type_of_settiement	http://localhost:8080
04/25/2024	18:04:26	01644c68-9464-4e56-84d4-b49dd8e1be75	GET	/type_of_settiement	http://localhost:8080
04/25/2024	18:04:43	b1d6cb06-3fa0-4c70-bae8-cc07e4b026f7	OPTIONS	/type_of_cargo	http://localhost:8080
04/25/2024	18:04:58	71c1f3c0-13f7-4377-969a-884783673d1a	GET	/type_of_cargo	http://localhost:8080
04/25/2024	18:04:75	2564d315-c3d8-496d-bb4f-e6c78eee1c8b	OPTIONS	/nature_cargo	http://localhost:8080
04/25/2024	18:04:90	cce21b7b-9384-4128-921c-8094a08467a9	GET	/nature_cargo	http://localhost:8080
04/25/2024	18:04:08	a048d802-8fa5-4311-9d13-69b3851356bd	OPTIONS	/type_of_transport	http://localhost:8080
04/25/2024	18:04:23	d4011520-b9bf-495f-a381-65a03989b045	GET	/type_of_transport	http://localhost:8080
04/25/2024	18:04:40	c86c45d5-d21e-4804-b045-e78689add04b	OPTIONS	/storage_facilities	http://localhost:8080
04/25/2024	18:04:56	475fab6e-4425-4dd0-b58f-397ed92dda70	GET	/storage_facilities	http://localhost:8080
04/25/2024	18:04:72	a93f5d77-c68c-4ae4-86de-8f3e5538da79	OPTIONS	/available_load	http://localhost:8080
04/25/2024	18:04:87	e4f7a1e6-6a7a-41df-ab41-0490478c9ad6	GET	/available_load	http://localhost:8080
04/25/2024	18:04:07	a0a18aa4-25d8-49d2-828f-716e6613b52c	OPTIONS	/freight	http://localhost:8080
04/25/2024	18:04:22	16aa7f0f-b699-4850-b438-767c9e449e1a	GET	/freight	http://localhost:8080
04/25/2024	18:04:43	e7bd1434-58a1-4327-9b00-1e9aa6932ceb	OPTIONS	/freight_location	http://localhost:8080
04/25/2024	18:04:58	5a66a4d2-29cf-4fc8-99d2-77ed2f157d56	POST	/freight_location	http://localhost:8080
04/25/2024	18:04:81	94055bf3-f53c-4cc5-a92c-c58548b34387	OPTIONS	/contact_details	http://localhost:8080
04/25/2024	18:04:98	7fe44690-64ae-4b48-b2e6-f857922d10e1	POST	/contact_details	http://localhost:8080
04/25/2024	18:04:15	cea1986b-2c66-43dd-9a8f-a68ec3e6e72c	GET	/contact_details	http://localhost:8080
04/25/2024	18:04:32	b53f87eb-f354-4850-a9f9-af1c72c656ea	OPTIONS	/freight	http://localhost:8080
04/25/2024	18:04:48	8d8496ef-55af-4669-952c-bbdd6b1fe0a7	POST	/freight	http://localhost:8080
04/25/2024	18:04:29	7a7a439b-c4b5-416e-9d1f-641ae2dc9e8c	GET	/freight	undefined
04/25/2024	18:04:03	e72bb113-e90f-4a03-9e78-a6b4f40f6a75	OPTIONS	/contact_details	http://localhost:8080
04/25/2024	18:04:18	9c0a52ce-64a6-49ad-9aa7-0ea54b0d19d0	POST	/contact_details	http://localhost:8080
04/25/2024	18:04:36	afad6a63-f69e-45ba-b523-d94cd2257149	GET	/contact_details	http://localhost:8080
04/25/2024	18:04:05	3b5724ee-59d3-4ba3-b7e4-2eed1601c493	OPTIONS	/contact_details	http://localhost:8080
04/25/2024	18:04:20	636d21f6-2a31-41f6-bdfd-ba0c92670b04	POST	/contact_details	http://localhost:8080
04/25/2024	18:04:36	4a4b4b4d-1340-40fb-9595-9f0ba2f3b650	GET	/contact_details	http://localhost:8080
04/25/2024	19:04:09	3bfac73d-2cf1-4462-9997-afdd15d39950	OPTIONS	/contact_details	http://localhost:8080
04/25/2024	19:04:25	a0a6f75f-d2b5-4d64-8508-b3500814c25c	POST	/contact_details	http://localhost:8080
04/25/2024	19:04:43	4bc2a53b-c58f-471d-bdaa-5b4849ff4942	GET	/contact_details	http://localhost:8080
04/25/2024	19:04:74	03d9e7ce-c556-4240-bf47-50ba01b72b8f	OPTIONS	/vehicle	http://localhost:8080
04/25/2024	19:04:90	08db7e10-980e-4d25-bdd9-48a202a8a15b	POST	/vehicle	http://localhost:8080
04/25/2024	19:04:24	d5cb7895-fa6b-46fa-acda-f37ae9ab1a25	OPTIONS	/contact_details	http://localhost:8080
04/25/2024	19:04:42	76ded6fb-bd74-4623-b072-4d38b0fb46aa	POST	/contact_details	http://localhost:8080
04/25/2024	19:04:59	ab06c21d-1358-4a30-a419-a04c755d8100	GET	/contact_details	http://localhost:8080
04/25/2024	19:04:83	50734365-bb94-40cb-a36f-9e302f2b788b	OPTIONS	/warehousing	http://localhost:8080
04/25/2024	19:04:00	fde5243a-b3f0-48f7-9ea9-ae718a390838	POST	/warehousing	http://localhost:8080
04/25/2024	19:04:22	584c1393-8a2d-4826-8dce-0ddf5c3505f4	OPTIONS	/freight_location	http://localhost:8080
04/25/2024	19:04:37	699b041f-0966-4e2b-a37b-270cb7b957a1	POST	/freight_location	http://localhost:8080
04/25/2024	19:04:54	47240790-b56a-4b3f-a1e6-90d97a9d8368	OPTIONS	/contact_details	http://localhost:8080
04/25/2024	19:04:69	05268b21-6e22-412f-b19c-ad6cb9343d19	POST	/contact_details	http://localhost:8080
04/25/2024	19:04:86	cdc46a1c-ea2a-42ac-9883-ea6612191727	GET	/contact_details	http://localhost:8080
04/25/2024	19:04:02	7545fe13-ee2d-4dc5-9131-9d8a03b42969	OPTIONS	/freight	http://localhost:8080
04/25/2024	19:04:17	14b181f8-0418-43e5-816c-625c5a8e386f	POST	/freight	http://localhost:8080
04/25/2024	19:04:11	9c8a33da-5b1c-40cd-94e3-dc5e03422b2a	OPTIONS	/type_of_vehicle	http://localhost:8080
04/25/2024	19:04:28	21257a5f-7d83-4d54-9e00-3bf90a9e711d	GET	/type_of_vehicle	http://localhost:8080
04/25/2024	19:04:44	28703b98-0d94-4e23-bc2d-085b2efcf32d	OPTIONS	/vehicle_equipment	http://localhost:8080
04/25/2024	19:04:59	2f554626-e880-4ab1-9438-6e992113aa41	GET	/vehicle_equipment	http://localhost:8080
04/25/2024	19:04:76	4d5f719b-c57c-455b-830a-3d7ae6eeebe8	OPTIONS	/vehicle_body	http://localhost:8080
04/25/2024	19:04:91	a0734835-0982-4d58-bd64-614a9c628863	GET	/vehicle_body	http://localhost:8080
04/25/2024	19:04:08	4dd34a18-18e3-4788-984e-7c012d7f4f65	OPTIONS	/info	http://localhost:8080
04/25/2024	19:04:24	d1a69a94-9546-4b2b-ac59-77201429df19	GET	/info	http://localhost:8080
04/25/2024	19:04:40	3256765a-5cb0-4dc9-a04a-b64c2058065c	OPTIONS	/charcer	http://localhost:8080
04/25/2024	19:04:54	ca2b0a71-1ed8-470d-af87-a184d63b4d29	GET	/charcer	http://localhost:8080
04/25/2024	19:04:71	40b8d1e8-f275-4c94-a8c3-50a1c96916c2	OPTIONS	/users	http://localhost:8080
04/25/2024	19:04:86	890838f5-d3d6-4f0d-a7dd-d9c6ce3e2516	GET	/users	http://localhost:8080
04/25/2024	19:04:02	9505d8f8-cccc-4abe-b9dd-c35b4466094f	OPTIONS	/storage_equipment	http://localhost:8080
04/25/2024	19:04:16	5db57687-7f10-43fd-a443-1691f3274834	GET	/storage_equipment	http://localhost:8080
04/25/2024	19:04:32	42445930-7ae6-404a-a4a9-345aebc5c2a7	OPTIONS	/type_of_storage	http://localhost:8080
04/25/2024	19:04:46	492f8c5b-de82-463b-a99b-eae031234578	GET	/type_of_storage	http://localhost:8080
04/25/2024	19:04:63	a1f8de94-f298-42dc-bbfd-abf96395e238	OPTIONS	/swap_body	http://localhost:8080
04/25/2024	19:04:78	17a932ea-883e-4310-9a40-96fb24808d80	GET	/swap_body	http://localhost:8080
04/25/2024	19:04:94	468dfdcd-ee78-4062-9c06-19706c5d51f7	OPTIONS	/trailer_info	http://localhost:8080
04/25/2024	19:04:10	8982f248-953d-46f3-83bf-b5f273abcb7c	GET	/trailer_info	http://localhost:8080
04/25/2024	19:04:26	7b123ede-7e08-42e4-861b-281ccd02f73a	OPTIONS	/load_securing	http://localhost:8080
04/25/2024	19:04:41	e2e8e2e4-0400-4855-9dd1-09e8632100ef	GET	/load_securing	http://localhost:8080
04/25/2024	19:04:57	c7ebf3f0-ad0e-4621-a933-0ad2d2dafcc1	OPTIONS	/type_of_settiement	http://localhost:8080
04/25/2024	19:04:72	570388bc-f902-4162-b138-574cf22ee23a	GET	/type_of_settiement	http://localhost:8080
04/25/2024	19:04:88	ce6fb9aa-01e7-4c08-a507-f623d97efbe1	GET	/type_of_settiement	http://localhost:8080
04/25/2024	19:04:04	7074b892-bf4e-4d20-8d28-a95f9bd9d820	OPTIONS	/type_of_cargo	http://localhost:8080
04/25/2024	19:04:19	42d768e9-ca28-4556-ab36-b81b3d226a38	GET	/type_of_cargo	http://localhost:8080
04/25/2024	19:04:35	0456dfec-aa9d-43a6-b8d6-5f9ec3d48d97	OPTIONS	/nature_cargo	http://localhost:8080
04/25/2024	19:04:50	72406f58-dbbf-42af-b89f-1b6804252f5c	GET	/nature_cargo	http://localhost:8080
04/25/2024	19:04:66	e0c883f4-cf6e-4800-99f8-5d91bb7355c3	OPTIONS	/type_of_transport	http://localhost:8080
04/25/2024	19:04:81	3611bcaa-e393-4687-aed4-cdbfed10ce29	GET	/type_of_transport	http://localhost:8080
04/25/2024	19:04:97	8464f7b5-cfec-45df-b338-87db1cd40f33	OPTIONS	/storage_facilities	http://localhost:8080
04/25/2024	19:04:12	0299bee7-bf4b-4cbd-88fb-2747201f0f70	GET	/storage_facilities	http://localhost:8080
04/25/2024	19:04:29	d321910d-19d4-4eb5-86a3-fe15e22d04be	OPTIONS	/available_load	http://localhost:8080
04/25/2024	19:04:44	923d68de-0936-444f-be5e-8fe6b2cbb154	GET	/available_load	http://localhost:8080
04/25/2024	19:04:74	4c4d5fab-07de-4ee8-862a-cf3ef3e1e688	OPTIONS	/contact_details	http://localhost:8080
04/25/2024	19:04:89	ded2f76b-0321-46fe-891d-d7079a3f8002	POST	/contact_details	http://localhost:8080
04/25/2024	19:04:05	f4bab43c-0c2a-4fae-9cc5-3e98469ff597	GET	/contact_details	http://localhost:8080
04/25/2024	19:04:31	8d05f75e-fc52-4488-91e2-dcd6e114ee6c	OPTIONS	/vehicle	http://localhost:8080
04/25/2024	19:04:46	b9c420d8-b1c2-4712-9e6b-33db524d7be4	POST	/vehicle	http://localhost:8080
04/25/2024	22:04:45	7acc90dc-6343-493a-995f-8aedc7ff22e6	OPTIONS	/type_of_vehicle	http://localhost:8080
04/25/2024	22:04:61	861d7e73-a5a4-40c0-b456-ca2f6e76fbfa	GET	/type_of_vehicle	http://localhost:8080
04/25/2024	22:04:77	f53c3823-a887-4ea4-ae89-9fcaec4d7c86	OPTIONS	/vehicle_equipment	http://localhost:8080
04/25/2024	22:04:93	1df927bc-ddc4-40c6-9ce0-7d7a1ba8e1f2	GET	/vehicle_equipment	http://localhost:8080
04/25/2024	22:04:09	1559e74f-3912-4276-b197-9968deed5da5	OPTIONS	/vehicle_body	http://localhost:8080
04/25/2024	22:04:25	498537a8-fc8e-42c1-84bc-ecd5a16d3c63	GET	/vehicle_body	http://localhost:8080
04/25/2024	22:04:42	d9e85886-35bd-439d-9f9a-5961d6c3eb3d	OPTIONS	/info	http://localhost:8080
04/25/2024	22:04:57	37c77bed-dfc0-4b37-9e20-4aa73fd9c043	GET	/info	http://localhost:8080
04/25/2024	22:04:74	146e703f-4953-4160-af42-01af503901e8	OPTIONS	/charcer	http://localhost:8080
04/25/2024	22:04:90	9bf88a07-9229-4c96-851e-398d504e4307	GET	/charcer	http://localhost:8080
04/25/2024	22:04:54	e8ef0c57-e65d-42d3-9d63-937c724821e2	OPTIONS	/users	http://localhost:8080
04/25/2024	22:04:69	3afdaeb2-2abd-4240-816b-baea2ba94213	GET	/users	http://localhost:8080
04/25/2024	22:04:87	0e0edca0-6c14-4596-89ca-4ce4728b30f3	OPTIONS	/storage_equipment	http://localhost:8080
04/25/2024	22:04:02	6f1f78ad-10fa-4476-be31-d034a31fab63	GET	/storage_equipment	http://localhost:8080
04/25/2024	22:04:19	7f967622-4d9c-43c2-96b8-3531a497eac9	OPTIONS	/type_of_storage	http://localhost:8080
04/25/2024	22:04:35	49695b37-f118-4d1b-9e8e-7a1b9459cd87	GET	/type_of_storage	http://localhost:8080
04/25/2024	22:04:51	303bc1a7-ca11-432b-82c4-b9c66fa402bd	OPTIONS	/swap_body	http://localhost:8080
04/25/2024	22:04:68	d6d0a0e2-b848-407c-9ba0-1c7bbe9972ac	GET	/swap_body	http://localhost:8080
04/25/2024	22:04:85	aec83c72-cbab-42ee-aea0-821ce69a105e	OPTIONS	/trailer_info	http://localhost:8080
04/25/2024	22:04:01	346593e2-726b-4167-9cc1-2ef95689a8f6	GET	/trailer_info	http://localhost:8080
04/25/2024	22:04:18	563cdff8-dd15-4614-885f-d72b471bfeda	OPTIONS	/load_securing	http://localhost:8080
04/25/2024	22:04:33	c0db322a-c235-4f81-a7f8-8a7c13e3a207	GET	/load_securing	http://localhost:8080
04/25/2024	22:04:50	3ef2ae84-9eb5-404f-978c-3f231116c5e8	OPTIONS	/type_of_settiement	http://localhost:8080
04/25/2024	22:04:65	6d0f30c3-017f-4c2d-a6a4-11168ef85f2f	GET	/type_of_settiement	http://localhost:8080
04/25/2024	22:04:82	e95011bd-4547-4071-9973-d73510711a0b	GET	/type_of_settiement	http://localhost:8080
04/25/2024	22:04:98	2f44c2e2-2105-4853-a734-3b00192dcce2	OPTIONS	/type_of_cargo	http://localhost:8080
04/25/2024	22:04:14	9546ac7c-efde-4332-a904-2996e7929ba1	GET	/type_of_cargo	http://localhost:8080
04/25/2024	22:04:31	7eab02c7-f8c6-4176-bceb-49c3c3169e30	OPTIONS	/nature_cargo	http://localhost:8080
04/25/2024	22:04:46	da7ea9b3-b929-4aed-888d-c14fad79c06e	GET	/nature_cargo	http://localhost:8080
04/25/2024	22:04:64	94922cc9-eac2-4973-afba-29f3312358f7	OPTIONS	/type_of_transport	http://localhost:8080
04/25/2024	22:04:80	797b1bb1-7c68-4d56-b512-b13efcfb4feb	GET	/type_of_transport	http://localhost:8080
04/25/2024	22:04:11	97293bdb-e745-4865-8723-326863a17199	OPTIONS	/storage_facilities	http://localhost:8080
04/25/2024	22:04:27	a383bcab-1889-4dd7-9a10-9aede8fb47fd	GET	/storage_facilities	http://localhost:8080
04/25/2024	22:04:44	fb5b1a32-8726-46da-8165-1b231cb95613	OPTIONS	/available_load	http://localhost:8080
04/25/2024	22:04:60	15c9fd23-6c5a-4106-8872-5d5729b699ad	GET	/available_load	http://localhost:8080
04/25/2024	22:04:34	d25f954e-ecc2-46dc-ad1e-4ca0c78f84d4	OPTIONS	/type_of_vehicle	http://localhost:8080
04/25/2024	22:04:51	1557e957-7b3f-4f0a-90d1-68daeb180a4c	GET	/type_of_vehicle	http://localhost:8080
04/25/2024	22:04:68	aae5ba46-e592-460c-b59e-e95abf95a89c	OPTIONS	/vehicle_equipment	http://localhost:8080
04/25/2024	22:04:84	c935f459-0029-487b-92d6-57df9c10dd02	GET	/vehicle_equipment	http://localhost:8080
04/25/2024	22:04:01	6b9aca90-9564-401d-bac3-0834be0da523	OPTIONS	/vehicle_body	http://localhost:8080
04/25/2024	22:04:17	043e133d-1447-4073-8eeb-53a985655dbb	GET	/vehicle_body	http://localhost:8080
04/25/2024	22:04:35	90a2be18-84cc-4eca-bb42-25aa96b35906	OPTIONS	/info	http://localhost:8080
04/25/2024	22:04:17	eef5c134-aeb8-4dae-ba7c-f6852cdfa69c	GET	/type_of_vehicle	http://localhost:8080
04/25/2024	22:04:35	cf9c83ac-529a-4908-8d51-2d0693a5a374	GET	/vehicle_equipment	http://localhost:8080
04/25/2024	22:04:52	b505136c-2892-4255-b819-d9790044b8cd	GET	/vehicle_body	http://localhost:8080
04/25/2024	22:04:68	baa9ebda-70aa-41be-917f-b0450dd1fd27	GET	/info	http://localhost:8080
04/25/2024	22:04:85	9c93a9da-58b6-4618-bd41-106e4454ee91	OPTIONS	/charcer	http://localhost:8080
04/25/2024	22:04:01	f68ed551-9db7-469c-8566-3e4a302e3fec	GET	/charcer	http://localhost:8080
04/25/2024	22:04:19	4f6c98b4-34ae-485c-8d29-c4d45dde1dd7	OPTIONS	/users	http://localhost:8080
04/25/2024	22:04:34	58f4ff58-97ba-460a-bfc4-d13054b17414	GET	/users	http://localhost:8080
04/25/2024	22:04:50	9174ba99-efb9-4867-945d-91d058e06d68	OPTIONS	/storage_equipment	http://localhost:8080
04/25/2024	22:04:66	e33d1942-d965-45e3-832e-eea44759cf99	GET	/storage_equipment	http://localhost:8080
04/25/2024	22:04:83	d235f64a-861d-4ea0-938e-dc943a85f6d6	OPTIONS	/type_of_storage	http://localhost:8080
04/25/2024	22:04:99	0eabea32-87bd-4f35-ad00-ad13205d4c69	GET	/type_of_storage	http://localhost:8080
04/25/2024	22:04:15	a10a60f5-6672-4707-a3bd-804cd0a4a763	OPTIONS	/swap_body	http://localhost:8080
04/25/2024	22:04:31	f2f022a1-4c5f-4a41-a302-2ebeafebd310	GET	/swap_body	http://localhost:8080
04/25/2024	22:04:48	79073c02-bd57-4db7-ad15-6a226244ca20	OPTIONS	/trailer_info	http://localhost:8080
04/25/2024	22:04:63	599e08bf-c428-41bd-a5ff-b6dc7c2d8f35	GET	/trailer_info	http://localhost:8080
04/25/2024	22:04:80	fa33f674-b318-4986-a4cf-83380f771121	OPTIONS	/load_securing	http://localhost:8080
04/25/2024	22:04:95	550c1d85-789c-43d3-8429-ca4775aa8254	GET	/load_securing	http://localhost:8080
04/25/2024	22:04:13	3bd2f937-428b-48fe-bd00-090061a1d189	OPTIONS	/type_of_settiement	http://localhost:8080
04/25/2024	22:04:30	9f1017fd-b9d2-485d-ab91-12c5ac952d2d	GET	/type_of_settiement	http://localhost:8080
04/25/2024	22:04:46	0621fe01-99b4-4384-9a8f-0c4033e0ebc4	GET	/type_of_settiement	http://localhost:8080
04/25/2024	22:04:63	93211df0-a1bf-4f7e-b126-864e466bd400	OPTIONS	/type_of_cargo	http://localhost:8080
04/25/2024	22:04:78	dffcc1bb-9af2-406f-8d1d-042f91133434	GET	/type_of_cargo	http://localhost:8080
04/25/2024	22:04:95	43667477-b209-42af-bda5-8606e000bb98	OPTIONS	/nature_cargo	http://localhost:8080
04/25/2024	22:04:10	f5e01523-e0bd-4c0b-a545-b4fa7c6169f4	GET	/nature_cargo	http://localhost:8080
04/25/2024	22:04:27	b4f45b13-3bf0-4260-821e-f542e02d9245	OPTIONS	/type_of_transport	http://localhost:8080
04/25/2024	22:04:42	bfd69afb-d0ee-4d9d-9d32-6308a9950c80	GET	/type_of_transport	http://localhost:8080
04/25/2024	22:04:59	25520e7f-37ab-4ce3-8849-4c59ea56bc40	OPTIONS	/storage_facilities	http://localhost:8080
04/25/2024	22:04:75	aa6baf13-5589-40f4-963a-6a4d446acb58	GET	/storage_facilities	http://localhost:8080
04/25/2024	22:04:93	655bd823-aa4b-4eda-a111-54e7606ffe10	OPTIONS	/available_load	http://localhost:8080
04/25/2024	22:04:08	5d6304c0-5ce4-4c68-93be-fee3d580a579	GET	/available_load	http://localhost:8080
04/25/2024	23:04:59	055b25d7-0284-4c89-9d27-a8231a4905b9	OPTIONS	/type_of_vehicle	http://localhost:8080
04/25/2024	23:04:75	2719c146-0b62-472b-a1ac-44d3c1ac75eb	GET	/type_of_vehicle	http://localhost:8080
04/25/2024	23:04:92	c0794459-0b87-4519-9e2f-f8790e857a92	OPTIONS	/vehicle_equipment	http://localhost:8080
04/25/2024	23:04:07	aafe01d7-3f0e-46ba-ab5f-1a12d937da8f	GET	/vehicle_equipment	http://localhost:8080
04/25/2024	23:04:24	3a9b9326-8edc-4419-ba79-d3c5032aea30	OPTIONS	/vehicle_body	http://localhost:8080
04/25/2024	23:04:41	4c2a8de2-f9fa-4da9-b4a7-e5a88a07f0ea	GET	/vehicle_body	http://localhost:8080
04/25/2024	23:04:58	203e6770-9883-4ecc-9b19-1c009eaa8224	OPTIONS	/info	http://localhost:8080
04/25/2024	23:04:76	052d2e04-cab7-4fa9-8f06-0bcdb1f3ab9d	GET	/info	http://localhost:8080
04/25/2024	23:04:93	9f696801-f6e5-40e4-9fc3-4d0a85537de2	OPTIONS	/charcer	http://localhost:8080
04/25/2024	23:04:08	f7d1ad4c-7d29-4627-92e1-611d8bd7a9fc	GET	/charcer	http://localhost:8080
04/25/2024	23:04:25	27087024-d395-4744-ae48-97840b6a7d02	OPTIONS	/users	http://localhost:8080
04/25/2024	23:04:42	adb16168-bd0b-4552-81d1-f8d0c25c0630	GET	/users	http://localhost:8080
04/25/2024	23:04:59	ed9c7bef-33df-4c0d-ad95-bd0cdcb16ffa	OPTIONS	/storage_equipment	http://localhost:8080
04/25/2024	23:04:75	6d53c8a5-ee74-4cb0-a4a5-7a3b380b4c85	GET	/storage_equipment	http://localhost:8080
04/25/2024	23:04:91	0d0305fe-40ef-4fd8-8c69-5ae7f20fc18a	OPTIONS	/type_of_storage	http://localhost:8080
04/25/2024	23:04:09	c37a68a2-a6cf-4d4f-b312-abda53745afc	GET	/type_of_storage	http://localhost:8080
04/25/2024	23:04:25	f76804ff-9bf7-490d-ad4b-9f3f842f2eb3	OPTIONS	/swap_body	http://localhost:8080
04/25/2024	23:04:41	a71f1131-d8ba-49d7-bbf3-8bad0e05ee6e	GET	/swap_body	http://localhost:8080
04/25/2024	23:04:59	b43083f7-d05a-4945-b47b-92f522b80220	OPTIONS	/trailer_info	http://localhost:8080
04/25/2024	23:04:76	e8578379-b3d6-4d61-80c5-7d91bebecda8	GET	/trailer_info	http://localhost:8080
04/25/2024	23:04:93	918fefd0-c58f-4544-91b3-a035333f96ba	OPTIONS	/load_securing	http://localhost:8080
04/25/2024	23:04:09	b2f2ff0a-4d87-49c5-bf94-e48a96e87bc1	GET	/load_securing	http://localhost:8080
04/25/2024	23:04:25	8b2a0edc-e0b7-4c19-b8f1-a1b0949c503c	OPTIONS	/type_of_settiement	http://localhost:8080
04/25/2024	23:04:42	79c5d7ad-0d76-487d-9455-55cfbb1d523d	GET	/type_of_settiement	http://localhost:8080
04/25/2024	23:04:61	9f4dcfe3-dba2-4697-8742-b4da047af6b3	GET	/type_of_settiement	http://localhost:8080
04/25/2024	23:04:79	9b0c2408-79b9-403a-a7b6-45ad4112e2f4	OPTIONS	/type_of_cargo	http://localhost:8080
04/25/2024	23:04:95	a1cfc6d8-18cf-4f81-abe7-58d3cd0e7939	GET	/type_of_cargo	http://localhost:8080
04/25/2024	23:04:13	39923f4d-1267-44ba-a7a3-0eb8946f6971	OPTIONS	/nature_cargo	http://localhost:8080
04/25/2024	23:04:28	e3d9aa90-9e63-4eab-adbd-39b39208dcdb	GET	/nature_cargo	http://localhost:8080
04/25/2024	23:04:46	62ec82be-883c-4167-8a52-36e5842dd7c3	OPTIONS	/type_of_transport	http://localhost:8080
04/25/2024	23:04:62	340fff88-949b-4298-9355-cb3ad19cc877	GET	/type_of_transport	http://localhost:8080
04/25/2024	23:04:78	aef03380-965c-420b-b087-bf1d8151a2a8	OPTIONS	/storage_facilities	http://localhost:8080
04/25/2024	23:04:94	26c9f538-92c8-4d3d-9731-b7e742f28498	GET	/storage_facilities	http://localhost:8080
04/25/2024	23:04:12	e6bb4d42-f7c9-4e93-9bf5-4c77558c86e4	OPTIONS	/available_load	http://localhost:8080
04/25/2024	23:04:28	a8eb6daa-e745-4bf7-a9c4-14e54816d373	GET	/available_load	http://localhost:8080
04/26/2024	20:04:97	cc906f2e-0421-4985-91d2-0d960484b85d	POST	/documents	undefined
04/26/2024	20:04:79	40b56374-e1fc-493d-9dce-b933a8c0622e	POST	/documents	undefined
04/26/2024	20:04:62	594e7cd6-2a20-4654-a1cc-b9be2ee9cf95	PATCH	/documents	undefined
04/26/2024	20:04:00	6f52f8e1-0987-4b26-b471-d5e56b97e113	PATCH	/documents	undefined
04/26/2024	20:04:96	d2c1f2e4-5171-45de-9136-260e636fdd40	DELETE	/documents	undefined
04/26/2024	20:04:83	af14195a-04de-4f35-bd10-106ad1064569	PATCH	/documents	undefined
04/26/2024	20:04:85	d0ae0c47-d95a-4ef2-8118-1251863cccfa	POST	/documents	undefined
04/26/2024	21:04:37	2c701642-dfcd-4c81-a90f-a2e88b44f4da	PATCH	/documents	undefined
04/26/2024	21:04:40	3d0bd493-bdce-4069-b97b-ef4983738077	PATCH	/documents	undefined
04/26/2024	21:04:77	ebc8f931-aa00-4b35-b36d-d5534781d4d5	PATCH	/documents	undefined
04/26/2024	21:04:77	a1a6a152-dc3c-4017-8c5e-aa81128e6c1b	POST	/users_info	undefined
04/26/2024	21:04:76	5b664438-13c6-4b93-8635-30c8f514ab7a	POST	/users_info	undefined
04/26/2024	21:04:65	02cf92db-1f21-473a-8e46-0dc82fd79638	POST	/users_info	undefined
04/26/2024	21:04:92	7edec549-a0ea-4e16-8148-3aba96fe8bb0	POST	/users_info	undefined
04/26/2024	21:04:82	417fe057-d64f-4300-a001-06275d0eebf9	POST	/users_info	undefined
04/26/2024	21:04:91	471ce597-d773-4ec1-a531-9b85606ab874	PATCH	/users_info	undefined
04/26/2024	21:04:13	6e4961de-a536-4446-858d-2bc4b3651443	PATCH	/users_info	undefined
04/26/2024	21:04:36	c1b60655-7bc9-4467-8ba0-01680126fef6	PATCH	/users_info	undefined
04/26/2024	21:04:84	c8b51a2e-2fed-4711-a43a-a98c7e46bf96	PATCH	/users_info	undefined
04/26/2024	21:04:50	db2d1e91-74c4-45ff-9bb1-28848d9fb414	PATCH	/users_info	undefined
04/26/2024	21:04:86	5a112bd4-4036-49fc-ba82-6cae3b01a700	PATCH	/users_info	undefined
04/26/2024	21:04:90	908b4b8a-3a40-412a-ac84-0393a7490bd1	PATCH	/users_info	undefined
04/26/2024	21:04:24	06aebdc6-40c3-471f-a7de-8ae07d2a474f	PATCH	/users_info	undefined
04/26/2024	21:04:38	8e09a7f6-0339-4d42-8360-8a5233bdf24e	PATCH	/users_info	undefined
04/26/2024	21:04:11	b9cfcdb6-e817-4c8d-8159-933f7e13991c	PATCH	/users_info	undefined
04/26/2024	21:04:93	a8375053-109d-4f3f-9802-32b83d4440ec	PATCH	/users_info/u	undefined
04/27/2024	00:04:91	c3560f4a-1b21-427c-9611-c1de13a29db0	POST	/documents	undefined
04/27/2024	00:04:02	69da4840-6846-4bb8-ba73-4b0e94df6ce6	POST	/documents	undefined
04/27/2024	00:04:37	75d663ca-51e2-454f-8fed-3d7f9e012deb	PATCH	/documents	undefined
04/27/2024	01:04:16	b3e6c0c1-97e0-43f2-905f-5f76d6db6de8	GET	/charcer	undefined
04/28/2024	00:04:02	3f6112f7-5520-4910-9f1b-0068868808c7	POST	/documents	undefined
04/28/2024	00:04:30	54232303-8582-43de-8df4-4be9e08b947b	POST	/documents	undefined
04/28/2024	00:04:77	2804c7b3-3631-4e77-b644-9f966ed80638	POST	/documents	undefined
04/28/2024	00:04:04	f5104bd6-3537-4eff-bb66-1f431cac8e28	POST	/documents	undefined
04/28/2024	00:04:79	e0d28c19-5a5a-4a39-8830-5a6d40165cd4	PATCH	/documents	undefined
04/28/2024	01:04:51	bfa43011-3eae-4506-a925-23cc7765e95d	PATCH	/documents	undefined
04/28/2024	01:04:78	b1738795-92fa-466d-aa11-35edde82cda3	GET	/freight	undefined
04/28/2024	01:04:08	464bead2-f1fb-41fa-9f97-764295f00baf	GET	/freight	undefined
04/28/2024	01:04:53	47b7b2ec-9618-4efe-998b-56b0eafd8083	GET	/freight	undefined
04/28/2024	01:04:17	77b0405d-8d39-4016-9c92-a5a1121d9e4f	GET	/freight	undefined
04/28/2024	01:04:18	382f99a9-527f-4672-a4dd-acf14673fa88	GET	/freight	undefined
04/28/2024	01:04:95	4f14ec70-798a-4193-97bf-239d9e610e50	GET	/freight/2	undefined
04/28/2024	01:04:57	65317250-0295-44c4-afed-b9af8c27462d	GET	/freight/2	undefined
04/28/2024	01:04:22	e6c530e5-66b6-4930-9748-2985b2472ad3	GET	/freight/3	undefined
04/28/2024	01:04:38	22db9b8a-caa6-4c28-8cf4-e8a303fe8c77	GET	/vehicle	undefined
04/28/2024	01:04:16	29d3c726-cb26-4408-9bbc-dd7066936634	GET	/vehicle/1	undefined
04/28/2024	01:04:17	6ef4b445-673c-44e3-a5eb-0ad9c822f333	GET	/warehousing	undefined
04/28/2024	01:04:10	d4f23caa-f579-4e25-badf-b22e56665b03	POST	/warehousing	undefined
04/28/2024	01:04:71	52072759-8dea-4519-a75d-8f449779071e	POST	/warehousing	undefined
04/28/2024	01:04:49	6007951f-c9d6-42e4-b427-45e2cc949c5e	POST	/warehousing	undefined
04/28/2024	01:04:52	2c11bc80-9214-41a1-8cda-9a7c51d0c8bf	GET	/warehousing	undefined
04/28/2024	01:04:11	6e0ac420-4840-4398-9527-b2b3e4f438c6	PATCH	/warehousing	undefined
04/28/2024	01:04:90	fd43c6ca-b5b9-4b20-98cb-f64719d893c8	PATCH	/warehousing	undefined
04/28/2024	01:04:05	4e85b600-3dbf-4143-8bb6-2a873b44d3d2	PATCH	/warehousing	undefined
04/28/2024	01:04:04	7cc755a1-b3e8-493f-a04f-de7a14578397	GET	/warehousing	undefined
04/28/2024	01:04:72	cf87a709-eccf-45c7-8ad1-d837f48d39c6	GET	/warehousing/2	undefined
04/28/2024	01:04:95	bc273d97-dc7e-4216-9e4d-bfe1dbd1a361	GET	/warehousing/3	undefined
04/28/2024	01:04:05	f50a076b-9675-4d90-81c4-5d4a9c837f2c	GET	/freight	undefined
04/28/2024	01:04:43	c15acc5d-2ee1-484e-93f7-ff304e6ac141	GET	/freight	undefined
04/28/2024	01:04:42	8ed731ac-8ead-4a45-855f-389860ece953	GET	/freight	undefined
04/28/2024	01:04:35	ecf97c3c-4658-4c9f-ad07-8664c23c171a	POST	/freight_location	undefined
04/28/2024	01:04:47	50272337-36df-43bc-ab25-9a92b70da84f	POST	/freight_location	undefined
04/28/2024	01:04:99	2b60122d-64fa-42c1-b85e-3807abdeefc2	POST	/freight_location	undefined
04/28/2024	01:04:55	54649d34-6dfa-43ec-946c-745b49bdbbb5	GET	/freight	undefined
04/28/2024	01:04:00	41db43c2-238e-4484-992f-98579870d76b	GET	/freight	undefined
04/28/2024	01:04:45	24307756-d2bf-4203-8546-76a8144f946f	GET	/freight/3	undefined
04/28/2024	01:04:25	10ba6256-6b4e-48f0-8961-cb1cfbb19709	GET	/freight/3	undefined
04/28/2024	01:04:08	ba968131-37fc-40bf-b6aa-ecf147a5ac48	GET	/fav_black/contact-person	undefined
04/28/2024	01:04:92	95bb06e8-c406-4275-818c-ac4fc516edad	GET	/fav_black/company	undefined
04/28/2024	01:04:34	72fbacc2-0ad6-4d0e-b268-9471be6b928e	GET	/fav_black/contact-person	undefined
04/28/2024	02:04:33	745b50ed-7fde-41ef-9a2e-eba81a8605c5	GET	/fullSettings/user_id	undefined
04/28/2024	02:04:54	4b0d96da-56d4-4519-bf0e-08ac9d0f09e4	GET	/fullSettings/user	undefined
04/28/2024	02:04:20	f6b70c78-c47c-428b-a65a-57e0c76b9ba5	GET	/fullSettings/user	undefined
04/28/2024	02:04:99	fdbe57bd-56b4-44d4-9ac6-a161b05ff8ff	POST	/fav_black	undefined
04/28/2024	02:04:19	8903d70e-ae8f-436a-b9c8-c76b219998cf	POST	/fav_black	undefined
04/28/2024	02:04:43	7d664290-ee82-448f-a852-e8c3bac85aa6	GET	/fullSettings/user	undefined
04/28/2024	02:04:27	783f9de3-1cc6-4ae9-be57-6bc935f67180	GET	/fullSettings/user	undefined
04/28/2024	02:04:29	41ae0c4c-88cc-435e-9463-ace5a25321d5	GET	/fullSettings/company	undefined
04/28/2024	02:04:51	b8e2d02e-2015-412c-aec4-381e3c58d977	GET	/fullSettings/company	undefined
04/28/2024	02:04:24	000a574c-9178-4fae-8b31-b0b2ff151719	GET	/fullSettings/company	undefined
04/28/2024	16:04:82	e8f33b0d-3dd3-4c66-bd59-ef7a761b6c9e	POST	/fav_black	undefined
04/28/2024	16:04:82	c310acb1-8d78-4b09-81b7-9b7d100570ab	GET	/fav_black	undefined
04/28/2024	17:04:04	765559dd-8926-425d-af24-a3a5fc29f849	POST	/users_info	undefined
04/28/2024	17:04:86	9cb1e2c1-378a-4a56-8672-48411409c022	POST	/users_info	undefined
04/28/2024	21:04:75	10beb5eb-08b8-4391-9a37-c1bd52445807	POST	/users_info	undefined
04/28/2024	21:04:76	4f529381-e488-41b3-9f26-71cf5565c3c2	POST	/users_info	undefined
04/28/2024	21:04:46	cae93e96-02e6-43b6-85f0-63c28393403a	POST	/users_info	undefined
04/28/2024	21:04:18	d78c6d16-d0b2-4490-956b-9066c5e9cfdb	POST	/users_info	undefined
04/28/2024	21:04:17	803328fc-2ebb-4414-aef6-a60d686c9ae7	POST	/users_info	undefined
04/28/2024	21:04:89	06bd126f-c8ae-49e4-bef6-9a13a83fc486	POST	/users_info	undefined
04/28/2024	21:04:84	a4101274-abcb-4490-8034-9cf4ca5fd30b	PATCH	/users_info/update	undefined
04/28/2024	21:04:47	4303979e-4d63-406b-91d5-2f09f8d4ccad	PATCH	/users_info/update	undefined
04/28/2024	23:04:27	bf7f1fea-28df-4f9b-b02c-8b77dc5461f1	POST	/users_info	undefined
04/28/2024	23:04:37	f9f3af29-2405-49b3-97be-1138183575d3	POST	/users_info/add-user	undefined
04/28/2024	23:04:31	78814a69-ba6c-4c17-96f1-f0e196feae2e	POST	/users_info/add-user	undefined
04/28/2024	23:04:00	82cd6c2a-deb3-4fde-b8eb-75b19ffca5d4	PATCH	/users_info/update-user	undefined
04/28/2024	23:04:24	e082b2a7-1146-4788-be0f-cf5f7da31367	PATCH	/users_info/update-user	undefined
04/28/2024	23:04:66	8a56a104-fa57-4052-a81d-6a2573bcbc09	PATCH	/users_info/update-user	undefined
04/28/2024	23:04:34	c3a7c148-d531-46f7-a6d5-49a71dcc875e	PATCH	/users_info/update-user	undefined
04/28/2024	23:04:26	e4b79e47-bcbc-42ef-9535-2829d58b9f4c	PATCH	/users_info/update-user	undefined
04/28/2024	23:04:14	2262da86-be41-4b0f-a325-da409ab72154	PATCH	/users_info/update-user	undefined
04/28/2024	23:04:94	bf78b17a-5c2f-4488-854c-2186fde9a9b6	PATCH	/users_info/update-user	undefined
04/28/2024	23:04:48	9f2c26f9-9b06-4183-b010-76fd2b379850	PATCH	/users_info/update-user	undefined
04/28/2024	23:04:20	daed720a-82c8-4c75-aec9-47af003ffa7c	PATCH	/users_info/update-user	undefined
04/28/2024	23:04:30	22c4d9e5-a84c-40d1-a8ee-490e8f325903	PATCH	/users_info/update-user	undefined
04/28/2024	23:04:06	f1e19f31-4aec-419a-a903-aefe8ce0c577	PATCH	/users_info/update-user	undefined
04/28/2024	23:04:39	d3ce23d5-3080-4993-b71e-701ecf542966	PATCH	/users_info/update-user	undefined
04/28/2024	23:04:81	c8147077-2f8a-42c7-bce7-986337651343	PATCH	/users_info/update-user	undefined
04/29/2024	00:04:21	5d398481-e816-46b3-af0f-f47b6b4e4c48	POST	/tender/add-docs	undefined
04/29/2024	00:04:96	319ad3e0-67a0-4b28-8c4e-7925c08ad4ca	POST	/tender/add-docs	undefined
04/29/2024	00:04:16	d5bf611f-ba22-4faa-ae24-ab6487d38200	POST	/tender/add-docs	undefined
04/29/2024	00:04:74	33aa997e-efc9-46a0-8e37-00283ae5f746	POST	/tender/add-docs	undefined
04/29/2024	01:04:57	ff1645d0-ce28-497a-b3c1-fab97612f9f4	POST	/tender/add-docs	undefined
04/29/2024	17:04:91	2093bb4c-c091-417e-95af-6c9e38162997	POST	/tender/add-docs	undefined
04/29/2024	17:04:58	9a2d9318-4ce8-4d78-bec5-b5c358d57f47	POST	/tender/add-docs	undefined
04/29/2024	17:04:31	5ce9294c-3626-4a9d-b6dd-f636fe1fdae4	POST	/tender/add-docs	undefined
04/29/2024	17:04:47	96948f3f-d011-4e34-8f29-ae59f20e1998	POST	/tender/add-docs	undefined
04/29/2024	17:04:74	ac73e5f0-6bad-48ea-9b23-b41c2ad1d2fc	POST	/tender/add-docs	undefined
04/29/2024	17:04:59	8482b6b2-e8c9-407e-b898-74e5609e2757	POST	/tender/add-docs	undefined
04/29/2024	17:04:66	ac5481a1-d2f0-4747-9a2a-6d58ce784531	POST	/tender/add-docs	undefined
04/29/2024	17:04:06	9b6ffcca-ee55-4a8c-bc5a-74b6198565fb	POST	/tender/add-docs	undefined
04/29/2024	18:04:40	97e425d6-e893-406e-84f6-ed5c2390c94a	POST	/documents/add-docs	undefined
04/29/2024	18:04:16	1eaebe30-f1ca-4c3a-bc97-fc096afb126e	DELETE	/documents/delete-docs	undefined
04/29/2024	18:04:29	b7c0f5d7-d213-4834-96d9-b056369c4a3d	DELETE	/documents/delete-docs	undefined
04/29/2024	19:04:94	cbb25e17-18a1-452e-8620-b14f43baed1a	PATCH	/tender/update-docs	undefined
04/29/2024	19:04:53	13c66cce-14f7-4195-a684-2b7114bb97c2	PATCH	/tender/update-docs	undefined
04/29/2024	19:04:82	97b27f58-0e43-4987-81ed-28618eaf00d7	PATCH	/tender/update-docs	undefined
04/29/2024	19:04:34	0cc3cd2c-9147-41a1-aecb-e639b3aa5f6c	PATCH	/tender/update-docs	undefined
04/29/2024	19:04:92	5e319d80-cfa0-4324-9143-f0a407b5b55e	PATCH	/tender/update-docs	undefined
04/29/2024	19:04:07	0f0e7e18-827f-4cdd-998c-e54e447d8c5e	POST	/tender/add-docs	undefined
04/29/2024	19:04:92	8a0387ac-fdf9-43c6-9a73-c3e017eff25b	PATCH	/tender/update-docs	undefined
04/29/2024	19:04:12	80e15b70-96be-4027-8cff-b586930e2211	PATCH	/tender/update-docs	undefined
04/29/2024	19:04:26	b5a41d06-b7b5-48f4-a574-156ebed94c09	PATCH	/tender/update-docs	undefined
04/29/2024	19:04:25	09dfb00f-9917-4f90-be6e-2469a31ce3e0	PATCH	/tender/update-docs	undefined
04/29/2024	19:04:73	9fe06ee4-8cd5-4251-8ecb-956be7d0da88	PATCH	/tender/update-docs	undefined
04/29/2024	19:04:81	cb423a0c-3e90-4d9c-a3bb-fcf69771666b	PATCH	/tender/update-docs	undefined
04/29/2024	19:04:45	4febcdd7-ea81-4566-bef3-0e0ff17174db	PATCH	/tender/update-docs	undefined
04/29/2024	19:04:63	d925b717-a9e2-4035-8f8a-77120961f141	PATCH	/tender/update-docs	undefined
04/29/2024	23:04:97	4ac54ffb-43f4-4ecf-9e7f-004c15ab0ad3	PATCH	/tender/update-docs	undefined
04/29/2024	23:04:31	5816036c-82a6-4e8f-9a70-cc8917b3fcd9	PATCH	/tender/update-docs	undefined
04/29/2024	23:04:81	c170c46b-ff6b-4926-82e0-6371f2b69ebe	PATCH	/tender/update-docs	undefined
04/29/2024	23:04:21	fe7e070c-15f1-4694-999a-97830f5560a2	PATCH	/tender/update-docs	undefined
04/29/2024	23:04:66	78115596-4923-47bd-a17c-983d2552742e	POST	/tender/add-docs	undefined
04/29/2024	23:04:57	d178d656-e921-4ae9-b2e0-8bdac326392e	PATCH	/tender/update-docs	undefined
04/30/2024	03:04:17	a746c720-c95e-4338-93ce-441abd68e727	POST	/tender/add-docs	undefined
04/30/2024	03:04:70	1435015b-eb5f-42fa-81ed-ae06ff5f8b10	POST	/tender/add-docs	undefined
04/30/2024	03:04:88	afa91fac-3c9b-46b2-aae3-22780a3df8c8	POST	/tender/add-docs	undefined
04/30/2024	03:04:79	abd2d4c7-8c27-48c4-b8ce-4e7f8d0dfab4	POST	/tender/add-docs	undefined
04/30/2024	03:04:59	e9505d73-072e-4e80-a0ea-ff49dd57cea5	POST	/tender/add-docs	undefined
04/30/2024	03:04:46	ee02d807-4faf-44dd-a3b7-8e8617516af1	POST	/tender/add-docs/8	undefined
04/30/2024	03:04:75	23f220bd-c298-4cb9-a468-69c93fc9eacd	POST	/tender/add-docs/8	undefined
04/30/2024	03:04:36	9e71df59-699d-4e0c-ad40-4024494c5e38	POST	/tender/add-docs/8	undefined
04/30/2024	03:04:56	4a4a28ad-e542-49d7-a10d-ea55acbd2fee	POST	/tender/add-docs/10	undefined
04/30/2024	04:04:73	c22ee9f2-d736-49e9-8f8d-4a50b88dbe9c	PATCH	/tender/update-docs/8	undefined
04/30/2024	04:04:41	0bffe42d-44b0-4b54-a088-53bbcdcf4fb4	PATCH	/tender/update-docs/8	undefined
04/30/2024	04:04:76	887defd0-3d6b-4cf0-83c3-cce6f9d38862	PATCH	/tender/update-docs/8	undefined
04/30/2024	22:04:94	a5bcb6cf-8b46-48cd-93af-566c0560bbe0	PATCH	/tender/update-docs/8	undefined
04/30/2024	22:04:85	aaa1b5c4-48a6-4b53-9f18-32675d6fb541	PATCH	/tender/update-docs/8	undefined
04/30/2024	23:04:77	a382a403-c280-4fe9-a0c5-af46d243481f	PATCH	/tender/update-docs/8	undefined
04/30/2024	23:04:57	cec4ed6f-a728-4256-838e-be977c3d3916	PATCH	/tender/update-docs/10	undefined
05/01/2024	00:05:81	f139a6b6-9f22-43ed-9985-5fce7f99073d	POST	/tender/add-docs/11	undefined
05/01/2024	00:05:71	8825eb50-57f6-4127-9653-c99e18eb92f3	POST	/tender/add-docs/11	undefined
05/01/2024	00:05:81	c660431d-3772-43fb-883f-e7a32b91472e	PATCH	/tender/update-docs/11	undefined
05/01/2024	00:05:29	f09e6ccd-9586-4c37-9a76-42350300e579	PATCH	/tender/update-docs/11	undefined
05/01/2024	00:05:27	3c990195-594c-4801-a547-71414b49c90a	PATCH	/tender/update-docs/11	undefined
05/01/2024	00:05:39	b0174946-e293-4758-b78a-49df1e14ce51	POST	/tender/add-docs/12	undefined
05/01/2024	00:05:16	73ce7f00-0080-4367-a80f-42b04ecacf2c	GET	/tender	undefined
05/01/2024	00:05:95	7f2a8dc3-9a25-4932-8076-e9c94dc2e059	POST	/tender/add-docs/13	undefined
05/01/2024	02:05:46	d97c36fb-c4e2-496b-9090-84edd40ee85c	PATCH	/tender/update-docs/11	undefined
05/01/2024	02:05:77	972a24f2-c825-4a12-bcfa-3213f99d7021	PATCH	/tender/update-docs/11	undefined
05/01/2024	02:05:40	369baf21-1b5d-47cf-a30d-8fbdaa988900	PATCH	/tender/update-docs/13	undefined
05/01/2024	02:05:29	1676f037-e50f-4e08-8560-d0e2cbbe6eb7	PATCH	/tender/update-docs/12	undefined
05/01/2024	02:05:58	69955898-8102-4230-9f1a-86984000dad6	POST	/tender/add-docs/14	undefined
05/01/2024	02:05:01	126d094e-3f1d-4cb7-98c8-756ae1d550a5	PATCH	/tender/update-docs/14	undefined
05/02/2024	01:05:67	a2e65cb4-70b6-40ba-9261-f40232194e3f	POST	/tender/add-docs/14	undefined
05/02/2024	01:05:15	5ce047c0-d6b7-45b8-90bb-f7530377af17	POST	/tender/add-docs/15	undefined
05/02/2024	01:05:91	8bf83504-e9e9-4dc3-ba07-1f8102edf314	PATCH	/tender/update-docs/14	undefined
05/02/2024	01:05:47	5b114a09-de49-47c9-85c9-5f06c4c91f94	POST	/tender/add-docs/15	undefined
05/02/2024	01:05:89	f50f9559-dd2a-48b8-b923-5f325125484d	PATCH	/tender/update-docs/15	undefined
05/02/2024	09:05:34	0c7c39f6-52f2-4cc4-a5e7-0f0d18b74f52	PATCH	/tender/update-docs/15	undefined
05/02/2024	10:05:34	73a54a90-4ece-47ff-bcf7-3b01d067dce2	PATCH	/tender/update-docs/14	undefined
05/02/2024	10:05:97	7e6609de-6ce3-46b9-abe6-26deb3837941	PATCH	/tender/update-docs/14	undefined
05/02/2024	10:05:13	48dcf933-e269-4f37-ad58-185b595169e0	PATCH	/tender/update-docs/14	undefined
05/02/2024	10:05:71	94bd85b9-8b80-4bfe-bd18-d701494a5156	PATCH	/tender/update-docs/14	undefined
05/02/2024	10:05:06	53d12374-47d5-4d9d-a49e-ef0e4b9d5d26	PATCH	/tender/update-docs/14	undefined
05/02/2024	10:05:69	bfa4e120-4757-45d3-9ddb-7271c5b1f973	PATCH	/tender/update-docs/14	undefined
05/02/2024	10:05:78	32d8078c-b4ce-49cb-aa6c-414d4cbb8078	PATCH	/tender/update-docs/14	undefined
05/02/2024	11:05:11	fb4f504b-1622-45eb-a1e5-e8cfa04b0ba5	PATCH	/tender/update-docs/14	undefined
05/02/2024	11:05:87	2c1d3890-8803-49ee-8f34-0f73b9ba54cf	PATCH	/tender/update-docs/14	undefined
05/02/2024	11:05:40	7a0cc6fc-3f25-4c09-ae55-d4d2823bfa48	PATCH	/tender/update-docs/14	undefined
05/02/2024	11:05:31	4ca97ae1-fd24-4b64-8c08-2769766878c9	PATCH	/tender/update-docs/14	undefined
05/02/2024	12:05:92	70796132-c329-4e88-a3d3-d349e7525d9a	PATCH	/tender/update-docs/14	undefined
05/02/2024	12:05:41	dedf5e8b-eb6a-4f27-ac3a-7d5aa753d1f7	PATCH	/tender/update-docs/14	undefined
05/02/2024	12:05:46	b64ef0f8-2509-4ef6-98b0-512e9bca99ed	PATCH	/tender/update-docs/14	undefined
05/02/2024	12:05:33	891b5d41-f320-412f-a2eb-e4041f13dc05	PATCH	/tender/update-docs/14	undefined
05/02/2024	12:05:69	7e7c36e3-e4f9-497e-b00a-ba3c2d057c36	PATCH	/tender/update-docs/14	undefined
05/02/2024	12:05:35	a577e001-d8b0-48fb-9f79-f853dd9507d4	PATCH	/tender/update-docs/14	undefined
05/02/2024	12:05:05	7bf2afd1-a9e6-4d1e-b698-8673f7f41f59	PATCH	/tender/update-docs/14	undefined
05/02/2024	13:05:70	4e1dbe95-d9aa-4a7f-86c6-d75fae8e7227	PATCH	/tender/update-docs/14	undefined
05/02/2024	13:05:47	a4e4a557-1cd3-4b29-aa54-6e306e74c6c4	PATCH	/tender/update-docs/14	undefined
05/02/2024	13:05:11	0eec3cdf-8639-4228-ab76-3ca13c142e5d	PATCH	/tender/update-docs/14	undefined
05/02/2024	13:05:49	6865da2f-29e2-461b-a239-79f8d1f58803	PATCH	/tender/update-docs/14	undefined
05/02/2024	13:05:91	6df6feab-db40-4a4d-8285-3b02ba6f6832	PATCH	/tender/update-docs/14	undefined
05/02/2024	14:05:60	12012d05-6d55-4b21-be28-fd784472c711	GET	/fullLists	undefined
05/02/2024	14:05:58	94ebbb99-b07f-45ce-98e8-23e6276c7237	GET	/fullLists	undefined
05/02/2024	14:05:20	0dd7aaa8-05e2-451e-8a97-63e92808515e	GET	/fullSettings/company	undefined
05/02/2024	14:05:86	5cf978f7-af1f-4c07-94eb-7108441d6b77	POST	/documents/add-docs	undefined
05/02/2024	14:05:58	6e69b58c-3b6e-4448-8534-0d0794475d57	POST	/documents/add-docs/1	undefined
05/02/2024	14:05:84	b7ec5709-27dc-4ed3-abd3-0ca13408c06a	POST	/documents/add-docs/1	undefined
05/02/2024	14:05:45	b55a0780-3340-4c98-b4e9-88e10499837d	GET	/fullSettings/company	undefined
05/02/2024	14:05:88	075cef6a-5faf-430c-8f0b-2500e0c2d53f	POST	/documents/add-docs/2	undefined
05/02/2024	14:05:09	2f792c27-965d-484e-a56b-ae0b2d33e8fa	PATCH	/documents/1	undefined
05/02/2024	14:05:03	cf812d29-3dce-455d-ab5e-39fbcce12f32	PATCH	/documents/update-docs/1	undefined
05/02/2024	14:05:68	24db50e9-3389-4e6f-a31c-3b09d3a8e6c4	PATCH	/documents/update-docs/1	undefined
05/02/2024	17:05:86	9bd86f0d-0066-4b86-8ace-85d45ebcf850	PATCH	/documents/update-docs/1	undefined
05/02/2024	17:05:90	64692298-13e9-4da2-994d-ee6d3b06cd04	PATCH	/documents/update-docs/1	undefined
05/03/2024	14:05:71	42b0d71f-a614-48af-8182-6134035a21ff	POST	/documents/add-docs/2	undefined
05/03/2024	14:05:18	8aab64de-23f7-4d32-be28-3ea0505fdc79	PATCH	/documents/update-docs/2	undefined
05/03/2024	15:05:56	b7aa6b49-8831-4021-9a5a-ef4cbdd842d2	PATCH	/documents/update-docs/2	undefined
05/03/2024	15:05:05	3226623e-e7a0-4a57-8fdf-eb82b3b5bd92	PATCH	/documents/update-docs/2	undefined
05/03/2024	15:05:55	8201a5d4-a867-4c2d-a375-492f5aae9b1d	PATCH	/documents/update-docs/2	undefined
05/03/2024	15:05:02	87822efe-780b-4313-b9e5-9053258c0ec6	PATCH	/documents/update-docs/2	undefined
05/07/2024	01:05:60	8db25a07-cd06-405d-b259-2e6a68c7cccf	POST	/documents/add-docs/hamza	undefined
05/07/2024	01:05:21	1fc86935-edb3-4bfc-9583-9dd4f0a0af97	POST	/documents/add-docs/test	undefined
05/07/2024	01:05:29	1fc86417-ec0b-4458-a5dc-1f7a90cfaa71	PATCH	/documents/update-docs/hamza	undefined
05/07/2024	01:05:11	2f0b7b71-9338-4bb0-94ed-9c63dabc6572	PATCH	/documents/update-docs/hamza	undefined
05/07/2024	02:05:69	cc542109-821e-4413-8313-929b2cac8b33	PATCH	/documents/update-docs/hamza	undefined
05/07/2024	02:05:83	624ea4fe-010b-4a5d-a9f5-fd431a713eb6	PATCH	/documents/update-docs/hamza	undefined
05/07/2024	02:05:07	d8efc8eb-db98-40d7-a4a1-056c1e1d3419	PATCH	/documents/update-docs/hamza	undefined
05/07/2024	02:05:00	8e5b5553-18e3-45c7-bda3-d8c56bba4e49	PATCH	/documents/update-docs/hamza	undefined
05/07/2024	02:05:87	4d984535-2efc-4b65-a150-cb53be221841	PATCH	/documents/update-docs/hamza	undefined
05/07/2024	02:05:60	9e9f291d-e40f-4944-a1f2-316cccc0bacb	POST	/documents/add-docs/test	undefined
05/07/2024	02:05:60	71c78976-5334-45b9-91df-d2ee218014ca	POST	/documents/add-docs	undefined
05/07/2024	02:05:93	35a5f899-8b49-404f-8600-2af783c898dc	POST	/documents/add-docs	undefined
05/07/2024	02:05:77	201af32e-0f82-4edb-9c8c-379e012e68e8	PATCH	/documents/update-docs	undefined
05/07/2024	02:05:85	024b4443-a6c9-4b0e-8da8-afd8324f75ea	POST	/users_info/add-user	undefined
05/07/2024	02:05:39	0c9e47c0-86ff-4358-8e4a-61aaab6f2cbd	POST	/users_info/add-user	undefined
05/07/2024	02:05:53	0249a6e8-2d4a-4d0d-a47d-cc1e7ec8a4c4	POST	/users_info/add-user	undefined
05/07/2024	02:05:45	73ae5dbd-680e-4427-b94b-0e3b7f1f94b5	POST	/users_info/add-user	undefined
05/07/2024	02:05:05	5616b88d-a1ba-4fbe-bb28-4b9431e14b6c	POST	/tender/add-tender	undefined
06/21/2024	16:06:04	7b6f0baf-5825-4a4d-b983-3351fe599360	GET	/	undefined
06/21/2024	16:06:07	a659d174-73b3-4034-8039-38d830f778a1	GET	/assets/css/style.css	undefined
06/21/2024	16:06:08	74d7ce8d-f24d-4c9f-9fa1-2cb105b30c69	GET	/assets/images/hero-shape-2.png	undefined
06/21/2024	16:06:08	75605fab-3730-4f06-9f84-12091f8bd287	GET	/assets/images/hero-bg.svg	undefined
06/21/2024	16:06:08	611284a1-a6b0-4aba-9fe9-56790b6e6ad7	GET	/assets/images/hero-banner-2.jpg	undefined
06/21/2024	16:06:09	2f238df1-6db5-4a5a-98d3-b98448101928	GET	/assets/images/hero-banner-1.jpg	undefined
06/21/2024	16:06:09	781e0efd-16fa-4130-ac91-ff8506270678	GET	/assets/images/hero-shape-1.svg	undefined
06/21/2024	16:06:09	e73fc2ae-ae90-44b4-9723-ebed2602c041	GET	/assets/images/logo.svg	undefined
06/21/2024	16:06:10	db5ea685-9310-48fd-a6c8-7d531e24a94e	GET	/assets/images/delivery.jpg	undefined
06/21/2024	16:06:10	598fbedd-cd52-4cda-b4cf-0f7937edcaed	GET	/assets/js/script.js	undefined
06/21/2024	16:06:10	dde34a38-cd2d-4a47-8be0-76aa28e6c4ed	GET	/assets/images/jobs.jpg	undefined
06/21/2024	16:06:42	33de5da6-5f76-4418-867c-e255007c616e	GET	/assets/images/job.png	undefined
06/21/2024	16:06:42	d65e3b0a-ae43-4ec9-9933-b68298c9bb49	GET	/assets/images/category-2.svg	undefined
06/21/2024	16:06:42	ef192336-e2d8-4dc7-a14b-8554b8b89cc3	GET	/assets/images/truck.png	undefined
06/21/2024	16:06:70	302c5bdb-2431-4160-bdce-f12da14ee555	GET	/favicon.svg	undefined
06/21/2024	16:06:11	4b5c54ba-47ba-4a07-b4b2-e8e78d1669ff	GET	/moto/html/index.html	undefined
06/21/2024	16:06:13	343038eb-3192-40fd-b62f-8be4dee96268	GET	/moto/html/css/bootstrap.min.css	undefined
06/21/2024	16:06:13	5f2260fe-09d9-4b2f-a362-420468e738de	GET	/moto/html/css/styleDelivery.css	undefined
06/21/2024	16:06:13	970f782c-49d5-4331-a6d2-7454caff204c	GET	/moto/html/css/jquery.mCustomScrollbar.min.css	undefined
06/21/2024	16:06:13	06cfd1b2-c5f2-4489-9377-7a704fe4e2dc	GET	/moto/html/css/responsive.css	undefined
06/21/2024	16:06:13	5846ba3b-ef03-4de8-96f3-8d703ff71b6d	GET	/moto/html/js/jquery.min.js	undefined
06/21/2024	16:06:13	517037df-e2d6-4317-b843-50b2a4c1e098	GET	/moto/html/images/logo.png	undefined
06/21/2024	16:06:14	22c04fe3-6c43-4fd7-aacc-3a07084c6c0e	GET	/moto/html/images/banner-img.png	undefined
06/21/2024	16:06:14	7cca5ff0-b6fe-4c04-8789-2952c881453d	GET	/moto/html/css/animate.min.css	undefined
06/21/2024	16:06:14	ba64878f-92f9-4111-9646-654eb22728b0	GET	/moto/html/css/normalize.css	undefined
06/21/2024	16:06:15	77a25552-0703-42a4-bc97-8444e99f7d35	GET	/moto/html/css/icomoon.css	undefined
06/21/2024	16:06:15	8f1af0ba-2412-4449-b6ff-5c5149ee1542	GET	/moto/html/css/css/font-awesome.min.css	undefined
06/21/2024	16:06:15	7c0b0cda-6140-4efd-89bf-02e49c7874a2	GET	/moto/html/css/meanmenu.css	undefined
06/21/2024	16:06:15	ed620cd2-16b5-4a23-8277-709a30b182e3	GET	/moto/html/css/owl.carousel.min.css	undefined
06/21/2024	16:06:16	bf64b5d8-f5e4-4614-9e31-8ef8ea711327	GET	/moto/html/css/swiper.min.css	undefined
06/21/2024	16:06:16	82bf85ff-be3c-4ff6-a098-9801d296b40d	GET	/moto/html/css/slick.css	undefined
06/21/2024	16:06:16	3847364e-66e2-40ed-a412-d2c0d4201179	GET	/moto/html/css/jquery.fancybox.min.css	undefined
06/21/2024	16:06:17	93676c60-a20c-496c-a729-e30c3b47adfb	GET	/moto/html/css/jquery-ui.css	undefined
06/21/2024	16:06:17	ee38462d-647f-44e0-ba38-49dbf42ca638	GET	/moto/html/css/nice-select.css	undefined
06/21/2024	16:06:17	b23d2aac-18bc-4f38-81c0-35322d7a4c70	GET	/moto/html/images/1.jpg	undefined
06/21/2024	16:06:17	64d401be-6588-463e-97e3-1c38be7ab2f4	GET	/moto/html/images/2.avif	undefined
06/21/2024	16:06:18	e0c81fcf-a47b-40b5-aaf6-1357bba94ae5	GET	/moto/html/js/popper.min.js	undefined
06/21/2024	16:06:18	97144ffd-c4f8-4092-8926-277d85bf8c1a	GET	/moto/html/js/bootstrap.bundle.min.js	undefined
06/21/2024	16:06:18	c2e6c313-5199-4d0f-a9c0-dee88eaa1b79	GET	/moto/html/js/jquery-3.0.0.min.js	undefined
06/21/2024	16:06:18	28d9848d-7611-4ec3-90e5-fc546c1f1d82	GET	/moto/html/js/plugin.js	undefined
06/21/2024	16:06:18	9324673e-9ea7-46d6-a405-fae0ee63bd3b	GET	/moto/html/js/jquery.mCustomScrollbar.concat.min.js	undefined
06/21/2024	16:06:19	b374751f-2876-4324-8607-533e2f6658f0	GET	/moto/html/js/custom.js	undefined
06/21/2024	16:06:30	48c7b716-4c6a-48e6-90cc-d8ee46f725e9	GET	/moto/html/images/banner-bg.png	undefined
06/21/2024	16:06:34	06b730fe-6170-43dd-8309-2c931de4810b	GET	/moto/html/index.html	undefined
06/21/2024	16:06:74	dca4dd36-c3b5-41cd-a34f-d0deb7f06754	GET	/moto/html/images/fevicon.png	undefined
06/21/2024	16:06:52	6cc7818f-108b-4ff4-a526-52ae06d9fc1d	GET	/moto/html/services.html	undefined
06/21/2024	16:06:65	c4fdfa9e-f31f-4088-b67c-a8e4288c68f4	GET	/favicon.ico	undefined
06/21/2024	16:06:08	79e26d23-5430-40a4-b4ee-e22a573a19f9	GET	/index.html	undefined
06/21/2024	16:06:10	7c1e49e4-9746-4172-8c68-f1069978c4ee	GET	/assets/css/style.css	undefined
06/21/2024	16:06:10	48476957-b3b3-4010-a227-86751ce2db19	GET	/assets/images/hero-shape-2.png	undefined
06/21/2024	16:06:10	f685a29d-095b-4f35-babb-b13afff6981e	GET	/assets/images/hero-bg.svg	undefined
06/21/2024	16:06:10	5c1c6d77-86ed-49ac-9c71-3c62ce829ba5	GET	/assets/images/hero-banner-1.jpg	undefined
06/21/2024	16:06:11	9df2b2d3-d85c-48f8-89b1-7671b0b0f3aa	GET	/assets/images/hero-banner-2.jpg	undefined
06/21/2024	16:06:11	5343ba72-26e8-40bd-be0c-dbbad5dd2d35	GET	/assets/images/hero-shape-1.svg	undefined
06/21/2024	16:06:11	fcdec610-8966-4d70-9f06-e8a20644232f	GET	/assets/images/logo.svg	undefined
06/21/2024	16:06:11	12160959-c9a8-46fd-ad5e-f5cd1a484b18	GET	/assets/images/delivery.jpg	undefined
06/21/2024	16:06:12	13d5de00-9bd2-4ccb-8613-c5d06d2d81be	GET	/assets/images/jobs.jpg	undefined
06/21/2024	16:06:12	9a9ac929-6578-4abe-ad67-8c547b07926a	GET	/assets/js/script.js	undefined
06/21/2024	16:06:13	0a3b8014-d373-4236-a311-683bfb11b133	GET	/assets/images/job.png	undefined
06/21/2024	16:06:13	618662b7-72d2-4254-adb7-216f4bb7fa35	GET	/assets/images/category-2.svg	undefined
06/21/2024	16:06:13	30f71e70-9d0b-4d78-93ef-19cef7d9304d	GET	/assets/images/truck.png	undefined
06/21/2024	16:06:09	7e1ef151-875c-41c6-8fb0-334c07efc12c	GET	/Courses/index.html	undefined
06/21/2024	16:06:21	2308c21e-6453-4ef2-871e-21d0aef2ac56	GET	/Courses/css/open-iconic-bootstrap.min.css	undefined
06/21/2024	16:06:21	3d071012-38c3-486f-bab8-80e26f1009c4	GET	/Courses/css/animate.css	undefined
06/21/2024	16:06:21	58280bb6-e155-4e28-afc8-e037227690cf	GET	/Courses/css/owl.carousel.min.css	undefined
06/21/2024	16:06:21	df3bda92-541b-43ec-920c-b06192249352	GET	/Courses/css/owl.theme.default.min.css	undefined
06/21/2024	16:06:21	961337f5-b37d-48b5-b4e5-31b47101829e	GET	/Courses/css/magnific-popup.css	undefined
06/21/2024	16:06:21	e81f218d-6a2b-45ed-86a9-16ac954e6d69	GET	/Courses/css/aos.css	undefined
06/21/2024	16:06:22	1c7821a2-43f0-4f75-b5b1-8b0d2bad8bc1	GET	/Courses/css/ionicons.min.css	undefined
06/21/2024	16:06:23	01ceee1d-b774-4a96-825f-e235ffbcc933	GET	/Courses/css/bootstrap-datepicker.css	undefined
06/21/2024	16:06:23	4d8b8e6e-aa54-4953-acbf-2860effc04f7	GET	/Courses/css/jquery.timepicker.css	undefined
06/21/2024	16:06:23	d8878a03-cf4e-477b-8428-b781c82fc0e0	GET	/Courses/css/flaticon.css	undefined
06/21/2024	16:06:23	b38c2ac5-f18e-49df-925d-47845294c59b	GET	/Courses/css/icomoon.css	undefined
06/21/2024	16:06:23	104b6654-1090-4c67-9f80-bee28a7856e2	GET	/Courses/css/style.css	undefined
06/21/2024	16:06:24	bd573196-203e-41c2-83c0-8d50e386d61c	GET	/Courses/js/jquery.min.js	undefined
06/21/2024	16:06:24	af350552-e31f-4013-89f6-0a903765dfc0	GET	/Courses/images/undraw_work_time_lhoj.svg	undefined
06/21/2024	16:06:24	b76eefa5-33fa-4a98-b2ea-1ed147e0c3b3	GET	/Courses/js/jquery-migrate-3.0.1.min.js	undefined
06/21/2024	16:06:25	deedc6c6-1637-4cd0-a227-d62de6cb0703	GET	/Courses/js/popper.min.js	undefined
06/21/2024	16:06:25	3ca77412-54b6-4f1b-af1a-d702a3247667	GET	/Courses/js/bootstrap.min.js	undefined
06/21/2024	16:06:27	0b44d2fa-c345-42d8-abff-c312050972a8	GET	/Courses/js/jquery.easing.1.3.js	undefined
06/21/2024	16:06:27	aaed2278-c439-4eda-9e66-4bb294be540e	GET	/Courses/js/jquery.waypoints.min.js	undefined
06/21/2024	16:06:27	ec60d60d-dd89-45aa-857b-d15478a6e599	GET	/Courses/js/jquery.stellar.min.js	undefined
06/21/2024	16:06:28	4e8b9a84-44fe-41d8-848c-1875bdddcc41	GET	/Courses/js/owl.carousel.min.js	undefined
06/21/2024	16:06:28	2df55383-03fb-4acf-baee-72a0bdb50b69	GET	/Courses/js/jquery.magnific-popup.min.js	undefined
06/21/2024	16:06:29	8a9a4b3f-d6be-4708-9f76-0a7b161f340c	GET	/Courses/js/aos.js	undefined
06/21/2024	16:06:30	ca567676-e291-47b2-a130-acfa6463ce2a	GET	/Courses/js/jquery.animateNumber.min.js	undefined
06/21/2024	16:06:30	2423476a-1e4c-4317-a292-1fe193822af7	GET	/Courses/js/scrollax.min.js	undefined
06/21/2024	16:06:31	ea801294-8d0b-429d-8c4a-80728e8e466d	GET	/Courses/js/google-map.js	undefined
06/21/2024	16:06:31	d4b23d99-448b-46cd-88e0-733c2337eda3	GET	/Courses/js/main.js	undefined
06/21/2024	16:06:82	4f5a6e7a-add0-4d15-a226-8a65057d5e66	GET	/Courses/new-post.html	undefined
06/21/2024	16:06:27	4d5eeb08-22ac-4d20-abfd-39acdfe59e17	GET	/Courses/index.html	undefined
06/21/2024	16:06:28	abd6e5fe-2c68-4657-94b2-17b9461dfb12	GET	/Courses/css/open-iconic-bootstrap.min.css	undefined
06/21/2024	16:06:28	d4dee51d-a858-479f-b626-d242dda4a8e5	GET	/Courses/css/animate.css	undefined
06/21/2024	16:06:28	3a92c788-5a2d-40d3-b7ce-f4454857a2db	GET	/Courses/css/owl.carousel.min.css	undefined
06/21/2024	16:06:28	6f69e277-83db-4b78-8952-1b3f0ebfc07c	GET	/Courses/css/owl.theme.default.min.css	undefined
06/21/2024	16:06:29	78543ded-1b49-4269-a037-a9b0a0106f78	GET	/Courses/css/ionicons.min.css	undefined
06/21/2024	16:06:29	e0d068d5-4f35-4647-8f50-807d74e942c4	GET	/Courses/css/magnific-popup.css	undefined
06/21/2024	16:06:29	c98786f6-7579-41f5-88b5-e715aecfa9e8	GET	/Courses/css/aos.css	undefined
06/21/2024	16:06:29	f979bb8b-f0a0-4774-b89d-d56e1298dfc6	GET	/Courses/css/bootstrap-datepicker.css	undefined
06/21/2024	16:06:29	59a062b9-a921-4fc0-a8a1-fd6aee053bf5	GET	/Courses/css/jquery.timepicker.css	undefined
06/21/2024	16:06:29	e578a21e-11eb-432f-866a-295964125d72	GET	/Courses/css/flaticon.css	undefined
06/21/2024	16:06:30	8a16db6e-655f-4226-974b-e676f1483e27	GET	/Courses/css/icomoon.css	undefined
06/21/2024	16:06:30	51c5633a-782d-4231-9d34-cd94c6edc08a	GET	/Courses/css/style.css	undefined
06/21/2024	16:06:30	e0163f26-5b65-4a33-b718-e1fe80ce9ffa	GET	/Courses/js/jquery.min.js	undefined
06/21/2024	16:06:30	bc3bed6c-20cb-4c9e-84c8-24d04c6f7d5c	GET	/Courses/js/jquery-migrate-3.0.1.min.js	undefined
06/21/2024	16:06:30	6c794cb1-9dc3-40ab-8724-df03a5b0cc82	GET	/Courses/images/undraw_work_time_lhoj.svg	undefined
06/21/2024	16:06:30	2ef39a7a-c37c-46e1-9b31-1e000f12a4b2	GET	/Courses/js/popper.min.js	undefined
06/21/2024	16:06:30	004775b4-51e7-4839-86cd-2b9a1c3fbe35	GET	/Courses/js/bootstrap.min.js	undefined
06/21/2024	16:06:31	c752216e-2255-4394-9990-5f43f1e8c333	GET	/Courses/js/jquery.easing.1.3.js	undefined
06/21/2024	16:06:31	03436917-1520-444f-8d09-4adec9083d73	GET	/Courses/js/jquery.waypoints.min.js	undefined
06/21/2024	16:06:31	c74129f8-7f8e-4c11-b5bd-7f236dcaa56e	GET	/Courses/js/jquery.stellar.min.js	undefined
06/21/2024	16:06:31	25da65ef-8c10-49da-84e3-d0bbb99170b6	GET	/Courses/js/owl.carousel.min.js	undefined
06/21/2024	16:06:31	4dfb17d0-16d5-42f3-85c2-71f8cf47333e	GET	/Courses/js/jquery.magnific-popup.min.js	undefined
06/21/2024	16:06:31	5e8e1fe9-c98a-4c4e-902d-27d1b4cb396f	GET	/Courses/js/aos.js	undefined
06/21/2024	16:06:31	d2c8d837-463f-416d-9491-d152e56e4e8a	GET	/Courses/js/jquery.animateNumber.min.js	undefined
06/21/2024	16:06:32	fbbab332-be11-4d6b-b10a-8ed53a0114df	GET	/Courses/js/scrollax.min.js	undefined
06/21/2024	16:06:32	e2fe3cdd-9fb6-4bdd-a64e-e8c61b16cddf	GET	/Courses/js/google-map.js	undefined
06/21/2024	16:06:32	3df0238c-a633-4822-94a3-f1c45fdd7c79	GET	/Courses/js/main.js	undefined
06/21/2024	16:06:64	95b38610-5f91-493e-87fd-739a1d9ee368	GET	/Courses/job-post.html	undefined
06/21/2024	16:06:74	b26824c3-59c8-44d3-9bfa-4c256a4d3ab9	GET	/Courses/index.html	undefined
06/21/2024	16:06:76	285501ad-4848-4272-8d3f-c5428bb6669c	GET	/Courses/css/open-iconic-bootstrap.min.css	undefined
06/21/2024	16:06:76	2a3bbf67-6966-4f46-9ccb-49923cc80a52	GET	/Courses/css/animate.css	undefined
06/21/2024	16:06:76	36fad288-2b95-43e1-bc3e-5eb1ecbc09d4	GET	/Courses/css/owl.carousel.min.css	undefined
06/21/2024	16:06:76	f13467c0-e2d8-433e-9099-880c958b1efd	GET	/Courses/css/owl.theme.default.min.css	undefined
06/21/2024	16:06:76	649bec06-f7f4-4fc5-a9df-d632deb6da25	GET	/Courses/css/magnific-popup.css	undefined
06/21/2024	16:06:77	4c5b5a78-4ace-40b1-a09e-ad39eda1fd49	GET	/Courses/css/aos.css	undefined
06/21/2024	16:06:77	a15b33e2-49b0-4f4b-b8ca-3ea3af80188b	GET	/Courses/css/ionicons.min.css	undefined
06/21/2024	16:06:77	7dba266b-2bab-4fe9-b5dd-088982592778	GET	/Courses/css/bootstrap-datepicker.css	undefined
06/21/2024	16:06:77	fb22571b-8128-42fc-950b-6d165e2fcd1d	GET	/Courses/css/jquery.timepicker.css	undefined
06/21/2024	16:06:77	58dd948b-6567-4faf-a81e-d83f005f9190	GET	/Courses/css/flaticon.css	undefined
06/21/2024	16:06:77	7e3b0ccd-a487-42e7-94fc-8ac2d3ae3246	GET	/Courses/css/icomoon.css	undefined
06/21/2024	16:06:77	3787ed09-66a1-44b1-a343-8e014422b6b3	GET	/Courses/css/style.css	undefined
06/21/2024	16:06:77	80051d9a-9942-4d00-a3d1-6834b01f82a0	GET	/Courses/js/jquery.min.js	undefined
06/21/2024	16:06:77	3f7fa465-cb7f-4dfa-86d3-17086d23ec80	GET	/Courses/images/undraw_work_time_lhoj.svg	undefined
06/21/2024	16:06:77	aefe49f6-3d10-4829-b9e4-7de1eeefcac8	GET	/Courses/js/jquery-migrate-3.0.1.min.js	undefined
06/21/2024	16:06:78	7e065d26-2448-48da-9e59-033f124c2974	GET	/Courses/js/popper.min.js	undefined
06/21/2024	16:06:78	30270840-d25a-4cb7-b236-4f0a4da8d05f	GET	/Courses/js/bootstrap.min.js	undefined
06/21/2024	16:06:78	a563cc73-98db-48c9-a02e-0dba22351cf8	GET	/Courses/js/jquery.easing.1.3.js	undefined
06/21/2024	16:06:78	0455716c-0084-4018-821d-461423f9fc09	GET	/Courses/js/jquery.waypoints.min.js	undefined
06/21/2024	16:06:78	8130444e-a1b2-42a9-8287-41d6cf00fcd7	GET	/Courses/js/jquery.stellar.min.js	undefined
06/21/2024	16:06:78	7459c5c5-1f03-4465-a592-5cbe86d15c86	GET	/Courses/js/owl.carousel.min.js	undefined
06/21/2024	16:06:78	2f25f464-0547-426d-8475-7e6d3f959908	GET	/Courses/js/jquery.magnific-popup.min.js	undefined
06/21/2024	16:06:79	70c8d6b7-e87f-43e4-b17f-6da0afaebdf2	GET	/Courses/js/aos.js	undefined
06/21/2024	16:06:79	afbda171-8ea2-4f7b-9a20-a5cfb21c9d5a	GET	/Courses/js/jquery.animateNumber.min.js	undefined
06/21/2024	16:06:79	63e1fa53-fe44-48b7-87cc-71fc0c95a56c	GET	/Courses/js/scrollax.min.js	undefined
06/21/2024	16:06:79	6303256b-26d6-425d-a6f8-a1ec089db13d	GET	/Courses/js/google-map.js	undefined
06/21/2024	16:06:79	bbb388e1-7990-4e13-a0cc-558c36b9fe98	GET	/Courses/js/main.js	undefined
06/21/2024	16:06:49	93fca1f2-c685-4fdb-a45b-cc34d4eecd77	GET	/Courses/contact.html	undefined
06/21/2024	16:06:86	06615b56-068b-449e-8380-75191cb49af3	GET	/Courses/index.html	undefined
06/21/2024	16:06:88	41b476d7-2fd9-4028-b99d-a2790e91bad7	GET	/Courses/css/open-iconic-bootstrap.min.css	undefined
06/21/2024	16:06:88	6afc121e-7a6b-4519-a2e2-c952bf39053b	GET	/Courses/css/animate.css	undefined
06/21/2024	16:06:88	2a79514e-beb2-4b93-9fe4-79d6f3ee3011	GET	/Courses/css/owl.carousel.min.css	undefined
06/21/2024	16:06:88	b477f53b-ac75-48c3-b654-c6ae308c5e3a	GET	/Courses/css/owl.theme.default.min.css	undefined
06/21/2024	16:06:88	c3f64661-20dd-4ca0-a5ec-d94a7d36f938	GET	/Courses/css/magnific-popup.css	undefined
06/21/2024	16:06:88	d185a4af-96eb-4194-8286-bb990ecd15d1	GET	/Courses/css/aos.css	undefined
06/21/2024	16:06:88	48c556d8-1588-46d9-9edb-c93296c1fb89	GET	/Courses/css/ionicons.min.css	undefined
06/21/2024	16:06:88	461d106a-5487-474d-9cc4-ef1e30f7413b	GET	/Courses/css/bootstrap-datepicker.css	undefined
06/21/2024	16:06:88	6ac9a067-83c2-47d6-836b-84de1de2dda8	GET	/Courses/css/jquery.timepicker.css	undefined
06/21/2024	16:06:89	58f5337b-af78-40a7-a0fe-74187c1a2f19	GET	/Courses/css/flaticon.css	undefined
06/21/2024	16:06:89	0ed1b3c7-0ccf-46bf-a65f-f9948004aa33	GET	/Courses/css/icomoon.css	undefined
06/21/2024	16:06:89	616d1f2d-f368-45b3-addb-71035238380c	GET	/Courses/css/style.css	undefined
06/21/2024	16:06:89	f34e0f00-f5fa-4373-bc0e-90af66db5495	GET	/Courses/js/jquery.min.js	undefined
06/21/2024	16:06:89	98863585-1eb6-4efc-a1b8-e9e0fd25ec8f	GET	/Courses/images/undraw_work_time_lhoj.svg	undefined
06/21/2024	16:06:89	f3bb114b-a528-4de0-a490-2a1df948d086	GET	/Courses/js/jquery-migrate-3.0.1.min.js	undefined
06/21/2024	16:06:89	8c140a81-1b37-47b7-9bc9-844dfecd7d1d	GET	/Courses/js/popper.min.js	undefined
06/21/2024	16:06:89	8d4da0f3-f3cf-4b9d-9e3d-4611eb09c1ee	GET	/Courses/js/bootstrap.min.js	undefined
06/21/2024	16:06:89	07a033b7-2715-447b-8314-aa4748aabf51	GET	/Courses/js/jquery.easing.1.3.js	undefined
06/21/2024	16:06:89	f6284ec0-66c1-4d78-9d3e-c2bc6f01b9cc	GET	/Courses/js/jquery.waypoints.min.js	undefined
06/21/2024	16:06:90	0ddd3cc7-77f3-4ecc-a774-9e5cb84bb7b5	GET	/Courses/js/jquery.stellar.min.js	undefined
06/21/2024	16:06:90	7b51974c-4110-479c-a424-02a0dcc10d2a	GET	/Courses/js/owl.carousel.min.js	undefined
06/21/2024	16:06:90	077ed91f-9314-47b3-954e-066f4ed93052	GET	/Courses/js/jquery.magnific-popup.min.js	undefined
06/21/2024	16:06:90	c291b8d8-816b-49a8-a2c2-6b4761db5f1f	GET	/Courses/js/aos.js	undefined
06/21/2024	16:06:90	3fafaa2b-e138-4c43-be80-7156d323e7de	GET	/Courses/js/jquery.animateNumber.min.js	undefined
06/21/2024	16:06:90	49440aad-cd8e-407d-8ed2-9212f525b6f5	GET	/Courses/js/google-map.js	undefined
06/21/2024	16:06:90	86009fd9-51eb-400e-8792-99e8aa5c2702	GET	/Courses/js/scrollax.min.js	undefined
06/21/2024	16:06:90	803c845e-7acb-4593-bbea-7b438f412b24	GET	/Courses/js/main.js	undefined
06/21/2024	16:06:52	1cf82e1b-a655-4fba-8a4f-4e038e9a9575	GET	/index.html	undefined
06/21/2024	16:06:54	21026ad7-05b0-4b56-b0c2-8699e7597da9	GET	/assets/css/style.css	undefined
06/21/2024	16:06:54	6c35fd7d-ba33-4dce-a129-de3c36fd04c8	GET	/assets/images/hero-shape-2.png	undefined
06/21/2024	16:06:54	f093f75d-9052-48ce-87c1-01a44426e2b7	GET	/assets/images/hero-bg.svg	undefined
06/21/2024	16:06:54	aec1bcc1-70e7-44e1-a7bd-51df1cedf9c4	GET	/assets/images/hero-banner-1.jpg	undefined
06/21/2024	16:06:55	2b6d0c09-f968-4808-921e-1c28066a3500	GET	/assets/images/hero-banner-2.jpg	undefined
06/21/2024	16:06:55	276aaf7f-b836-4da2-98a4-41497ab800af	GET	/assets/images/hero-shape-1.svg	undefined
06/21/2024	16:06:55	9e006bdd-045f-475b-b11a-00ef6c580cf2	GET	/assets/images/logo.svg	undefined
06/21/2024	16:06:55	35cdfebe-84ee-4438-aa8a-d2a09005310e	GET	/assets/images/delivery.jpg	undefined
06/21/2024	16:06:55	cc49cf77-3857-465b-b615-234889005ab8	GET	/assets/images/jobs.jpg	undefined
06/21/2024	16:06:55	da18f993-9d0e-4be1-bf40-d852f8a3ae2c	GET	/assets/js/script.js	undefined
06/21/2024	16:06:56	b509b4c4-27cb-4745-85a1-c56cec01b3f5	GET	/assets/images/job.png	undefined
06/21/2024	16:06:56	81bc1f3d-d3b0-47e2-a468-429201e60b2d	GET	/assets/images/category-2.svg	undefined
06/21/2024	16:06:56	33467594-6534-42f4-8802-a23b1fccfa1e	GET	/assets/images/truck.png	undefined
06/21/2024	16:06:34	912e8105-7154-4a80-8f4f-d23f97ff919b	GET	/Job/	undefined
06/21/2024	16:06:36	94fdb3c8-c9a3-472d-9c6b-b1e1e59ebcca	GET	/Job/css/open-iconic-bootstrap.min.css	undefined
06/21/2024	16:06:36	6f6ecc63-844e-4be8-a1c9-4ffd4924ef6b	GET	/Job/css/animate.css	undefined
06/21/2024	16:06:36	762df52e-ece1-4647-a45c-29ee76b3ba6a	GET	/Job/css/owl.carousel.min.css	undefined
06/21/2024	16:06:36	130a3f1b-cf76-464c-aaf0-9850657d7372	GET	/Job/css/owl.theme.default.min.css	undefined
06/21/2024	16:06:36	1567e06e-c90c-4729-8753-f0c2dfe1aa29	GET	/Job/css/magnific-popup.css	undefined
06/21/2024	16:06:37	6f6a224c-2382-4ee9-9451-faaec59599b1	GET	/Job/css/aos.css	undefined
06/21/2024	16:06:37	341001b8-090d-4db9-9655-4f1aafa0ba34	GET	/Job/css/ionicons.min.css	undefined
06/21/2024	16:06:47	f497a933-8049-4e6f-943e-14539b441333	GET	/Job/css/bootstrap-datepicker.css	undefined
06/21/2024	16:06:48	aad5ec39-4817-45f0-962b-42313384e855	GET	/Job/css/jquery.timepicker.css	undefined
06/21/2024	16:06:48	e732e1d3-3cd1-4cd6-b209-0877f227f9d3	GET	/Job/css/flaticon.css	undefined
06/21/2024	16:06:48	e4a8845c-928c-40ce-bbde-08568f4740b0	GET	/Job/css/icomoon.css	undefined
06/21/2024	16:06:48	8af5de67-6bdf-463e-bd74-3de7203a9225	GET	/Job/css/style.css	undefined
06/21/2024	16:06:49	fd11e4cd-cd1b-4439-abdd-533e26d19434	GET	/Job/js/jquery.min.js	undefined
06/21/2024	16:06:49	9e45d854-dba9-465c-a4db-ef0444d28077	GET	/Job/js/jquery-migrate-3.0.1.min.js	undefined
06/21/2024	16:06:49	fd3ea6a4-900c-45e9-b2f1-6af92298fe5e	GET	/Job/images/undraw_work_time_lhoj.svg	undefined
06/21/2024	16:06:49	4bd9fde5-039a-44e3-833f-e5172d516219	GET	/Job/js/popper.min.js	undefined
06/21/2024	16:06:49	834a92d5-14c4-4309-84b0-dbf2df3b035d	GET	/Job/js/bootstrap.min.js	undefined
06/21/2024	16:06:50	c2f66ad1-3490-4a6f-9b6f-ae3b264324db	GET	/Job/js/jquery.easing.1.3.js	undefined
06/21/2024	16:06:51	b748ae10-6f96-4e0d-984b-fa7e1f7314bf	GET	/Job/js/jquery.waypoints.min.js	undefined
06/21/2024	16:06:51	33a7657e-74fe-4ca2-b058-b4ea062a6a01	GET	/Job/js/jquery.stellar.min.js	undefined
06/21/2024	16:06:51	62d9542e-fb70-4f9e-a0d5-0952aa362ffd	GET	/Job/js/owl.carousel.min.js	undefined
06/21/2024	16:06:52	dd7014fc-d02b-4a7e-8d5d-a1f34dcd47de	GET	/Job/js/jquery.magnific-popup.min.js	undefined
06/21/2024	16:06:53	5f03cc28-42cf-4c4d-9f51-95c29cb21eec	GET	/Job/js/aos.js	undefined
06/21/2024	16:06:54	7c7d75fd-a3ad-4dbd-b803-5cd01bdd0064	GET	/Job/js/jquery.animateNumber.min.js	undefined
06/21/2024	16:06:54	601c06d3-f507-4e2b-8603-b60ba89ca731	GET	/Job/js/scrollax.min.js	undefined
06/21/2024	16:06:54	512f153e-42fb-4a07-af3d-a0bf8c3fa74f	GET	/Job/js/google-map.js	undefined
06/21/2024	16:06:54	f1ace2e6-dd50-482c-954e-290318cea452	GET	/Job/js/main.js	undefined
06/21/2024	16:06:16	792c9fd8-eea3-4e5b-b2c0-64d01e4f55b9	GET	/Job/job-post.html	undefined
06/21/2024	16:06:35	f521c4db-e9b4-4886-813d-831bb9b8a755	GET	/Job/index.html	undefined
06/21/2024	16:06:37	8fdea71b-efe3-4d8c-b6d4-87a56e75279a	GET	/Job/css/open-iconic-bootstrap.min.css	undefined
06/21/2024	16:06:37	3470c38a-706d-4959-b3fe-d2d19c65f877	GET	/Job/css/animate.css	undefined
06/21/2024	16:06:37	30edb6b7-c98b-47c8-91bc-70d8baea61a2	GET	/Job/css/owl.carousel.min.css	undefined
06/21/2024	16:06:37	a01b6d32-b8c7-4ae7-8764-94a6b3fde90f	GET	/Job/css/owl.theme.default.min.css	undefined
06/21/2024	16:06:37	969cdba6-0899-4c3d-8a04-a869bda7390b	GET	/Job/css/magnific-popup.css	undefined
06/21/2024	16:06:37	7b87a56e-6f4b-4a5a-928c-d5ad445cb818	GET	/Job/css/aos.css	undefined
06/21/2024	16:06:37	ce97ad70-fa90-40a1-9f45-22c1c1e32c60	GET	/Job/css/ionicons.min.css	undefined
06/21/2024	16:06:37	c12d9ad0-503c-4ccc-8dc6-1ecba700db75	GET	/Job/css/bootstrap-datepicker.css	undefined
06/21/2024	16:06:38	8baf64cc-5e66-4437-bb20-49450a79f792	GET	/Job/css/jquery.timepicker.css	undefined
06/21/2024	16:06:38	2034ac52-9d09-4045-96a0-461147876650	GET	/Job/css/flaticon.css	undefined
06/21/2024	16:06:38	9e6b1d03-e6bc-454e-88ce-be455df2a4a8	GET	/Job/css/icomoon.css	undefined
06/21/2024	16:06:38	4c8aeb56-66f6-4b0f-807b-c939dab2054b	GET	/Job/css/style.css	undefined
06/21/2024	16:06:38	3aeef1d8-12fd-4851-acc4-92658a18ebc4	GET	/Job/js/jquery.min.js	undefined
06/21/2024	16:06:38	54631e4d-1139-4297-8b16-9ea62391dbc0	GET	/Job/images/undraw_work_time_lhoj.svg	undefined
06/21/2024	16:06:38	1977ed08-1bc4-464e-abef-62bfeda6aca2	GET	/Job/js/jquery-migrate-3.0.1.min.js	undefined
06/21/2024	16:06:38	a3eb2251-3916-4813-a13e-886615998783	GET	/Job/js/popper.min.js	undefined
06/21/2024	16:06:38	74447eb6-c26b-4bba-92aa-8c5ff94666fd	GET	/Job/js/bootstrap.min.js	undefined
06/21/2024	16:06:39	37a4c67e-ebf7-4784-89fd-34c304e63df7	GET	/Job/js/jquery.easing.1.3.js	undefined
06/21/2024	16:06:39	255ab6be-6b00-4dea-a835-acd9c131643e	GET	/Job/js/jquery.waypoints.min.js	undefined
06/21/2024	16:06:39	bedb6760-6bb7-4cee-b39b-7182870affd7	GET	/Job/js/jquery.stellar.min.js	undefined
06/21/2024	16:06:39	0c6cd6b5-c8ba-4934-ac75-6696b4e848ab	GET	/Job/js/owl.carousel.min.js	undefined
06/21/2024	16:06:39	ca346713-1388-4788-8265-c95dc5a7cd12	GET	/Job/js/jquery.magnific-popup.min.js	undefined
06/21/2024	16:06:39	1b0c3aa2-7ff1-4700-ae61-824a1a60a15f	GET	/Job/js/aos.js	undefined
06/21/2024	16:06:39	47377c57-6f0c-4796-be9e-1fdc68b8cd01	GET	/Job/js/jquery.animateNumber.min.js	undefined
06/21/2024	16:06:40	cda5857f-4624-46e1-882f-310afced9d1e	GET	/Job/js/scrollax.min.js	undefined
06/21/2024	16:06:40	5a2cf1f5-95a7-4df2-8955-4f2d051eb1c0	GET	/Job/js/google-map.js	undefined
06/21/2024	16:06:40	7da45f89-4f6f-4fb6-b0cf-d39dd129e0e6	GET	/Job/js/main.js	undefined
06/21/2024	16:06:04	aacf98f9-e382-4a74-acef-db5ba86292d4	GET	/index.html	undefined
06/21/2024	16:06:05	e4c17c32-ef15-444d-9967-ec902c10868b	GET	/assets/css/style.css	undefined
06/21/2024	16:06:05	24d5d379-06b2-4ba0-9d85-341ea7f0ecfb	GET	/assets/images/hero-shape-2.png	undefined
06/21/2024	16:06:06	29fee585-49c9-4026-ba0d-20c6c1a1a350	GET	/assets/images/hero-bg.svg	undefined
06/21/2024	16:06:06	ce7554ad-2456-4987-a9b0-7773c0ab71e3	GET	/assets/images/hero-banner-1.jpg	undefined
06/21/2024	16:06:06	49e6cbea-ce38-480c-8414-fb027a3e9162	GET	/assets/images/hero-banner-2.jpg	undefined
06/21/2024	16:06:06	8f96f783-bc26-4e57-a71b-5782ad6ac696	GET	/assets/images/hero-shape-1.svg	undefined
06/21/2024	16:06:06	867689dd-5268-4acc-9b96-0fa6d5a7db2d	GET	/assets/images/logo.svg	undefined
06/21/2024	16:06:06	3f033425-1351-4fee-85fc-816fc87cbb10	GET	/assets/images/delivery.jpg	undefined
06/21/2024	16:06:07	2193a793-be8a-482c-b467-e97a5080193b	GET	/assets/images/jobs.jpg	undefined
06/21/2024	16:06:07	1bdd5ed6-2b56-4be6-af9c-b56d86682754	GET	/assets/js/script.js	undefined
06/21/2024	16:06:08	868bcf79-aa19-439c-841c-832b0bb409f3	GET	/assets/images/job.png	undefined
06/21/2024	16:06:08	d7198d4c-599b-4e33-99e1-40d395a5ac43	GET	/assets/images/category-2.svg	undefined
06/21/2024	16:06:08	07ce8d98-b158-4a10-a5c6-ed02bf36b504	GET	/assets/images/truck.png	undefined
